specimen_date,data_as_of,target,pi_50,pi_5,pi_95,pi_2.5,pi_97.5,pi_25,pi_75,pi_17,pi_83,t_aggregation,prediction_end_date,model
2023-04-01,24,24,21,21,21,21,21,21,21,21,21,daily,2023-10-08,baselinenowcast
2023-04-02,23,23,18,18,18,18,18,18,18,18,18,daily,2023-10-08,baselinenowcast
2023-04-03,27,27,22,22,22,22,22,22,22,22,22,daily,2023-10-08,baselinenowcast
2023-04-04,44,44,35,35,35,35,35,35,35,35,35,daily,2023-10-08,baselinenowcast
2023-04-05,38,38,31,31,31,31,31,31,31,31,31,daily,2023-10-08,baselinenowcast
2023-04-06,33,33,28,28,28,28,28,28,28,28,28,daily,2023-10-08,baselinenowcast
2023-04-07,14,14,12,12,12,12,12,12,12,12,12,daily,2023-10-08,baselinenowcast
2023-04-08,26,26,20,20,20,20,20,20,20,20,20,daily,2023-10-08,baselinenowcast
2023-04-09,31,31,25,25,25,25,25,25,25,25,25,daily,2023-10-08,baselinenowcast
2023-04-10,17,17,12,12,12,12,12,12,12,12,12,daily,2023-10-08,baselinenowcast
2023-04-11,44,44,41,41,41,41,41,41,41,41,41,daily,2023-10-08,baselinenowcast
2023-04-12,32,32,27,27,27,27,27,27,27,27,27,daily,2023-10-08,baselinenowcast
2023-04-13,31,31,27,27,27,27,27,27,27,27,27,daily,2023-10-08,baselinenowcast
2023-04-14,27,27,20,20,20,20,20,20,20,20,20,daily,2023-10-08,baselinenowcast
2023-04-15,32,32,26,26,26,26,26,26,26,26,26,daily,2023-10-08,baselinenowcast
2023-04-16,17,17,12,12,12,12,12,12,12,12,12,daily,2023-10-08,baselinenowcast
2023-04-17,31,31,28,28,28,28,28,28,28,28,28,daily,2023-10-08,baselinenowcast
2023-04-18,23,23,17,17,17,17,17,17,17,17,17,daily,2023-10-08,baselinenowcast
2023-04-19,24,24,20,20,20,20,20,20,20,20,20,daily,2023-10-08,baselinenowcast
2023-04-20,16,16,12,12,12,12,12,12,12,12,12,daily,2023-10-08,baselinenowcast
2023-04-21,25,25,19,19,19,19,19,19,19,19,19,daily,2023-10-08,baselinenowcast
2023-04-22,8,8,8,8,8,8,8,8,8,8,8,daily,2023-10-08,baselinenowcast
2023-04-23,8,8,6,6,6,6,6,6,6,6,6,daily,2023-10-08,baselinenowcast
2023-04-24,14,14,14,14,14,14,14,14,14,14,14,daily,2023-10-08,baselinenowcast
2023-04-25,24,24,19,19,19,19,19,19,19,19,19,daily,2023-10-08,baselinenowcast
2023-04-26,26,26,23,23,23,23,23,23,23,23,23,daily,2023-10-08,baselinenowcast
2023-04-27,34,34,32,32,32,32,32,32,32,32,32,daily,2023-10-08,baselinenowcast
2023-04-28,20,20,12,12,12,12,12,12,12,12,12,daily,2023-10-08,baselinenowcast
2023-04-29,15,15,14,14,14,14,14,14,14,14,14,daily,2023-10-08,baselinenowcast
2023-04-30,20,20,15,15,15,15,15,15,15,15,15,daily,2023-10-08,baselinenowcast
2023-05-01,14,14,10,10,10,10,10,10,10,10,10,daily,2023-10-08,baselinenowcast
2023-05-02,25,25,14,14,14,14,14,14,14,14,14,daily,2023-10-08,baselinenowcast
2023-05-03,27,27,19,19,19,19,19,19,19,19,19,daily,2023-10-08,baselinenowcast
2023-05-04,42,42,29,29,29,29,29,29,29,29,29,daily,2023-10-08,baselinenowcast
2023-05-05,23,23,19,19,19,19,19,19,19,19,19,daily,2023-10-08,baselinenowcast
2023-05-06,13,13,11,11,11,11,11,11,11,11,11,daily,2023-10-08,baselinenowcast
2023-05-07,20,20,14,14,14,14,14,14,14,14,14,daily,2023-10-08,baselinenowcast
2023-05-08,16,16,13,13,13,13,13,13,13,13,13,daily,2023-10-08,baselinenowcast
2023-05-09,15,15,11,11,11,11,11,11,11,11,11,daily,2023-10-08,baselinenowcast
2023-05-10,26,26,21,21,21,21,21,21,21,21,21,daily,2023-10-08,baselinenowcast
2023-05-11,19,19,15,15,15,15,15,15,15,15,15,daily,2023-10-08,baselinenowcast
2023-05-12,21,21,15,15,15,15,15,15,15,15,15,daily,2023-10-08,baselinenowcast
2023-05-13,13,13,13,13,13,13,13,13,13,13,13,daily,2023-10-08,baselinenowcast
2023-05-14,24,24,10,10,10,10,10,10,10,10,10,daily,2023-10-08,baselinenowcast
2023-05-15,21,21,12,12,12,12,12,12,12,12,12,daily,2023-10-08,baselinenowcast
2023-05-16,23,23,19,19,19,19,19,19,19,19,19,daily,2023-10-08,baselinenowcast
2023-05-17,20,20,14,14,14,14,14,14,14,14,14,daily,2023-10-08,baselinenowcast
2023-05-18,23,23,12,12,12,12,12,12,12,12,12,daily,2023-10-08,baselinenowcast
2023-05-19,14,14,7,7,7,7,7,7,7,7,7,daily,2023-10-08,baselinenowcast
2023-05-20,12,12,7,7,7,7,7,7,7,7,7,daily,2023-10-08,baselinenowcast
2023-05-21,23,23,15,15,15,15,15,15,15,15,15,daily,2023-10-08,baselinenowcast
2023-05-22,18,18,12,12,12,12,12,12,12,12,12,daily,2023-10-08,baselinenowcast
2023-05-23,17,17,15,15,15,15,15,15,15,15,15,daily,2023-10-08,baselinenowcast
2023-05-24,22,22,12,12,12,12,12,12,12,12,12,daily,2023-10-08,baselinenowcast
2023-05-25,19,19,15,15,15,15,15,15,15,15,15,daily,2023-10-08,baselinenowcast
2023-05-26,20,20,16,16,16,16,16,16,16,16,16,daily,2023-10-08,baselinenowcast
2023-05-27,11,11,2,2,2,2,2,2,2,2,2,daily,2023-10-08,baselinenowcast
2023-05-28,6,6,6,6,6,6,6,6,6,6,6,daily,2023-10-08,baselinenowcast
2023-05-29,9,9,2,2,2,2,2,2,2,2,2,daily,2023-10-08,baselinenowcast
2023-05-30,26,26,21,21,21,21,21,21,21,21,21,daily,2023-10-08,baselinenowcast
2023-05-31,22,22,15,15,15,15,15,15,15,15,15,daily,2023-10-08,baselinenowcast
2023-06-01,18,18,8,8,8,8,8,8,8,8,8,daily,2023-10-08,baselinenowcast
2023-06-02,17,17,10,10,10,10,10,10,10,10,10,daily,2023-10-08,baselinenowcast
2023-06-03,10,10,6,6,6,6,6,6,6,6,6,daily,2023-10-08,baselinenowcast
2023-06-04,15,15,8,8,8,8,8,8,8,8,8,daily,2023-10-08,baselinenowcast
2023-06-05,22,22,17,17,17,17,17,17,17,17,17,daily,2023-10-08,baselinenowcast
2023-06-06,29,29,21,21,21,21,21,21,21,21,21,daily,2023-10-08,baselinenowcast
2023-06-07,27,27,22,22,22,22,22,22,22,22,22,daily,2023-10-08,baselinenowcast
2023-06-08,21,21,11,11,11,11,11,11,11,11,11,daily,2023-10-08,baselinenowcast
2023-06-09,7,7,2,2,2,2,2,2,2,2,2,daily,2023-10-08,baselinenowcast
2023-06-10,12,12,11,11,11,11,11,11,11,11,11,daily,2023-10-08,baselinenowcast
2023-06-11,7,7,2,2,2,2,2,2,2,2,2,daily,2023-10-08,baselinenowcast
2023-06-12,15,15,10,10,10,10,10,10,10,10,10,daily,2023-10-08,baselinenowcast
2023-06-13,17,17,15,15,15,15,15,15,15,15,15,daily,2023-10-08,baselinenowcast
2023-06-14,9,9,3,3,3,3,3,3,3,3,3,daily,2023-10-08,baselinenowcast
2023-06-15,22,22,9,9,9,9,9,9,9,9,9,daily,2023-10-08,baselinenowcast
2023-06-16,17,17,17,17,17,17,17,17,17,17,17,daily,2023-10-08,baselinenowcast
2023-06-17,12,12,10,10,10,10,10,10,10,10,10,daily,2023-10-08,baselinenowcast
2023-06-18,5,5,1,1,1,1,1,1,1,1,1,daily,2023-10-08,baselinenowcast
2023-06-19,16,16,11,11,11,11,11,11,11,11,11,daily,2023-10-08,baselinenowcast
2023-06-20,17,17,10,10,10,10,10,10,10,10,10,daily,2023-10-08,baselinenowcast
2023-06-21,15,15,12,12,12,12,12,12,12,12,12,daily,2023-10-08,baselinenowcast
2023-06-22,18,18,17,17,17,17,17,17,17,17,17,daily,2023-10-08,baselinenowcast
2023-06-23,10,10,7,7,7,7,7,7,7,7,7,daily,2023-10-08,baselinenowcast
2023-06-24,8,8,6,6,6,6,6,6,6,6,6,daily,2023-10-08,baselinenowcast
2023-06-25,15,15,6,6,6,6,6,6,6,6,6,daily,2023-10-08,baselinenowcast
2023-06-26,2,2,2,2,2,2,2,2,2,2,2,daily,2023-10-08,baselinenowcast
2023-06-27,11,11,10,10,10,10,10,10,10,10,10,daily,2023-10-08,baselinenowcast
2023-06-28,15,15,12,12,12,12,12,12,12,12,12,daily,2023-10-08,baselinenowcast
2023-06-29,12,12,9,9,9,9,9,9,9,9,9,daily,2023-10-08,baselinenowcast
2023-06-30,7,7,6,6,6,6,6,6,6,6,6,daily,2023-10-08,baselinenowcast
2023-07-01,4,4,1,1,1,1,1,1,1,1,1,daily,2023-10-08,baselinenowcast
2023-07-02,8,8,2,2,2,2,2,2,2,2,2,daily,2023-10-08,baselinenowcast
2023-07-03,23,23,13,13,13,13,13,13,13,13,13,daily,2023-10-08,baselinenowcast
2023-07-04,13,13,10,10,10,10,10,10,10,10,10,daily,2023-10-08,baselinenowcast
2023-07-05,19,19,17,17,17,17,17,17,17,17,17,daily,2023-10-08,baselinenowcast
2023-07-06,14,14,8,8,8,8,8,8,8,8,8,daily,2023-10-08,baselinenowcast
2023-07-07,15,15,12,12,12,12,12,12,12,12,12,daily,2023-10-08,baselinenowcast
2023-07-08,5,5,2,2,2,2,2,2,2,2,2,daily,2023-10-08,baselinenowcast
2023-07-09,5,5,3,3,3,3,3,3,3,3,3,daily,2023-10-08,baselinenowcast
2023-07-10,13,13,10,10,10,10,10,10,10,10,10,daily,2023-10-08,baselinenowcast
2023-07-11,13,13,10,10,10,10,10,10,10,10,10,daily,2023-10-08,baselinenowcast
2023-07-12,13,13,10,10,10,10,10,10,10,10,10,daily,2023-10-08,baselinenowcast
2023-07-13,18,18,14,14,14,14,14,14,14,14,14,daily,2023-10-08,baselinenowcast
2023-07-14,10,10,9,9,9,9,9,9,9,9,9,daily,2023-10-08,baselinenowcast
2023-07-15,9,9,7,7,7,7,7,7,7,7,7,daily,2023-10-08,baselinenowcast
2023-07-16,19,19,6,6,6,6,6,6,6,6,6,daily,2023-10-08,baselinenowcast
2023-07-17,9,9,6,6,6,6,6,6,6,6,6,daily,2023-10-08,baselinenowcast
2023-07-18,22,22,16,16,16,16,16,16,16,16,16,daily,2023-10-08,baselinenowcast
2023-07-19,17,17,11,11,11,11,11,11,11,11,11,daily,2023-10-08,baselinenowcast
2023-07-20,27,27,19,19,19,19,19,19,19,19,19,daily,2023-10-08,baselinenowcast
2023-07-21,15,15,5,5,5,5,5,5,5,5,5,daily,2023-10-08,baselinenowcast
2023-07-22,6,6,3,3,3,3,3,3,3,3,3,daily,2023-10-08,baselinenowcast
2023-07-23,10,10,5,5,5,5,5,5,5,5,5,daily,2023-10-08,baselinenowcast
2023-07-24,15,15,14,14,14,14,14,14,14,14,14,daily,2023-10-08,baselinenowcast
2023-07-25,23,23,16,16,16,16,16,16,16,16,16,daily,2023-10-08,baselinenowcast
2023-07-26,15,15,10,10,10,10,10,10,10,10,10,daily,2023-10-08,baselinenowcast
2023-07-27,25,25,13,13,13,13,13,13,13,13,13,daily,2023-10-08,baselinenowcast
2023-07-28,9,9,8,8,8,8,8,8,8,8,8,daily,2023-10-08,baselinenowcast
2023-07-29,8,8,4,4,4,4,4,4,4,4,4,daily,2023-10-08,baselinenowcast
2023-07-30,6,6,3,3,3,3,3,3,3,3,3,daily,2023-10-08,baselinenowcast
2023-07-31,14,14,8,8,8,8,8,8,8,8,8,daily,2023-10-08,baselinenowcast
2023-08-01,9,9,3,3,3,3,3,3,3,3,3,daily,2023-10-08,baselinenowcast
2023-08-02,12,12,8,8,8,8,8,8,8,8,8,daily,2023-10-08,baselinenowcast
2023-08-03,21,21,15,15,15,15,15,15,15,15,15,daily,2023-10-08,baselinenowcast
2023-08-04,2,2,2,2,2,2,2,2,2,2,2,daily,2023-10-08,baselinenowcast
2023-08-05,10,10,7,7,7,7,7,7,7,7,7,daily,2023-10-08,baselinenowcast
2023-08-06,5,5,3,3,3,3,3,3,3,3,3,daily,2023-10-08,baselinenowcast
2023-08-07,15,15,7,7,7,7,7,7,7,7,7,daily,2023-10-08,baselinenowcast
2023-08-08,26,26,20,20,20,20,20,20,20,20,20,daily,2023-10-08,baselinenowcast
2023-08-09,15,15,13,13,13,13,13,13,13,13,13,daily,2023-10-08,baselinenowcast
2023-08-10,14,14,7,7,7,7,7,7,7,7,7,daily,2023-10-08,baselinenowcast
2023-08-11,16,16,13,13,13,13,13,13,13,13,13,daily,2023-10-08,baselinenowcast
2023-08-12,8,8,5,5,5,5,5,5,5,5,5,daily,2023-10-08,baselinenowcast
2023-08-13,4,4,2,2,2,2,2,2,2,2,2,daily,2023-10-08,baselinenowcast
2023-08-14,22,22,14,14,14,14,14,14,14,14,14,daily,2023-10-08,baselinenowcast
2023-08-15,16,16,13,13,13,13,13,13,13,13,13,daily,2023-10-08,baselinenowcast
2023-08-16,8,8,6,6,6,6,6,6,6,6,6,daily,2023-10-08,baselinenowcast
2023-08-17,18,18,16,16,16,16,16,16,16,16,16,daily,2023-10-08,baselinenowcast
2023-08-18,17,17,14,14,14,14,14,14,14,14,14,daily,2023-10-08,baselinenowcast
2023-08-19,11,11,5,5,5,5,5,5,5,5,5,daily,2023-10-08,baselinenowcast
2023-08-20,7,7,2,2,2,2,2,2,2,2,2,daily,2023-10-08,baselinenowcast
2023-08-21,17,17,16,16,16,16,16,16,16,16,16,daily,2023-10-08,baselinenowcast
2023-08-22,11,11,7,7,7,7,7,7,7,7,7,daily,2023-10-08,baselinenowcast
2023-08-23,17,18,5,5,5,5,5,5,5,5,5,daily,2023-10-08,baselinenowcast
2023-08-24,10,10,7,7,7,7,7,7,7,7,7,daily,2023-10-08,baselinenowcast
2023-08-25,12,12,10,10,10,10,10,10,10,10,10,daily,2023-10-08,baselinenowcast
2023-08-26,15,15,13,13,13,13,13,13,13,13,13,daily,2023-10-08,baselinenowcast
2023-08-27,6,6,3,3,3,3,3,3,3,3,3,daily,2023-10-08,baselinenowcast
2023-08-28,3,3,2,2,2,2,2,2,2,2,2,daily,2023-10-08,baselinenowcast
2023-08-29,10,10,7,7,7,7,7,7,7,7,7,daily,2023-10-08,baselinenowcast
2023-08-30,17,17,15,15,15,15,15,15,15,15,15,daily,2023-10-08,baselinenowcast
2023-08-31,10,12,4,4,4,4,4,4,4,4,4,daily,2023-10-08,baselinenowcast
2023-09-01,7,8,3,3,3,3,3,3,3,3,3,daily,2023-10-08,baselinenowcast
2023-09-02,10,10,6,6,6,6,6,6,6,6,6,daily,2023-10-08,baselinenowcast
2023-09-03,3,7,1,1,1,1,1,1,1,1,1,daily,2023-10-08,baselinenowcast
2023-09-04,13,16,9,9,9,9,9,9,9,9,9,daily,2023-10-08,baselinenowcast
2023-09-05,8,9,5,5,5,5,5,5,5,5,5,daily,2023-10-08,baselinenowcast
2023-09-06,10,11,8,8,8,8,8,8,8,8,8,daily,2023-10-08,baselinenowcast
2023-09-07,9,15,3,3,3,3,3,3,3,3,3,daily,2023-10-08,baselinenowcast
2023-09-08,11,13,7,7,7,7,7,7,7,7,7,daily,2023-10-08,baselinenowcast
2023-09-09,12,13,10,10,10,10,10,10,10,10,10,daily,2023-10-08,baselinenowcast
2023-09-10,5,5,5,5,5,5,5,5,5,5,5,daily,2023-10-08,baselinenowcast
2023-09-11,14,18,11,11,11,11,11,11,11,11,11,daily,2023-10-08,baselinenowcast
2023-09-12,8,14,8,8,8,8,8,8,8,8,8,daily,2023-10-08,baselinenowcast
2023-09-13,9,11,7,7,7,7,7,7,7,7,7,daily,2023-10-08,baselinenowcast
2023-09-14,5,9,4,4,4,4,4,4,4,4,4,daily,2023-10-08,baselinenowcast
2023-09-15,6,17,6,6,6,6,6,6,6,6,6,daily,2023-10-08,baselinenowcast
2023-09-16,7,10,7,7,7,7,7,7,7,7,7,daily,2023-10-08,baselinenowcast
2023-09-17,4,4,4,4,4,4,4,4,4,4,4,daily,2023-10-08,baselinenowcast
2023-09-18,4,8,4,4,4,4,4,4,4,4,4,daily,2023-10-08,baselinenowcast
2023-09-19,12,13,11,11,11,11,11,11,11,11,11,daily,2023-10-08,baselinenowcast
2023-09-20,18,19,16,16,16,16,16,16,16,16,16,daily,2023-10-08,baselinenowcast
2023-09-21,2,8,2,2,2,2,2,2,2,2,2,daily,2023-10-08,baselinenowcast
2023-09-22,3,12,3,3,3,3,3,3,3,3,3,daily,2023-10-08,baselinenowcast
2023-09-23,10,11,10,10,10,10,10,10,10,10,10,daily,2023-10-08,baselinenowcast
2023-09-24,0,4,0,0,0,0,0,0,0,0,0,daily,2023-10-08,baselinenowcast
2023-09-25,2,4,2,2,3,2,3,2,2,2,2,daily,2023-10-08,baselinenowcast
2023-09-26,7,9,7,7,9,7,9,7,7,7,8,daily,2023-10-08,baselinenowcast
2023-09-27,3,6,3,3,4,3,4,3,3,3,3,daily,2023-10-08,baselinenowcast
2023-09-28,8,15,8,8,11,8,12,8,9,8,9,daily,2023-10-08,baselinenowcast
2023-09-29,3,7,3,3,4,3,5,3,3,3,4,daily,2023-10-08,baselinenowcast
2023-09-30,1,6,1,1,2,1,2,1,1,1,1,daily,2023-10-08,baselinenowcast
2023-10-01,0,7,0,0,0,0,0,0,0,0,0,daily,2023-10-08,baselinenowcast
2023-10-02,1,4,1,1,2,1,3,1,1,1,2,daily,2023-10-08,baselinenowcast
2023-10-03,5,6,6,5,10,5,10.024999999999977,5,7,5,7,daily,2023-10-08,baselinenowcast
2023-10-04,0,3,0,0,0,0,1,0,0,0,0,daily,2023-10-08,baselinenowcast
2023-10-05,4,10,5,4,11,4,12,4,7,4,8,daily,2023-10-08,baselinenowcast
2023-10-06,1,12,1,1,5,1,6,1,2,1,3,daily,2023-10-08,baselinenowcast
2023-10-07,1,3,4,1,17,1,20,2,7,1,9,daily,2023-10-08,baselinenowcast
2023-10-08,0,19,51.5,0,535.1499999999999,0,720.2249999999998,9,165,3.8300000000000125,238,daily,2023-10-08,baselinenowcast
2023-04-01,24,24,21,21,21,21,21,21,21,21,21,daily,2023-10-15,baselinenowcast
2023-04-02,23,23,18,18,18,18,18,18,18,18,18,daily,2023-10-15,baselinenowcast
2023-04-03,27,27,22,22,22,22,22,22,22,22,22,daily,2023-10-15,baselinenowcast
2023-04-04,44,44,35,35,35,35,35,35,35,35,35,daily,2023-10-15,baselinenowcast
2023-04-05,38,38,31,31,31,31,31,31,31,31,31,daily,2023-10-15,baselinenowcast
2023-04-06,33,33,28,28,28,28,28,28,28,28,28,daily,2023-10-15,baselinenowcast
2023-04-07,14,14,12,12,12,12,12,12,12,12,12,daily,2023-10-15,baselinenowcast
2023-04-08,26,26,20,20,20,20,20,20,20,20,20,daily,2023-10-15,baselinenowcast
2023-04-09,31,31,25,25,25,25,25,25,25,25,25,daily,2023-10-15,baselinenowcast
2023-04-10,17,17,12,12,12,12,12,12,12,12,12,daily,2023-10-15,baselinenowcast
2023-04-11,44,44,41,41,41,41,41,41,41,41,41,daily,2023-10-15,baselinenowcast
2023-04-12,32,32,27,27,27,27,27,27,27,27,27,daily,2023-10-15,baselinenowcast
2023-04-13,31,31,27,27,27,27,27,27,27,27,27,daily,2023-10-15,baselinenowcast
2023-04-14,27,27,20,20,20,20,20,20,20,20,20,daily,2023-10-15,baselinenowcast
2023-04-15,32,32,26,26,26,26,26,26,26,26,26,daily,2023-10-15,baselinenowcast
2023-04-16,17,17,12,12,12,12,12,12,12,12,12,daily,2023-10-15,baselinenowcast
2023-04-17,31,31,28,28,28,28,28,28,28,28,28,daily,2023-10-15,baselinenowcast
2023-04-18,23,23,17,17,17,17,17,17,17,17,17,daily,2023-10-15,baselinenowcast
2023-04-19,24,24,20,20,20,20,20,20,20,20,20,daily,2023-10-15,baselinenowcast
2023-04-20,16,16,12,12,12,12,12,12,12,12,12,daily,2023-10-15,baselinenowcast
2023-04-21,25,25,19,19,19,19,19,19,19,19,19,daily,2023-10-15,baselinenowcast
2023-04-22,8,8,8,8,8,8,8,8,8,8,8,daily,2023-10-15,baselinenowcast
2023-04-23,8,8,6,6,6,6,6,6,6,6,6,daily,2023-10-15,baselinenowcast
2023-04-24,14,14,14,14,14,14,14,14,14,14,14,daily,2023-10-15,baselinenowcast
2023-04-25,24,24,19,19,19,19,19,19,19,19,19,daily,2023-10-15,baselinenowcast
2023-04-26,26,26,23,23,23,23,23,23,23,23,23,daily,2023-10-15,baselinenowcast
2023-04-27,34,34,32,32,32,32,32,32,32,32,32,daily,2023-10-15,baselinenowcast
2023-04-28,20,20,12,12,12,12,12,12,12,12,12,daily,2023-10-15,baselinenowcast
2023-04-29,15,15,14,14,14,14,14,14,14,14,14,daily,2023-10-15,baselinenowcast
2023-04-30,20,20,15,15,15,15,15,15,15,15,15,daily,2023-10-15,baselinenowcast
2023-05-01,14,14,10,10,10,10,10,10,10,10,10,daily,2023-10-15,baselinenowcast
2023-05-02,25,25,14,14,14,14,14,14,14,14,14,daily,2023-10-15,baselinenowcast
2023-05-03,27,27,19,19,19,19,19,19,19,19,19,daily,2023-10-15,baselinenowcast
2023-05-04,42,42,29,29,29,29,29,29,29,29,29,daily,2023-10-15,baselinenowcast
2023-05-05,23,23,19,19,19,19,19,19,19,19,19,daily,2023-10-15,baselinenowcast
2023-05-06,13,13,11,11,11,11,11,11,11,11,11,daily,2023-10-15,baselinenowcast
2023-05-07,20,20,14,14,14,14,14,14,14,14,14,daily,2023-10-15,baselinenowcast
2023-05-08,16,16,13,13,13,13,13,13,13,13,13,daily,2023-10-15,baselinenowcast
2023-05-09,15,15,11,11,11,11,11,11,11,11,11,daily,2023-10-15,baselinenowcast
2023-05-10,26,26,21,21,21,21,21,21,21,21,21,daily,2023-10-15,baselinenowcast
2023-05-11,19,19,15,15,15,15,15,15,15,15,15,daily,2023-10-15,baselinenowcast
2023-05-12,21,21,15,15,15,15,15,15,15,15,15,daily,2023-10-15,baselinenowcast
2023-05-13,13,13,13,13,13,13,13,13,13,13,13,daily,2023-10-15,baselinenowcast
2023-05-14,24,24,10,10,10,10,10,10,10,10,10,daily,2023-10-15,baselinenowcast
2023-05-15,21,21,12,12,12,12,12,12,12,12,12,daily,2023-10-15,baselinenowcast
2023-05-16,23,23,19,19,19,19,19,19,19,19,19,daily,2023-10-15,baselinenowcast
2023-05-17,20,20,14,14,14,14,14,14,14,14,14,daily,2023-10-15,baselinenowcast
2023-05-18,23,23,12,12,12,12,12,12,12,12,12,daily,2023-10-15,baselinenowcast
2023-05-19,14,14,7,7,7,7,7,7,7,7,7,daily,2023-10-15,baselinenowcast
2023-05-20,12,12,7,7,7,7,7,7,7,7,7,daily,2023-10-15,baselinenowcast
2023-05-21,23,23,15,15,15,15,15,15,15,15,15,daily,2023-10-15,baselinenowcast
2023-05-22,18,18,12,12,12,12,12,12,12,12,12,daily,2023-10-15,baselinenowcast
2023-05-23,17,17,15,15,15,15,15,15,15,15,15,daily,2023-10-15,baselinenowcast
2023-05-24,22,22,12,12,12,12,12,12,12,12,12,daily,2023-10-15,baselinenowcast
2023-05-25,19,19,15,15,15,15,15,15,15,15,15,daily,2023-10-15,baselinenowcast
2023-05-26,20,20,16,16,16,16,16,16,16,16,16,daily,2023-10-15,baselinenowcast
2023-05-27,11,11,2,2,2,2,2,2,2,2,2,daily,2023-10-15,baselinenowcast
2023-05-28,6,6,6,6,6,6,6,6,6,6,6,daily,2023-10-15,baselinenowcast
2023-05-29,9,9,2,2,2,2,2,2,2,2,2,daily,2023-10-15,baselinenowcast
2023-05-30,26,26,21,21,21,21,21,21,21,21,21,daily,2023-10-15,baselinenowcast
2023-05-31,22,22,15,15,15,15,15,15,15,15,15,daily,2023-10-15,baselinenowcast
2023-06-01,18,18,8,8,8,8,8,8,8,8,8,daily,2023-10-15,baselinenowcast
2023-06-02,17,17,10,10,10,10,10,10,10,10,10,daily,2023-10-15,baselinenowcast
2023-06-03,10,10,6,6,6,6,6,6,6,6,6,daily,2023-10-15,baselinenowcast
2023-06-04,15,15,8,8,8,8,8,8,8,8,8,daily,2023-10-15,baselinenowcast
2023-06-05,22,22,17,17,17,17,17,17,17,17,17,daily,2023-10-15,baselinenowcast
2023-06-06,29,29,21,21,21,21,21,21,21,21,21,daily,2023-10-15,baselinenowcast
2023-06-07,27,27,22,22,22,22,22,22,22,22,22,daily,2023-10-15,baselinenowcast
2023-06-08,21,21,11,11,11,11,11,11,11,11,11,daily,2023-10-15,baselinenowcast
2023-06-09,7,7,2,2,2,2,2,2,2,2,2,daily,2023-10-15,baselinenowcast
2023-06-10,12,12,11,11,11,11,11,11,11,11,11,daily,2023-10-15,baselinenowcast
2023-06-11,7,7,2,2,2,2,2,2,2,2,2,daily,2023-10-15,baselinenowcast
2023-06-12,15,15,10,10,10,10,10,10,10,10,10,daily,2023-10-15,baselinenowcast
2023-06-13,17,17,15,15,15,15,15,15,15,15,15,daily,2023-10-15,baselinenowcast
2023-06-14,9,9,3,3,3,3,3,3,3,3,3,daily,2023-10-15,baselinenowcast
2023-06-15,22,22,9,9,9,9,9,9,9,9,9,daily,2023-10-15,baselinenowcast
2023-06-16,17,17,17,17,17,17,17,17,17,17,17,daily,2023-10-15,baselinenowcast
2023-06-17,12,12,10,10,10,10,10,10,10,10,10,daily,2023-10-15,baselinenowcast
2023-06-18,5,5,1,1,1,1,1,1,1,1,1,daily,2023-10-15,baselinenowcast
2023-06-19,16,16,11,11,11,11,11,11,11,11,11,daily,2023-10-15,baselinenowcast
2023-06-20,17,17,10,10,10,10,10,10,10,10,10,daily,2023-10-15,baselinenowcast
2023-06-21,15,15,12,12,12,12,12,12,12,12,12,daily,2023-10-15,baselinenowcast
2023-06-22,18,18,17,17,17,17,17,17,17,17,17,daily,2023-10-15,baselinenowcast
2023-06-23,10,10,7,7,7,7,7,7,7,7,7,daily,2023-10-15,baselinenowcast
2023-06-24,8,8,6,6,6,6,6,6,6,6,6,daily,2023-10-15,baselinenowcast
2023-06-25,15,15,6,6,6,6,6,6,6,6,6,daily,2023-10-15,baselinenowcast
2023-06-26,2,2,2,2,2,2,2,2,2,2,2,daily,2023-10-15,baselinenowcast
2023-06-27,11,11,10,10,10,10,10,10,10,10,10,daily,2023-10-15,baselinenowcast
2023-06-28,15,15,12,12,12,12,12,12,12,12,12,daily,2023-10-15,baselinenowcast
2023-06-29,12,12,9,9,9,9,9,9,9,9,9,daily,2023-10-15,baselinenowcast
2023-06-30,7,7,6,6,6,6,6,6,6,6,6,daily,2023-10-15,baselinenowcast
2023-07-01,4,4,1,1,1,1,1,1,1,1,1,daily,2023-10-15,baselinenowcast
2023-07-02,8,8,2,2,2,2,2,2,2,2,2,daily,2023-10-15,baselinenowcast
2023-07-03,23,23,13,13,13,13,13,13,13,13,13,daily,2023-10-15,baselinenowcast
2023-07-04,13,13,10,10,10,10,10,10,10,10,10,daily,2023-10-15,baselinenowcast
2023-07-05,19,19,17,17,17,17,17,17,17,17,17,daily,2023-10-15,baselinenowcast
2023-07-06,14,14,8,8,8,8,8,8,8,8,8,daily,2023-10-15,baselinenowcast
2023-07-07,15,15,12,12,12,12,12,12,12,12,12,daily,2023-10-15,baselinenowcast
2023-07-08,5,5,2,2,2,2,2,2,2,2,2,daily,2023-10-15,baselinenowcast
2023-07-09,5,5,3,3,3,3,3,3,3,3,3,daily,2023-10-15,baselinenowcast
2023-07-10,13,13,10,10,10,10,10,10,10,10,10,daily,2023-10-15,baselinenowcast
2023-07-11,13,13,10,10,10,10,10,10,10,10,10,daily,2023-10-15,baselinenowcast
2023-07-12,13,13,10,10,10,10,10,10,10,10,10,daily,2023-10-15,baselinenowcast
2023-07-13,18,18,14,14,14,14,14,14,14,14,14,daily,2023-10-15,baselinenowcast
2023-07-14,10,10,9,9,9,9,9,9,9,9,9,daily,2023-10-15,baselinenowcast
2023-07-15,9,9,7,7,7,7,7,7,7,7,7,daily,2023-10-15,baselinenowcast
2023-07-16,19,19,6,6,6,6,6,6,6,6,6,daily,2023-10-15,baselinenowcast
2023-07-17,9,9,6,6,6,6,6,6,6,6,6,daily,2023-10-15,baselinenowcast
2023-07-18,22,22,16,16,16,16,16,16,16,16,16,daily,2023-10-15,baselinenowcast
2023-07-19,17,17,11,11,11,11,11,11,11,11,11,daily,2023-10-15,baselinenowcast
2023-07-20,27,27,19,19,19,19,19,19,19,19,19,daily,2023-10-15,baselinenowcast
2023-07-21,15,15,5,5,5,5,5,5,5,5,5,daily,2023-10-15,baselinenowcast
2023-07-22,6,6,3,3,3,3,3,3,3,3,3,daily,2023-10-15,baselinenowcast
2023-07-23,10,10,5,5,5,5,5,5,5,5,5,daily,2023-10-15,baselinenowcast
2023-07-24,15,15,14,14,14,14,14,14,14,14,14,daily,2023-10-15,baselinenowcast
2023-07-25,23,23,16,16,16,16,16,16,16,16,16,daily,2023-10-15,baselinenowcast
2023-07-26,15,15,10,10,10,10,10,10,10,10,10,daily,2023-10-15,baselinenowcast
2023-07-27,25,25,13,13,13,13,13,13,13,13,13,daily,2023-10-15,baselinenowcast
2023-07-28,9,9,8,8,8,8,8,8,8,8,8,daily,2023-10-15,baselinenowcast
2023-07-29,8,8,4,4,4,4,4,4,4,4,4,daily,2023-10-15,baselinenowcast
2023-07-30,6,6,3,3,3,3,3,3,3,3,3,daily,2023-10-15,baselinenowcast
2023-07-31,14,14,8,8,8,8,8,8,8,8,8,daily,2023-10-15,baselinenowcast
2023-08-01,9,9,3,3,3,3,3,3,3,3,3,daily,2023-10-15,baselinenowcast
2023-08-02,12,12,8,8,8,8,8,8,8,8,8,daily,2023-10-15,baselinenowcast
2023-08-03,21,21,15,15,15,15,15,15,15,15,15,daily,2023-10-15,baselinenowcast
2023-08-04,2,2,2,2,2,2,2,2,2,2,2,daily,2023-10-15,baselinenowcast
2023-08-05,10,10,7,7,7,7,7,7,7,7,7,daily,2023-10-15,baselinenowcast
2023-08-06,5,5,3,3,3,3,3,3,3,3,3,daily,2023-10-15,baselinenowcast
2023-08-07,15,15,7,7,7,7,7,7,7,7,7,daily,2023-10-15,baselinenowcast
2023-08-08,26,26,20,20,20,20,20,20,20,20,20,daily,2023-10-15,baselinenowcast
2023-08-09,15,15,13,13,13,13,13,13,13,13,13,daily,2023-10-15,baselinenowcast
2023-08-10,14,14,7,7,7,7,7,7,7,7,7,daily,2023-10-15,baselinenowcast
2023-08-11,16,16,13,13,13,13,13,13,13,13,13,daily,2023-10-15,baselinenowcast
2023-08-12,8,8,5,5,5,5,5,5,5,5,5,daily,2023-10-15,baselinenowcast
2023-08-13,4,4,2,2,2,2,2,2,2,2,2,daily,2023-10-15,baselinenowcast
2023-08-14,22,22,14,14,14,14,14,14,14,14,14,daily,2023-10-15,baselinenowcast
2023-08-15,16,16,13,13,13,13,13,13,13,13,13,daily,2023-10-15,baselinenowcast
2023-08-16,8,8,6,6,6,6,6,6,6,6,6,daily,2023-10-15,baselinenowcast
2023-08-17,18,18,16,16,16,16,16,16,16,16,16,daily,2023-10-15,baselinenowcast
2023-08-18,17,17,14,14,14,14,14,14,14,14,14,daily,2023-10-15,baselinenowcast
2023-08-19,11,11,5,5,5,5,5,5,5,5,5,daily,2023-10-15,baselinenowcast
2023-08-20,7,7,2,2,2,2,2,2,2,2,2,daily,2023-10-15,baselinenowcast
2023-08-21,17,17,16,16,16,16,16,16,16,16,16,daily,2023-10-15,baselinenowcast
2023-08-22,11,11,7,7,7,7,7,7,7,7,7,daily,2023-10-15,baselinenowcast
2023-08-23,18,18,5,5,5,5,5,5,5,5,5,daily,2023-10-15,baselinenowcast
2023-08-24,10,10,7,7,7,7,7,7,7,7,7,daily,2023-10-15,baselinenowcast
2023-08-25,12,12,10,10,10,10,10,10,10,10,10,daily,2023-10-15,baselinenowcast
2023-08-26,15,15,13,13,13,13,13,13,13,13,13,daily,2023-10-15,baselinenowcast
2023-08-27,6,6,3,3,3,3,3,3,3,3,3,daily,2023-10-15,baselinenowcast
2023-08-28,3,3,2,2,2,2,2,2,2,2,2,daily,2023-10-15,baselinenowcast
2023-08-29,10,10,7,7,7,7,7,7,7,7,7,daily,2023-10-15,baselinenowcast
2023-08-30,17,17,15,15,15,15,15,15,15,15,15,daily,2023-10-15,baselinenowcast
2023-08-31,12,12,4,4,4,4,4,4,4,4,4,daily,2023-10-15,baselinenowcast
2023-09-01,8,8,3,3,3,3,3,3,3,3,3,daily,2023-10-15,baselinenowcast
2023-09-02,10,10,6,6,6,6,6,6,6,6,6,daily,2023-10-15,baselinenowcast
2023-09-03,4,7,1,1,1,1,1,1,1,1,1,daily,2023-10-15,baselinenowcast
2023-09-04,13,16,9,9,9,9,9,9,9,9,9,daily,2023-10-15,baselinenowcast
2023-09-05,9,9,5,5,5,5,5,5,5,5,5,daily,2023-10-15,baselinenowcast
2023-09-06,10,11,8,8,8,8,8,8,8,8,8,daily,2023-10-15,baselinenowcast
2023-09-07,11,15,3,3,3,3,3,3,3,3,3,daily,2023-10-15,baselinenowcast
2023-09-08,12,13,7,7,7,7,7,7,7,7,7,daily,2023-10-15,baselinenowcast
2023-09-09,12,13,10,10,10,10,10,10,10,10,10,daily,2023-10-15,baselinenowcast
2023-09-10,5,5,5,5,5,5,5,5,5,5,5,daily,2023-10-15,baselinenowcast
2023-09-11,16,18,11,11,11,11,11,11,11,11,11,daily,2023-10-15,baselinenowcast
2023-09-12,11,14,8,8,8,8,8,8,8,8,8,daily,2023-10-15,baselinenowcast
2023-09-13,9,11,7,7,7,7,7,7,7,7,7,daily,2023-10-15,baselinenowcast
2023-09-14,6,9,4,4,4,4,4,4,4,4,4,daily,2023-10-15,baselinenowcast
2023-09-15,9,17,6,6,6,6,6,6,6,6,6,daily,2023-10-15,baselinenowcast
2023-09-16,7,10,7,7,7,7,7,7,7,7,7,daily,2023-10-15,baselinenowcast
2023-09-17,4,4,4,4,4,4,4,4,4,4,4,daily,2023-10-15,baselinenowcast
2023-09-18,5,8,4,4,4,4,4,4,4,4,4,daily,2023-10-15,baselinenowcast
2023-09-19,13,13,11,11,11,11,11,11,11,11,11,daily,2023-10-15,baselinenowcast
2023-09-20,18,19,16,16,16,16,16,16,16,16,16,daily,2023-10-15,baselinenowcast
2023-09-21,3,8,2,2,2,2,2,2,2,2,2,daily,2023-10-15,baselinenowcast
2023-09-22,4,12,3,3,3,3,3,3,3,3,3,daily,2023-10-15,baselinenowcast
2023-09-23,10,11,10,10,10,10,10,10,10,10,10,daily,2023-10-15,baselinenowcast
2023-09-24,0,4,0,0,0,0,0,0,0,0,0,daily,2023-10-15,baselinenowcast
2023-09-25,2,4,2,2,2,2,2,2,2,2,2,daily,2023-10-15,baselinenowcast
2023-09-26,7,9,7,7,7,7,7,7,7,7,7,daily,2023-10-15,baselinenowcast
2023-09-27,3,6,3,3,3,3,3,3,3,3,3,daily,2023-10-15,baselinenowcast
2023-09-28,10,15,9,9,9,9,9,9,9,9,9,daily,2023-10-15,baselinenowcast
2023-09-29,5,7,4,4,4,4,4,4,4,4,4,daily,2023-10-15,baselinenowcast
2023-09-30,3,6,3,3,3,3,3,3,3,3,3,daily,2023-10-15,baselinenowcast
2023-10-01,0,7,0,0,0,0,0,0,0,0,0,daily,2023-10-15,baselinenowcast
2023-10-02,2,4,2,2,3,2,4,2,2,2,2,daily,2023-10-15,baselinenowcast
2023-10-03,5,6,5,5,7,5,8,5,6,5,6,daily,2023-10-15,baselinenowcast
2023-10-04,0,3,0,0,0,0,0,0,0,0,0,daily,2023-10-15,baselinenowcast
2023-10-05,6,10,6,6,10,6,11,6,7,6,8,daily,2023-10-15,baselinenowcast
2023-10-06,3,12,3,3,5,3,6,3,4,3,4,daily,2023-10-15,baselinenowcast
2023-10-07,1,3,1,1,2,1,3,1,1,1,1,daily,2023-10-15,baselinenowcast
2023-10-08,8,19,9,8,16,8,17.024999999999977,8,11,8,12,daily,2023-10-15,baselinenowcast
2023-10-09,8,21,10,8,15,8,17,9,11,8,12,daily,2023-10-15,baselinenowcast
2023-10-10,1,8,1,1,3,1,4,1,2,1,2,daily,2023-10-15,baselinenowcast
2023-10-11,0,9,0,0,1,0,1,0,0,0,0,daily,2023-10-15,baselinenowcast
2023-10-12,4,15,5,4,11,4,12,4,7,4,8,daily,2023-10-15,baselinenowcast
2023-10-13,7,17,10,7,30,7,37,8,16,7,20,daily,2023-10-15,baselinenowcast
2023-10-14,0,5,1,0,6,0,8,0,3,0,4,daily,2023-10-15,baselinenowcast
2023-10-15,0,14,30,0,563.2499999999998,0,767.0749999999999,2,134.25,0,226.16999999999996,daily,2023-10-15,baselinenowcast
2023-04-01,24,24,21,21,21,21,21,21,21,21,21,daily,2023-10-22,baselinenowcast
2023-04-02,23,23,18,18,18,18,18,18,18,18,18,daily,2023-10-22,baselinenowcast
2023-04-03,27,27,22,22,22,22,22,22,22,22,22,daily,2023-10-22,baselinenowcast
2023-04-04,44,44,35,35,35,35,35,35,35,35,35,daily,2023-10-22,baselinenowcast
2023-04-05,38,38,31,31,31,31,31,31,31,31,31,daily,2023-10-22,baselinenowcast
2023-04-06,33,33,28,28,28,28,28,28,28,28,28,daily,2023-10-22,baselinenowcast
2023-04-07,14,14,12,12,12,12,12,12,12,12,12,daily,2023-10-22,baselinenowcast
2023-04-08,26,26,20,20,20,20,20,20,20,20,20,daily,2023-10-22,baselinenowcast
2023-04-09,31,31,25,25,25,25,25,25,25,25,25,daily,2023-10-22,baselinenowcast
2023-04-10,17,17,12,12,12,12,12,12,12,12,12,daily,2023-10-22,baselinenowcast
2023-04-11,44,44,41,41,41,41,41,41,41,41,41,daily,2023-10-22,baselinenowcast
2023-04-12,32,32,27,27,27,27,27,27,27,27,27,daily,2023-10-22,baselinenowcast
2023-04-13,31,31,27,27,27,27,27,27,27,27,27,daily,2023-10-22,baselinenowcast
2023-04-14,27,27,20,20,20,20,20,20,20,20,20,daily,2023-10-22,baselinenowcast
2023-04-15,32,32,26,26,26,26,26,26,26,26,26,daily,2023-10-22,baselinenowcast
2023-04-16,17,17,12,12,12,12,12,12,12,12,12,daily,2023-10-22,baselinenowcast
2023-04-17,31,31,28,28,28,28,28,28,28,28,28,daily,2023-10-22,baselinenowcast
2023-04-18,23,23,17,17,17,17,17,17,17,17,17,daily,2023-10-22,baselinenowcast
2023-04-19,24,24,20,20,20,20,20,20,20,20,20,daily,2023-10-22,baselinenowcast
2023-04-20,16,16,12,12,12,12,12,12,12,12,12,daily,2023-10-22,baselinenowcast
2023-04-21,25,25,19,19,19,19,19,19,19,19,19,daily,2023-10-22,baselinenowcast
2023-04-22,8,8,8,8,8,8,8,8,8,8,8,daily,2023-10-22,baselinenowcast
2023-04-23,8,8,6,6,6,6,6,6,6,6,6,daily,2023-10-22,baselinenowcast
2023-04-24,14,14,14,14,14,14,14,14,14,14,14,daily,2023-10-22,baselinenowcast
2023-04-25,24,24,19,19,19,19,19,19,19,19,19,daily,2023-10-22,baselinenowcast
2023-04-26,26,26,23,23,23,23,23,23,23,23,23,daily,2023-10-22,baselinenowcast
2023-04-27,34,34,32,32,32,32,32,32,32,32,32,daily,2023-10-22,baselinenowcast
2023-04-28,20,20,12,12,12,12,12,12,12,12,12,daily,2023-10-22,baselinenowcast
2023-04-29,15,15,14,14,14,14,14,14,14,14,14,daily,2023-10-22,baselinenowcast
2023-04-30,20,20,15,15,15,15,15,15,15,15,15,daily,2023-10-22,baselinenowcast
2023-05-01,14,14,10,10,10,10,10,10,10,10,10,daily,2023-10-22,baselinenowcast
2023-05-02,25,25,14,14,14,14,14,14,14,14,14,daily,2023-10-22,baselinenowcast
2023-05-03,27,27,19,19,19,19,19,19,19,19,19,daily,2023-10-22,baselinenowcast
2023-05-04,42,42,29,29,29,29,29,29,29,29,29,daily,2023-10-22,baselinenowcast
2023-05-05,23,23,19,19,19,19,19,19,19,19,19,daily,2023-10-22,baselinenowcast
2023-05-06,13,13,11,11,11,11,11,11,11,11,11,daily,2023-10-22,baselinenowcast
2023-05-07,20,20,14,14,14,14,14,14,14,14,14,daily,2023-10-22,baselinenowcast
2023-05-08,16,16,13,13,13,13,13,13,13,13,13,daily,2023-10-22,baselinenowcast
2023-05-09,15,15,11,11,11,11,11,11,11,11,11,daily,2023-10-22,baselinenowcast
2023-05-10,26,26,21,21,21,21,21,21,21,21,21,daily,2023-10-22,baselinenowcast
2023-05-11,19,19,15,15,15,15,15,15,15,15,15,daily,2023-10-22,baselinenowcast
2023-05-12,21,21,15,15,15,15,15,15,15,15,15,daily,2023-10-22,baselinenowcast
2023-05-13,13,13,13,13,13,13,13,13,13,13,13,daily,2023-10-22,baselinenowcast
2023-05-14,24,24,10,10,10,10,10,10,10,10,10,daily,2023-10-22,baselinenowcast
2023-05-15,21,21,12,12,12,12,12,12,12,12,12,daily,2023-10-22,baselinenowcast
2023-05-16,23,23,19,19,19,19,19,19,19,19,19,daily,2023-10-22,baselinenowcast
2023-05-17,20,20,14,14,14,14,14,14,14,14,14,daily,2023-10-22,baselinenowcast
2023-05-18,23,23,12,12,12,12,12,12,12,12,12,daily,2023-10-22,baselinenowcast
2023-05-19,14,14,7,7,7,7,7,7,7,7,7,daily,2023-10-22,baselinenowcast
2023-05-20,12,12,7,7,7,7,7,7,7,7,7,daily,2023-10-22,baselinenowcast
2023-05-21,23,23,15,15,15,15,15,15,15,15,15,daily,2023-10-22,baselinenowcast
2023-05-22,18,18,12,12,12,12,12,12,12,12,12,daily,2023-10-22,baselinenowcast
2023-05-23,17,17,15,15,15,15,15,15,15,15,15,daily,2023-10-22,baselinenowcast
2023-05-24,22,22,12,12,12,12,12,12,12,12,12,daily,2023-10-22,baselinenowcast
2023-05-25,19,19,15,15,15,15,15,15,15,15,15,daily,2023-10-22,baselinenowcast
2023-05-26,20,20,16,16,16,16,16,16,16,16,16,daily,2023-10-22,baselinenowcast
2023-05-27,11,11,2,2,2,2,2,2,2,2,2,daily,2023-10-22,baselinenowcast
2023-05-28,6,6,6,6,6,6,6,6,6,6,6,daily,2023-10-22,baselinenowcast
2023-05-29,9,9,2,2,2,2,2,2,2,2,2,daily,2023-10-22,baselinenowcast
2023-05-30,26,26,21,21,21,21,21,21,21,21,21,daily,2023-10-22,baselinenowcast
2023-05-31,22,22,15,15,15,15,15,15,15,15,15,daily,2023-10-22,baselinenowcast
2023-06-01,18,18,8,8,8,8,8,8,8,8,8,daily,2023-10-22,baselinenowcast
2023-06-02,17,17,10,10,10,10,10,10,10,10,10,daily,2023-10-22,baselinenowcast
2023-06-03,10,10,6,6,6,6,6,6,6,6,6,daily,2023-10-22,baselinenowcast
2023-06-04,15,15,8,8,8,8,8,8,8,8,8,daily,2023-10-22,baselinenowcast
2023-06-05,22,22,17,17,17,17,17,17,17,17,17,daily,2023-10-22,baselinenowcast
2023-06-06,29,29,21,21,21,21,21,21,21,21,21,daily,2023-10-22,baselinenowcast
2023-06-07,27,27,22,22,22,22,22,22,22,22,22,daily,2023-10-22,baselinenowcast
2023-06-08,21,21,11,11,11,11,11,11,11,11,11,daily,2023-10-22,baselinenowcast
2023-06-09,7,7,2,2,2,2,2,2,2,2,2,daily,2023-10-22,baselinenowcast
2023-06-10,12,12,11,11,11,11,11,11,11,11,11,daily,2023-10-22,baselinenowcast
2023-06-11,7,7,2,2,2,2,2,2,2,2,2,daily,2023-10-22,baselinenowcast
2023-06-12,15,15,10,10,10,10,10,10,10,10,10,daily,2023-10-22,baselinenowcast
2023-06-13,17,17,15,15,15,15,15,15,15,15,15,daily,2023-10-22,baselinenowcast
2023-06-14,9,9,3,3,3,3,3,3,3,3,3,daily,2023-10-22,baselinenowcast
2023-06-15,22,22,9,9,9,9,9,9,9,9,9,daily,2023-10-22,baselinenowcast
2023-06-16,17,17,17,17,17,17,17,17,17,17,17,daily,2023-10-22,baselinenowcast
2023-06-17,12,12,10,10,10,10,10,10,10,10,10,daily,2023-10-22,baselinenowcast
2023-06-18,5,5,1,1,1,1,1,1,1,1,1,daily,2023-10-22,baselinenowcast
2023-06-19,16,16,11,11,11,11,11,11,11,11,11,daily,2023-10-22,baselinenowcast
2023-06-20,17,17,10,10,10,10,10,10,10,10,10,daily,2023-10-22,baselinenowcast
2023-06-21,15,15,12,12,12,12,12,12,12,12,12,daily,2023-10-22,baselinenowcast
2023-06-22,18,18,17,17,17,17,17,17,17,17,17,daily,2023-10-22,baselinenowcast
2023-06-23,10,10,7,7,7,7,7,7,7,7,7,daily,2023-10-22,baselinenowcast
2023-06-24,8,8,6,6,6,6,6,6,6,6,6,daily,2023-10-22,baselinenowcast
2023-06-25,15,15,6,6,6,6,6,6,6,6,6,daily,2023-10-22,baselinenowcast
2023-06-26,2,2,2,2,2,2,2,2,2,2,2,daily,2023-10-22,baselinenowcast
2023-06-27,11,11,10,10,10,10,10,10,10,10,10,daily,2023-10-22,baselinenowcast
2023-06-28,15,15,12,12,12,12,12,12,12,12,12,daily,2023-10-22,baselinenowcast
2023-06-29,12,12,9,9,9,9,9,9,9,9,9,daily,2023-10-22,baselinenowcast
2023-06-30,7,7,6,6,6,6,6,6,6,6,6,daily,2023-10-22,baselinenowcast
2023-07-01,4,4,1,1,1,1,1,1,1,1,1,daily,2023-10-22,baselinenowcast
2023-07-02,8,8,2,2,2,2,2,2,2,2,2,daily,2023-10-22,baselinenowcast
2023-07-03,23,23,13,13,13,13,13,13,13,13,13,daily,2023-10-22,baselinenowcast
2023-07-04,13,13,10,10,10,10,10,10,10,10,10,daily,2023-10-22,baselinenowcast
2023-07-05,19,19,17,17,17,17,17,17,17,17,17,daily,2023-10-22,baselinenowcast
2023-07-06,14,14,8,8,8,8,8,8,8,8,8,daily,2023-10-22,baselinenowcast
2023-07-07,15,15,12,12,12,12,12,12,12,12,12,daily,2023-10-22,baselinenowcast
2023-07-08,5,5,2,2,2,2,2,2,2,2,2,daily,2023-10-22,baselinenowcast
2023-07-09,5,5,3,3,3,3,3,3,3,3,3,daily,2023-10-22,baselinenowcast
2023-07-10,13,13,10,10,10,10,10,10,10,10,10,daily,2023-10-22,baselinenowcast
2023-07-11,13,13,10,10,10,10,10,10,10,10,10,daily,2023-10-22,baselinenowcast
2023-07-12,13,13,10,10,10,10,10,10,10,10,10,daily,2023-10-22,baselinenowcast
2023-07-13,18,18,14,14,14,14,14,14,14,14,14,daily,2023-10-22,baselinenowcast
2023-07-14,10,10,9,9,9,9,9,9,9,9,9,daily,2023-10-22,baselinenowcast
2023-07-15,9,9,7,7,7,7,7,7,7,7,7,daily,2023-10-22,baselinenowcast
2023-07-16,19,19,6,6,6,6,6,6,6,6,6,daily,2023-10-22,baselinenowcast
2023-07-17,9,9,6,6,6,6,6,6,6,6,6,daily,2023-10-22,baselinenowcast
2023-07-18,22,22,16,16,16,16,16,16,16,16,16,daily,2023-10-22,baselinenowcast
2023-07-19,17,17,11,11,11,11,11,11,11,11,11,daily,2023-10-22,baselinenowcast
2023-07-20,27,27,19,19,19,19,19,19,19,19,19,daily,2023-10-22,baselinenowcast
2023-07-21,15,15,5,5,5,5,5,5,5,5,5,daily,2023-10-22,baselinenowcast
2023-07-22,6,6,3,3,3,3,3,3,3,3,3,daily,2023-10-22,baselinenowcast
2023-07-23,10,10,5,5,5,5,5,5,5,5,5,daily,2023-10-22,baselinenowcast
2023-07-24,15,15,14,14,14,14,14,14,14,14,14,daily,2023-10-22,baselinenowcast
2023-07-25,23,23,16,16,16,16,16,16,16,16,16,daily,2023-10-22,baselinenowcast
2023-07-26,15,15,10,10,10,10,10,10,10,10,10,daily,2023-10-22,baselinenowcast
2023-07-27,25,25,13,13,13,13,13,13,13,13,13,daily,2023-10-22,baselinenowcast
2023-07-28,9,9,8,8,8,8,8,8,8,8,8,daily,2023-10-22,baselinenowcast
2023-07-29,8,8,4,4,4,4,4,4,4,4,4,daily,2023-10-22,baselinenowcast
2023-07-30,6,6,3,3,3,3,3,3,3,3,3,daily,2023-10-22,baselinenowcast
2023-07-31,14,14,8,8,8,8,8,8,8,8,8,daily,2023-10-22,baselinenowcast
2023-08-01,9,9,3,3,3,3,3,3,3,3,3,daily,2023-10-22,baselinenowcast
2023-08-02,12,12,8,8,8,8,8,8,8,8,8,daily,2023-10-22,baselinenowcast
2023-08-03,21,21,15,15,15,15,15,15,15,15,15,daily,2023-10-22,baselinenowcast
2023-08-04,2,2,2,2,2,2,2,2,2,2,2,daily,2023-10-22,baselinenowcast
2023-08-05,10,10,7,7,7,7,7,7,7,7,7,daily,2023-10-22,baselinenowcast
2023-08-06,5,5,3,3,3,3,3,3,3,3,3,daily,2023-10-22,baselinenowcast
2023-08-07,15,15,7,7,7,7,7,7,7,7,7,daily,2023-10-22,baselinenowcast
2023-08-08,26,26,20,20,20,20,20,20,20,20,20,daily,2023-10-22,baselinenowcast
2023-08-09,15,15,13,13,13,13,13,13,13,13,13,daily,2023-10-22,baselinenowcast
2023-08-10,14,14,7,7,7,7,7,7,7,7,7,daily,2023-10-22,baselinenowcast
2023-08-11,16,16,13,13,13,13,13,13,13,13,13,daily,2023-10-22,baselinenowcast
2023-08-12,8,8,5,5,5,5,5,5,5,5,5,daily,2023-10-22,baselinenowcast
2023-08-13,4,4,2,2,2,2,2,2,2,2,2,daily,2023-10-22,baselinenowcast
2023-08-14,22,22,14,14,14,14,14,14,14,14,14,daily,2023-10-22,baselinenowcast
2023-08-15,16,16,13,13,13,13,13,13,13,13,13,daily,2023-10-22,baselinenowcast
2023-08-16,8,8,6,6,6,6,6,6,6,6,6,daily,2023-10-22,baselinenowcast
2023-08-17,18,18,16,16,16,16,16,16,16,16,16,daily,2023-10-22,baselinenowcast
2023-08-18,17,17,14,14,14,14,14,14,14,14,14,daily,2023-10-22,baselinenowcast
2023-08-19,11,11,5,5,5,5,5,5,5,5,5,daily,2023-10-22,baselinenowcast
2023-08-20,7,7,2,2,2,2,2,2,2,2,2,daily,2023-10-22,baselinenowcast
2023-08-21,17,17,16,16,16,16,16,16,16,16,16,daily,2023-10-22,baselinenowcast
2023-08-22,11,11,7,7,7,7,7,7,7,7,7,daily,2023-10-22,baselinenowcast
2023-08-23,18,18,5,5,5,5,5,5,5,5,5,daily,2023-10-22,baselinenowcast
2023-08-24,10,10,7,7,7,7,7,7,7,7,7,daily,2023-10-22,baselinenowcast
2023-08-25,12,12,10,10,10,10,10,10,10,10,10,daily,2023-10-22,baselinenowcast
2023-08-26,15,15,13,13,13,13,13,13,13,13,13,daily,2023-10-22,baselinenowcast
2023-08-27,6,6,3,3,3,3,3,3,3,3,3,daily,2023-10-22,baselinenowcast
2023-08-28,3,3,2,2,2,2,2,2,2,2,2,daily,2023-10-22,baselinenowcast
2023-08-29,10,10,7,7,7,7,7,7,7,7,7,daily,2023-10-22,baselinenowcast
2023-08-30,17,17,15,15,15,15,15,15,15,15,15,daily,2023-10-22,baselinenowcast
2023-08-31,12,12,4,4,4,4,4,4,4,4,4,daily,2023-10-22,baselinenowcast
2023-09-01,8,8,3,3,3,3,3,3,3,3,3,daily,2023-10-22,baselinenowcast
2023-09-02,10,10,6,6,6,6,6,6,6,6,6,daily,2023-10-22,baselinenowcast
2023-09-03,7,7,1,1,1,1,1,1,1,1,1,daily,2023-10-22,baselinenowcast
2023-09-04,15,16,9,9,9,9,9,9,9,9,9,daily,2023-10-22,baselinenowcast
2023-09-05,9,9,5,5,5,5,5,5,5,5,5,daily,2023-10-22,baselinenowcast
2023-09-06,11,11,8,8,8,8,8,8,8,8,8,daily,2023-10-22,baselinenowcast
2023-09-07,12,15,3,3,3,3,3,3,3,3,3,daily,2023-10-22,baselinenowcast
2023-09-08,13,13,7,7,7,7,7,7,7,7,7,daily,2023-10-22,baselinenowcast
2023-09-09,12,13,10,10,10,10,10,10,10,10,10,daily,2023-10-22,baselinenowcast
2023-09-10,5,5,5,5,5,5,5,5,5,5,5,daily,2023-10-22,baselinenowcast
2023-09-11,16,18,11,11,11,11,11,11,11,11,11,daily,2023-10-22,baselinenowcast
2023-09-12,14,14,8,8,8,8,8,8,8,8,8,daily,2023-10-22,baselinenowcast
2023-09-13,9,11,7,7,7,7,7,7,7,7,7,daily,2023-10-22,baselinenowcast
2023-09-14,6,9,4,4,4,4,4,4,4,4,4,daily,2023-10-22,baselinenowcast
2023-09-15,13,17,6,6,6,6,6,6,6,6,6,daily,2023-10-22,baselinenowcast
2023-09-16,8,10,7,7,7,7,7,7,7,7,7,daily,2023-10-22,baselinenowcast
2023-09-17,4,4,4,4,4,4,4,4,4,4,4,daily,2023-10-22,baselinenowcast
2023-09-18,7,8,4,4,4,4,4,4,4,4,4,daily,2023-10-22,baselinenowcast
2023-09-19,13,13,11,11,11,11,11,11,11,11,11,daily,2023-10-22,baselinenowcast
2023-09-20,18,19,16,16,16,16,16,16,16,16,16,daily,2023-10-22,baselinenowcast
2023-09-21,3,8,2,2,2,2,2,2,2,2,2,daily,2023-10-22,baselinenowcast
2023-09-22,4,12,3,3,3,3,3,3,3,3,3,daily,2023-10-22,baselinenowcast
2023-09-23,10,11,10,10,10,10,10,10,10,10,10,daily,2023-10-22,baselinenowcast
2023-09-24,0,4,0,0,0,0,0,0,0,0,0,daily,2023-10-22,baselinenowcast
2023-09-25,2,4,2,2,2,2,2,2,2,2,2,daily,2023-10-22,baselinenowcast
2023-09-26,7,9,7,7,7,7,7,7,7,7,7,daily,2023-10-22,baselinenowcast
2023-09-27,5,6,3,3,3,3,3,3,3,3,3,daily,2023-10-22,baselinenowcast
2023-09-28,11,15,9,9,9,9,9,9,9,9,9,daily,2023-10-22,baselinenowcast
2023-09-29,5,7,4,4,4,4,4,4,4,4,4,daily,2023-10-22,baselinenowcast
2023-09-30,4,6,3,3,3,3,3,3,3,3,3,daily,2023-10-22,baselinenowcast
2023-10-01,3,7,0,0,0,0,0,0,0,0,0,daily,2023-10-22,baselinenowcast
2023-10-02,2,4,2,2,2,2,2,2,2,2,2,daily,2023-10-22,baselinenowcast
2023-10-03,5,6,5,5,5,5,5,5,5,5,5,daily,2023-10-22,baselinenowcast
2023-10-04,0,3,0,0,0,0,0,0,0,0,0,daily,2023-10-22,baselinenowcast
2023-10-05,7,10,6,6,6,6,6,6,6,6,6,daily,2023-10-22,baselinenowcast
2023-10-06,3,12,3,3,3,3,3,3,3,3,3,daily,2023-10-22,baselinenowcast
2023-10-07,1,3,1,1,1,1,1,1,1,1,1,daily,2023-10-22,baselinenowcast
2023-10-08,8,19,8,8,8,8,8,8,8,8,8,daily,2023-10-22,baselinenowcast
2023-10-09,9,21,9,9,10,9,11,9,9,9,9,daily,2023-10-22,baselinenowcast
2023-10-10,4,8,4,4,5,4,6,4,4,4,4,daily,2023-10-22,baselinenowcast
2023-10-11,5,9,5,5,7,5,9,5,5,5,5.169999999999959,daily,2023-10-22,baselinenowcast
2023-10-12,6,15,6,6,9,6,10,6,7,6,7,daily,2023-10-22,baselinenowcast
2023-10-13,9,17,9,9,13,9,14,9,10,9,11,daily,2023-10-22,baselinenowcast
2023-10-14,3,5,3,3,6,3,7,3,4,3,4,daily,2023-10-22,baselinenowcast
2023-10-15,6,14,6,6,11,6,12,6,8,6,8,daily,2023-10-22,baselinenowcast
2023-10-16,5,14,6,5,10,5,11,5,7,5,8,daily,2023-10-22,baselinenowcast
2023-10-17,11,17,15,11,23,11,25,13,18,12,19,daily,2023-10-22,baselinenowcast
2023-10-18,7,17,9,7,19,7,22,7,12,7,14,daily,2023-10-22,baselinenowcast
2023-10-19,6,16,8,6,20,6,24,7,11,6,13,daily,2023-10-22,baselinenowcast
2023-10-20,5,18,7,5,29,5,33.02499999999998,5,13,5,16,daily,2023-10-22,baselinenowcast
2023-10-21,0,14,2,0,8,0,10,0,3,0,4,daily,2023-10-22,baselinenowcast
2023-10-22,0,7,17,0,301,0,417.0999999999999,1.75,75,0,120,daily,2023-10-22,baselinenowcast
2023-04-01,24,24,21,21,21,21,21,21,21,21,21,daily,2023-10-29,baselinenowcast
2023-04-02,23,23,18,18,18,18,18,18,18,18,18,daily,2023-10-29,baselinenowcast
2023-04-03,27,27,22,22,22,22,22,22,22,22,22,daily,2023-10-29,baselinenowcast
2023-04-04,44,44,35,35,35,35,35,35,35,35,35,daily,2023-10-29,baselinenowcast
2023-04-05,38,38,31,31,31,31,31,31,31,31,31,daily,2023-10-29,baselinenowcast
2023-04-06,33,33,28,28,28,28,28,28,28,28,28,daily,2023-10-29,baselinenowcast
2023-04-07,14,14,12,12,12,12,12,12,12,12,12,daily,2023-10-29,baselinenowcast
2023-04-08,26,26,20,20,20,20,20,20,20,20,20,daily,2023-10-29,baselinenowcast
2023-04-09,31,31,25,25,25,25,25,25,25,25,25,daily,2023-10-29,baselinenowcast
2023-04-10,17,17,12,12,12,12,12,12,12,12,12,daily,2023-10-29,baselinenowcast
2023-04-11,44,44,41,41,41,41,41,41,41,41,41,daily,2023-10-29,baselinenowcast
2023-04-12,32,32,27,27,27,27,27,27,27,27,27,daily,2023-10-29,baselinenowcast
2023-04-13,31,31,27,27,27,27,27,27,27,27,27,daily,2023-10-29,baselinenowcast
2023-04-14,27,27,20,20,20,20,20,20,20,20,20,daily,2023-10-29,baselinenowcast
2023-04-15,32,32,26,26,26,26,26,26,26,26,26,daily,2023-10-29,baselinenowcast
2023-04-16,17,17,12,12,12,12,12,12,12,12,12,daily,2023-10-29,baselinenowcast
2023-04-17,31,31,28,28,28,28,28,28,28,28,28,daily,2023-10-29,baselinenowcast
2023-04-18,23,23,17,17,17,17,17,17,17,17,17,daily,2023-10-29,baselinenowcast
2023-04-19,24,24,20,20,20,20,20,20,20,20,20,daily,2023-10-29,baselinenowcast
2023-04-20,16,16,12,12,12,12,12,12,12,12,12,daily,2023-10-29,baselinenowcast
2023-04-21,25,25,19,19,19,19,19,19,19,19,19,daily,2023-10-29,baselinenowcast
2023-04-22,8,8,8,8,8,8,8,8,8,8,8,daily,2023-10-29,baselinenowcast
2023-04-23,8,8,6,6,6,6,6,6,6,6,6,daily,2023-10-29,baselinenowcast
2023-04-24,14,14,14,14,14,14,14,14,14,14,14,daily,2023-10-29,baselinenowcast
2023-04-25,24,24,19,19,19,19,19,19,19,19,19,daily,2023-10-29,baselinenowcast
2023-04-26,26,26,23,23,23,23,23,23,23,23,23,daily,2023-10-29,baselinenowcast
2023-04-27,34,34,32,32,32,32,32,32,32,32,32,daily,2023-10-29,baselinenowcast
2023-04-28,20,20,12,12,12,12,12,12,12,12,12,daily,2023-10-29,baselinenowcast
2023-04-29,15,15,14,14,14,14,14,14,14,14,14,daily,2023-10-29,baselinenowcast
2023-04-30,20,20,15,15,15,15,15,15,15,15,15,daily,2023-10-29,baselinenowcast
2023-05-01,14,14,10,10,10,10,10,10,10,10,10,daily,2023-10-29,baselinenowcast
2023-05-02,25,25,14,14,14,14,14,14,14,14,14,daily,2023-10-29,baselinenowcast
2023-05-03,27,27,19,19,19,19,19,19,19,19,19,daily,2023-10-29,baselinenowcast
2023-05-04,42,42,29,29,29,29,29,29,29,29,29,daily,2023-10-29,baselinenowcast
2023-05-05,23,23,19,19,19,19,19,19,19,19,19,daily,2023-10-29,baselinenowcast
2023-05-06,13,13,11,11,11,11,11,11,11,11,11,daily,2023-10-29,baselinenowcast
2023-05-07,20,20,14,14,14,14,14,14,14,14,14,daily,2023-10-29,baselinenowcast
2023-05-08,16,16,13,13,13,13,13,13,13,13,13,daily,2023-10-29,baselinenowcast
2023-05-09,15,15,11,11,11,11,11,11,11,11,11,daily,2023-10-29,baselinenowcast
2023-05-10,26,26,21,21,21,21,21,21,21,21,21,daily,2023-10-29,baselinenowcast
2023-05-11,19,19,15,15,15,15,15,15,15,15,15,daily,2023-10-29,baselinenowcast
2023-05-12,21,21,15,15,15,15,15,15,15,15,15,daily,2023-10-29,baselinenowcast
2023-05-13,13,13,13,13,13,13,13,13,13,13,13,daily,2023-10-29,baselinenowcast
2023-05-14,24,24,10,10,10,10,10,10,10,10,10,daily,2023-10-29,baselinenowcast
2023-05-15,21,21,12,12,12,12,12,12,12,12,12,daily,2023-10-29,baselinenowcast
2023-05-16,23,23,19,19,19,19,19,19,19,19,19,daily,2023-10-29,baselinenowcast
2023-05-17,20,20,14,14,14,14,14,14,14,14,14,daily,2023-10-29,baselinenowcast
2023-05-18,23,23,12,12,12,12,12,12,12,12,12,daily,2023-10-29,baselinenowcast
2023-05-19,14,14,7,7,7,7,7,7,7,7,7,daily,2023-10-29,baselinenowcast
2023-05-20,12,12,7,7,7,7,7,7,7,7,7,daily,2023-10-29,baselinenowcast
2023-05-21,23,23,15,15,15,15,15,15,15,15,15,daily,2023-10-29,baselinenowcast
2023-05-22,18,18,12,12,12,12,12,12,12,12,12,daily,2023-10-29,baselinenowcast
2023-05-23,17,17,15,15,15,15,15,15,15,15,15,daily,2023-10-29,baselinenowcast
2023-05-24,22,22,12,12,12,12,12,12,12,12,12,daily,2023-10-29,baselinenowcast
2023-05-25,19,19,15,15,15,15,15,15,15,15,15,daily,2023-10-29,baselinenowcast
2023-05-26,20,20,16,16,16,16,16,16,16,16,16,daily,2023-10-29,baselinenowcast
2023-05-27,11,11,2,2,2,2,2,2,2,2,2,daily,2023-10-29,baselinenowcast
2023-05-28,6,6,6,6,6,6,6,6,6,6,6,daily,2023-10-29,baselinenowcast
2023-05-29,9,9,2,2,2,2,2,2,2,2,2,daily,2023-10-29,baselinenowcast
2023-05-30,26,26,21,21,21,21,21,21,21,21,21,daily,2023-10-29,baselinenowcast
2023-05-31,22,22,15,15,15,15,15,15,15,15,15,daily,2023-10-29,baselinenowcast
2023-06-01,18,18,8,8,8,8,8,8,8,8,8,daily,2023-10-29,baselinenowcast
2023-06-02,17,17,10,10,10,10,10,10,10,10,10,daily,2023-10-29,baselinenowcast
2023-06-03,10,10,6,6,6,6,6,6,6,6,6,daily,2023-10-29,baselinenowcast
2023-06-04,15,15,8,8,8,8,8,8,8,8,8,daily,2023-10-29,baselinenowcast
2023-06-05,22,22,17,17,17,17,17,17,17,17,17,daily,2023-10-29,baselinenowcast
2023-06-06,29,29,21,21,21,21,21,21,21,21,21,daily,2023-10-29,baselinenowcast
2023-06-07,27,27,22,22,22,22,22,22,22,22,22,daily,2023-10-29,baselinenowcast
2023-06-08,21,21,11,11,11,11,11,11,11,11,11,daily,2023-10-29,baselinenowcast
2023-06-09,7,7,2,2,2,2,2,2,2,2,2,daily,2023-10-29,baselinenowcast
2023-06-10,12,12,11,11,11,11,11,11,11,11,11,daily,2023-10-29,baselinenowcast
2023-06-11,7,7,2,2,2,2,2,2,2,2,2,daily,2023-10-29,baselinenowcast
2023-06-12,15,15,10,10,10,10,10,10,10,10,10,daily,2023-10-29,baselinenowcast
2023-06-13,17,17,15,15,15,15,15,15,15,15,15,daily,2023-10-29,baselinenowcast
2023-06-14,9,9,3,3,3,3,3,3,3,3,3,daily,2023-10-29,baselinenowcast
2023-06-15,22,22,9,9,9,9,9,9,9,9,9,daily,2023-10-29,baselinenowcast
2023-06-16,17,17,17,17,17,17,17,17,17,17,17,daily,2023-10-29,baselinenowcast
2023-06-17,12,12,10,10,10,10,10,10,10,10,10,daily,2023-10-29,baselinenowcast
2023-06-18,5,5,1,1,1,1,1,1,1,1,1,daily,2023-10-29,baselinenowcast
2023-06-19,16,16,11,11,11,11,11,11,11,11,11,daily,2023-10-29,baselinenowcast
2023-06-20,17,17,10,10,10,10,10,10,10,10,10,daily,2023-10-29,baselinenowcast
2023-06-21,15,15,12,12,12,12,12,12,12,12,12,daily,2023-10-29,baselinenowcast
2023-06-22,18,18,17,17,17,17,17,17,17,17,17,daily,2023-10-29,baselinenowcast
2023-06-23,10,10,7,7,7,7,7,7,7,7,7,daily,2023-10-29,baselinenowcast
2023-06-24,8,8,6,6,6,6,6,6,6,6,6,daily,2023-10-29,baselinenowcast
2023-06-25,15,15,6,6,6,6,6,6,6,6,6,daily,2023-10-29,baselinenowcast
2023-06-26,2,2,2,2,2,2,2,2,2,2,2,daily,2023-10-29,baselinenowcast
2023-06-27,11,11,10,10,10,10,10,10,10,10,10,daily,2023-10-29,baselinenowcast
2023-06-28,15,15,12,12,12,12,12,12,12,12,12,daily,2023-10-29,baselinenowcast
2023-06-29,12,12,9,9,9,9,9,9,9,9,9,daily,2023-10-29,baselinenowcast
2023-06-30,7,7,6,6,6,6,6,6,6,6,6,daily,2023-10-29,baselinenowcast
2023-07-01,4,4,1,1,1,1,1,1,1,1,1,daily,2023-10-29,baselinenowcast
2023-07-02,8,8,2,2,2,2,2,2,2,2,2,daily,2023-10-29,baselinenowcast
2023-07-03,23,23,13,13,13,13,13,13,13,13,13,daily,2023-10-29,baselinenowcast
2023-07-04,13,13,10,10,10,10,10,10,10,10,10,daily,2023-10-29,baselinenowcast
2023-07-05,19,19,17,17,17,17,17,17,17,17,17,daily,2023-10-29,baselinenowcast
2023-07-06,14,14,8,8,8,8,8,8,8,8,8,daily,2023-10-29,baselinenowcast
2023-07-07,15,15,12,12,12,12,12,12,12,12,12,daily,2023-10-29,baselinenowcast
2023-07-08,5,5,2,2,2,2,2,2,2,2,2,daily,2023-10-29,baselinenowcast
2023-07-09,5,5,3,3,3,3,3,3,3,3,3,daily,2023-10-29,baselinenowcast
2023-07-10,13,13,10,10,10,10,10,10,10,10,10,daily,2023-10-29,baselinenowcast
2023-07-11,13,13,10,10,10,10,10,10,10,10,10,daily,2023-10-29,baselinenowcast
2023-07-12,13,13,10,10,10,10,10,10,10,10,10,daily,2023-10-29,baselinenowcast
2023-07-13,18,18,14,14,14,14,14,14,14,14,14,daily,2023-10-29,baselinenowcast
2023-07-14,10,10,9,9,9,9,9,9,9,9,9,daily,2023-10-29,baselinenowcast
2023-07-15,9,9,7,7,7,7,7,7,7,7,7,daily,2023-10-29,baselinenowcast
2023-07-16,19,19,6,6,6,6,6,6,6,6,6,daily,2023-10-29,baselinenowcast
2023-07-17,9,9,6,6,6,6,6,6,6,6,6,daily,2023-10-29,baselinenowcast
2023-07-18,22,22,16,16,16,16,16,16,16,16,16,daily,2023-10-29,baselinenowcast
2023-07-19,17,17,11,11,11,11,11,11,11,11,11,daily,2023-10-29,baselinenowcast
2023-07-20,27,27,19,19,19,19,19,19,19,19,19,daily,2023-10-29,baselinenowcast
2023-07-21,15,15,5,5,5,5,5,5,5,5,5,daily,2023-10-29,baselinenowcast
2023-07-22,6,6,3,3,3,3,3,3,3,3,3,daily,2023-10-29,baselinenowcast
2023-07-23,10,10,5,5,5,5,5,5,5,5,5,daily,2023-10-29,baselinenowcast
2023-07-24,15,15,14,14,14,14,14,14,14,14,14,daily,2023-10-29,baselinenowcast
2023-07-25,23,23,16,16,16,16,16,16,16,16,16,daily,2023-10-29,baselinenowcast
2023-07-26,15,15,10,10,10,10,10,10,10,10,10,daily,2023-10-29,baselinenowcast
2023-07-27,25,25,13,13,13,13,13,13,13,13,13,daily,2023-10-29,baselinenowcast
2023-07-28,9,9,8,8,8,8,8,8,8,8,8,daily,2023-10-29,baselinenowcast
2023-07-29,8,8,4,4,4,4,4,4,4,4,4,daily,2023-10-29,baselinenowcast
2023-07-30,6,6,3,3,3,3,3,3,3,3,3,daily,2023-10-29,baselinenowcast
2023-07-31,14,14,8,8,8,8,8,8,8,8,8,daily,2023-10-29,baselinenowcast
2023-08-01,9,9,3,3,3,3,3,3,3,3,3,daily,2023-10-29,baselinenowcast
2023-08-02,12,12,8,8,8,8,8,8,8,8,8,daily,2023-10-29,baselinenowcast
2023-08-03,21,21,15,15,15,15,15,15,15,15,15,daily,2023-10-29,baselinenowcast
2023-08-04,2,2,2,2,2,2,2,2,2,2,2,daily,2023-10-29,baselinenowcast
2023-08-05,10,10,7,7,7,7,7,7,7,7,7,daily,2023-10-29,baselinenowcast
2023-08-06,5,5,3,3,3,3,3,3,3,3,3,daily,2023-10-29,baselinenowcast
2023-08-07,15,15,7,7,7,7,7,7,7,7,7,daily,2023-10-29,baselinenowcast
2023-08-08,26,26,20,20,20,20,20,20,20,20,20,daily,2023-10-29,baselinenowcast
2023-08-09,15,15,13,13,13,13,13,13,13,13,13,daily,2023-10-29,baselinenowcast
2023-08-10,14,14,7,7,7,7,7,7,7,7,7,daily,2023-10-29,baselinenowcast
2023-08-11,16,16,13,13,13,13,13,13,13,13,13,daily,2023-10-29,baselinenowcast
2023-08-12,8,8,5,5,5,5,5,5,5,5,5,daily,2023-10-29,baselinenowcast
2023-08-13,4,4,2,2,2,2,2,2,2,2,2,daily,2023-10-29,baselinenowcast
2023-08-14,22,22,14,14,14,14,14,14,14,14,14,daily,2023-10-29,baselinenowcast
2023-08-15,16,16,13,13,13,13,13,13,13,13,13,daily,2023-10-29,baselinenowcast
2023-08-16,8,8,6,6,6,6,6,6,6,6,6,daily,2023-10-29,baselinenowcast
2023-08-17,18,18,16,16,16,16,16,16,16,16,16,daily,2023-10-29,baselinenowcast
2023-08-18,17,17,14,14,14,14,14,14,14,14,14,daily,2023-10-29,baselinenowcast
2023-08-19,11,11,5,5,5,5,5,5,5,5,5,daily,2023-10-29,baselinenowcast
2023-08-20,7,7,2,2,2,2,2,2,2,2,2,daily,2023-10-29,baselinenowcast
2023-08-21,17,17,16,16,16,16,16,16,16,16,16,daily,2023-10-29,baselinenowcast
2023-08-22,11,11,7,7,7,7,7,7,7,7,7,daily,2023-10-29,baselinenowcast
2023-08-23,18,18,5,5,5,5,5,5,5,5,5,daily,2023-10-29,baselinenowcast
2023-08-24,10,10,7,7,7,7,7,7,7,7,7,daily,2023-10-29,baselinenowcast
2023-08-25,12,12,10,10,10,10,10,10,10,10,10,daily,2023-10-29,baselinenowcast
2023-08-26,15,15,13,13,13,13,13,13,13,13,13,daily,2023-10-29,baselinenowcast
2023-08-27,6,6,3,3,3,3,3,3,3,3,3,daily,2023-10-29,baselinenowcast
2023-08-28,3,3,2,2,2,2,2,2,2,2,2,daily,2023-10-29,baselinenowcast
2023-08-29,10,10,7,7,7,7,7,7,7,7,7,daily,2023-10-29,baselinenowcast
2023-08-30,17,17,15,15,15,15,15,15,15,15,15,daily,2023-10-29,baselinenowcast
2023-08-31,12,12,4,4,4,4,4,4,4,4,4,daily,2023-10-29,baselinenowcast
2023-09-01,8,8,3,3,3,3,3,3,3,3,3,daily,2023-10-29,baselinenowcast
2023-09-02,10,10,6,6,6,6,6,6,6,6,6,daily,2023-10-29,baselinenowcast
2023-09-03,7,7,1,1,1,1,1,1,1,1,1,daily,2023-10-29,baselinenowcast
2023-09-04,16,16,9,9,9,9,9,9,9,9,9,daily,2023-10-29,baselinenowcast
2023-09-05,9,9,5,5,5,5,5,5,5,5,5,daily,2023-10-29,baselinenowcast
2023-09-06,11,11,8,8,8,8,8,8,8,8,8,daily,2023-10-29,baselinenowcast
2023-09-07,15,15,3,3,3,3,3,3,3,3,3,daily,2023-10-29,baselinenowcast
2023-09-08,13,13,7,7,7,7,7,7,7,7,7,daily,2023-10-29,baselinenowcast
2023-09-09,13,13,10,10,10,10,10,10,10,10,10,daily,2023-10-29,baselinenowcast
2023-09-10,5,5,5,5,5,5,5,5,5,5,5,daily,2023-10-29,baselinenowcast
2023-09-11,18,18,11,11,11,11,11,11,11,11,11,daily,2023-10-29,baselinenowcast
2023-09-12,14,14,8,8,8,8,8,8,8,8,8,daily,2023-10-29,baselinenowcast
2023-09-13,11,11,7,7,7,7,7,7,7,7,7,daily,2023-10-29,baselinenowcast
2023-09-14,8,9,4,4,4,4,4,4,4,4,4,daily,2023-10-29,baselinenowcast
2023-09-15,14,17,6,6,6,6,6,6,6,6,6,daily,2023-10-29,baselinenowcast
2023-09-16,10,10,7,7,7,7,7,7,7,7,7,daily,2023-10-29,baselinenowcast
2023-09-17,4,4,4,4,4,4,4,4,4,4,4,daily,2023-10-29,baselinenowcast
2023-09-18,7,8,4,4,4,4,4,4,4,4,4,daily,2023-10-29,baselinenowcast
2023-09-19,13,13,11,11,11,11,11,11,11,11,11,daily,2023-10-29,baselinenowcast
2023-09-20,19,19,16,16,16,16,16,16,16,16,16,daily,2023-10-29,baselinenowcast
2023-09-21,5,8,2,2,2,2,2,2,2,2,2,daily,2023-10-29,baselinenowcast
2023-09-22,7,12,3,3,3,3,3,3,3,3,3,daily,2023-10-29,baselinenowcast
2023-09-23,10,11,10,10,10,10,10,10,10,10,10,daily,2023-10-29,baselinenowcast
2023-09-24,1,4,0,0,0,0,0,0,0,0,0,daily,2023-10-29,baselinenowcast
2023-09-25,3,4,2,2,2,2,2,2,2,2,2,daily,2023-10-29,baselinenowcast
2023-09-26,8,9,7,7,7,7,7,7,7,7,7,daily,2023-10-29,baselinenowcast
2023-09-27,5,6,3,3,3,3,3,3,3,3,3,daily,2023-10-29,baselinenowcast
2023-09-28,11,15,9,9,9,9,9,9,9,9,9,daily,2023-10-29,baselinenowcast
2023-09-29,6,7,4,4,4,4,4,4,4,4,4,daily,2023-10-29,baselinenowcast
2023-09-30,5,6,3,3,3,3,3,3,3,3,3,daily,2023-10-29,baselinenowcast
2023-10-01,4,7,0,0,0,0,0,0,0,0,0,daily,2023-10-29,baselinenowcast
2023-10-02,3,4,2,2,2,2,2,2,2,2,2,daily,2023-10-29,baselinenowcast
2023-10-03,5,6,5,5,5,5,5,5,5,5,5,daily,2023-10-29,baselinenowcast
2023-10-04,2,3,0,0,0,0,0,0,0,0,0,daily,2023-10-29,baselinenowcast
2023-10-05,7,10,6,6,6,6,6,6,6,6,6,daily,2023-10-29,baselinenowcast
2023-10-06,3,12,3,3,3,3,3,3,3,3,3,daily,2023-10-29,baselinenowcast
2023-10-07,1,3,1,1,1,1,1,1,1,1,1,daily,2023-10-29,baselinenowcast
2023-10-08,10,19,8,8,8,8,8,8,8,8,8,daily,2023-10-29,baselinenowcast
2023-10-09,14,21,9,9,9,9,9,9,9,9,9,daily,2023-10-29,baselinenowcast
2023-10-10,4,8,4,4,4,4,4,4,4,4,4,daily,2023-10-29,baselinenowcast
2023-10-11,5,9,5,5,5,5,5,5,5,5,5,daily,2023-10-29,baselinenowcast
2023-10-12,10,15,8,8,8,8,8,8,8,8,8,daily,2023-10-29,baselinenowcast
2023-10-13,12,17,12,12,12,12,12,12,12,12,12,daily,2023-10-29,baselinenowcast
2023-10-14,3,5,3,3,3,3,3,3,3,3,3,daily,2023-10-29,baselinenowcast
2023-10-15,8,14,8,8,8,8,8,8,8,8,8,daily,2023-10-29,baselinenowcast
2023-10-16,5,14,5,5,5,5,5,5,5,5,5,daily,2023-10-29,baselinenowcast
2023-10-17,15,17,15,15,15,15,15,15,15,15,15,daily,2023-10-29,baselinenowcast
2023-10-18,10,17,10,10,13,10,15,10,10,10,11,daily,2023-10-29,baselinenowcast
2023-10-19,7,16,7,7,11,7,12,7,8,7,8,daily,2023-10-29,baselinenowcast
2023-10-20,7,18,7,7,10,7,11,7,8,7,9,daily,2023-10-29,baselinenowcast
2023-10-21,2,14,2,2,4,2,4,2,3,2,3,daily,2023-10-29,baselinenowcast
2023-10-22,1,7,1,1,2,1,2,1,1,1,2,daily,2023-10-29,baselinenowcast
2023-10-23,10,12,12,10,17,10,19,11,14,11,15,daily,2023-10-29,baselinenowcast
2023-10-24,10,15,13,10,18,10,20,11,15,11,16,daily,2023-10-29,baselinenowcast
2023-10-25,10,17,12,10,24,10,27.024999999999977,11,16,10,18,daily,2023-10-29,baselinenowcast
2023-10-26,5,16,6,5,16,5,20,5,9,5,11,daily,2023-10-29,baselinenowcast
2023-10-27,2,10,3,2,9,2,12,2,4,2,6,daily,2023-10-29,baselinenowcast
2023-10-28,0,9,1,0,6,0,8,0,3,0,4,daily,2023-10-29,baselinenowcast
2023-10-29,0,7,5,0,113.14999999999986,0,160.04999999999995,0,27,0,44.16999999999996,daily,2023-10-29,baselinenowcast
2023-04-01,24,24,21,21,21,21,21,21,21,21,21,daily,2023-11-05,baselinenowcast
2023-04-02,23,23,18,18,18,18,18,18,18,18,18,daily,2023-11-05,baselinenowcast
2023-04-03,27,27,22,22,22,22,22,22,22,22,22,daily,2023-11-05,baselinenowcast
2023-04-04,44,44,35,35,35,35,35,35,35,35,35,daily,2023-11-05,baselinenowcast
2023-04-05,38,38,31,31,31,31,31,31,31,31,31,daily,2023-11-05,baselinenowcast
2023-04-06,33,33,28,28,28,28,28,28,28,28,28,daily,2023-11-05,baselinenowcast
2023-04-07,14,14,12,12,12,12,12,12,12,12,12,daily,2023-11-05,baselinenowcast
2023-04-08,26,26,20,20,20,20,20,20,20,20,20,daily,2023-11-05,baselinenowcast
2023-04-09,31,31,25,25,25,25,25,25,25,25,25,daily,2023-11-05,baselinenowcast
2023-04-10,17,17,12,12,12,12,12,12,12,12,12,daily,2023-11-05,baselinenowcast
2023-04-11,44,44,41,41,41,41,41,41,41,41,41,daily,2023-11-05,baselinenowcast
2023-04-12,32,32,27,27,27,27,27,27,27,27,27,daily,2023-11-05,baselinenowcast
2023-04-13,31,31,27,27,27,27,27,27,27,27,27,daily,2023-11-05,baselinenowcast
2023-04-14,27,27,20,20,20,20,20,20,20,20,20,daily,2023-11-05,baselinenowcast
2023-04-15,32,32,26,26,26,26,26,26,26,26,26,daily,2023-11-05,baselinenowcast
2023-04-16,17,17,12,12,12,12,12,12,12,12,12,daily,2023-11-05,baselinenowcast
2023-04-17,31,31,28,28,28,28,28,28,28,28,28,daily,2023-11-05,baselinenowcast
2023-04-18,23,23,17,17,17,17,17,17,17,17,17,daily,2023-11-05,baselinenowcast
2023-04-19,24,24,20,20,20,20,20,20,20,20,20,daily,2023-11-05,baselinenowcast
2023-04-20,16,16,12,12,12,12,12,12,12,12,12,daily,2023-11-05,baselinenowcast
2023-04-21,25,25,19,19,19,19,19,19,19,19,19,daily,2023-11-05,baselinenowcast
2023-04-22,8,8,8,8,8,8,8,8,8,8,8,daily,2023-11-05,baselinenowcast
2023-04-23,8,8,6,6,6,6,6,6,6,6,6,daily,2023-11-05,baselinenowcast
2023-04-24,14,14,14,14,14,14,14,14,14,14,14,daily,2023-11-05,baselinenowcast
2023-04-25,24,24,19,19,19,19,19,19,19,19,19,daily,2023-11-05,baselinenowcast
2023-04-26,26,26,23,23,23,23,23,23,23,23,23,daily,2023-11-05,baselinenowcast
2023-04-27,34,34,32,32,32,32,32,32,32,32,32,daily,2023-11-05,baselinenowcast
2023-04-28,20,20,12,12,12,12,12,12,12,12,12,daily,2023-11-05,baselinenowcast
2023-04-29,15,15,14,14,14,14,14,14,14,14,14,daily,2023-11-05,baselinenowcast
2023-04-30,20,20,15,15,15,15,15,15,15,15,15,daily,2023-11-05,baselinenowcast
2023-05-01,14,14,10,10,10,10,10,10,10,10,10,daily,2023-11-05,baselinenowcast
2023-05-02,25,25,14,14,14,14,14,14,14,14,14,daily,2023-11-05,baselinenowcast
2023-05-03,27,27,19,19,19,19,19,19,19,19,19,daily,2023-11-05,baselinenowcast
2023-05-04,42,42,29,29,29,29,29,29,29,29,29,daily,2023-11-05,baselinenowcast
2023-05-05,23,23,19,19,19,19,19,19,19,19,19,daily,2023-11-05,baselinenowcast
2023-05-06,13,13,11,11,11,11,11,11,11,11,11,daily,2023-11-05,baselinenowcast
2023-05-07,20,20,14,14,14,14,14,14,14,14,14,daily,2023-11-05,baselinenowcast
2023-05-08,16,16,13,13,13,13,13,13,13,13,13,daily,2023-11-05,baselinenowcast
2023-05-09,15,15,11,11,11,11,11,11,11,11,11,daily,2023-11-05,baselinenowcast
2023-05-10,26,26,21,21,21,21,21,21,21,21,21,daily,2023-11-05,baselinenowcast
2023-05-11,19,19,15,15,15,15,15,15,15,15,15,daily,2023-11-05,baselinenowcast
2023-05-12,21,21,15,15,15,15,15,15,15,15,15,daily,2023-11-05,baselinenowcast
2023-05-13,13,13,13,13,13,13,13,13,13,13,13,daily,2023-11-05,baselinenowcast
2023-05-14,24,24,10,10,10,10,10,10,10,10,10,daily,2023-11-05,baselinenowcast
2023-05-15,21,21,12,12,12,12,12,12,12,12,12,daily,2023-11-05,baselinenowcast
2023-05-16,23,23,19,19,19,19,19,19,19,19,19,daily,2023-11-05,baselinenowcast
2023-05-17,20,20,14,14,14,14,14,14,14,14,14,daily,2023-11-05,baselinenowcast
2023-05-18,23,23,12,12,12,12,12,12,12,12,12,daily,2023-11-05,baselinenowcast
2023-05-19,14,14,7,7,7,7,7,7,7,7,7,daily,2023-11-05,baselinenowcast
2023-05-20,12,12,7,7,7,7,7,7,7,7,7,daily,2023-11-05,baselinenowcast
2023-05-21,23,23,15,15,15,15,15,15,15,15,15,daily,2023-11-05,baselinenowcast
2023-05-22,18,18,12,12,12,12,12,12,12,12,12,daily,2023-11-05,baselinenowcast
2023-05-23,17,17,15,15,15,15,15,15,15,15,15,daily,2023-11-05,baselinenowcast
2023-05-24,22,22,12,12,12,12,12,12,12,12,12,daily,2023-11-05,baselinenowcast
2023-05-25,19,19,15,15,15,15,15,15,15,15,15,daily,2023-11-05,baselinenowcast
2023-05-26,20,20,16,16,16,16,16,16,16,16,16,daily,2023-11-05,baselinenowcast
2023-05-27,11,11,2,2,2,2,2,2,2,2,2,daily,2023-11-05,baselinenowcast
2023-05-28,6,6,6,6,6,6,6,6,6,6,6,daily,2023-11-05,baselinenowcast
2023-05-29,9,9,2,2,2,2,2,2,2,2,2,daily,2023-11-05,baselinenowcast
2023-05-30,26,26,21,21,21,21,21,21,21,21,21,daily,2023-11-05,baselinenowcast
2023-05-31,22,22,15,15,15,15,15,15,15,15,15,daily,2023-11-05,baselinenowcast
2023-06-01,18,18,8,8,8,8,8,8,8,8,8,daily,2023-11-05,baselinenowcast
2023-06-02,17,17,10,10,10,10,10,10,10,10,10,daily,2023-11-05,baselinenowcast
2023-06-03,10,10,6,6,6,6,6,6,6,6,6,daily,2023-11-05,baselinenowcast
2023-06-04,15,15,8,8,8,8,8,8,8,8,8,daily,2023-11-05,baselinenowcast
2023-06-05,22,22,17,17,17,17,17,17,17,17,17,daily,2023-11-05,baselinenowcast
2023-06-06,29,29,21,21,21,21,21,21,21,21,21,daily,2023-11-05,baselinenowcast
2023-06-07,27,27,22,22,22,22,22,22,22,22,22,daily,2023-11-05,baselinenowcast
2023-06-08,21,21,11,11,11,11,11,11,11,11,11,daily,2023-11-05,baselinenowcast
2023-06-09,7,7,2,2,2,2,2,2,2,2,2,daily,2023-11-05,baselinenowcast
2023-06-10,12,12,11,11,11,11,11,11,11,11,11,daily,2023-11-05,baselinenowcast
2023-06-11,7,7,2,2,2,2,2,2,2,2,2,daily,2023-11-05,baselinenowcast
2023-06-12,15,15,10,10,10,10,10,10,10,10,10,daily,2023-11-05,baselinenowcast
2023-06-13,17,17,15,15,15,15,15,15,15,15,15,daily,2023-11-05,baselinenowcast
2023-06-14,9,9,3,3,3,3,3,3,3,3,3,daily,2023-11-05,baselinenowcast
2023-06-15,22,22,9,9,9,9,9,9,9,9,9,daily,2023-11-05,baselinenowcast
2023-06-16,17,17,17,17,17,17,17,17,17,17,17,daily,2023-11-05,baselinenowcast
2023-06-17,12,12,10,10,10,10,10,10,10,10,10,daily,2023-11-05,baselinenowcast
2023-06-18,5,5,1,1,1,1,1,1,1,1,1,daily,2023-11-05,baselinenowcast
2023-06-19,16,16,11,11,11,11,11,11,11,11,11,daily,2023-11-05,baselinenowcast
2023-06-20,17,17,10,10,10,10,10,10,10,10,10,daily,2023-11-05,baselinenowcast
2023-06-21,15,15,12,12,12,12,12,12,12,12,12,daily,2023-11-05,baselinenowcast
2023-06-22,18,18,17,17,17,17,17,17,17,17,17,daily,2023-11-05,baselinenowcast
2023-06-23,10,10,7,7,7,7,7,7,7,7,7,daily,2023-11-05,baselinenowcast
2023-06-24,8,8,6,6,6,6,6,6,6,6,6,daily,2023-11-05,baselinenowcast
2023-06-25,15,15,6,6,6,6,6,6,6,6,6,daily,2023-11-05,baselinenowcast
2023-06-26,2,2,2,2,2,2,2,2,2,2,2,daily,2023-11-05,baselinenowcast
2023-06-27,11,11,10,10,10,10,10,10,10,10,10,daily,2023-11-05,baselinenowcast
2023-06-28,15,15,12,12,12,12,12,12,12,12,12,daily,2023-11-05,baselinenowcast
2023-06-29,12,12,9,9,9,9,9,9,9,9,9,daily,2023-11-05,baselinenowcast
2023-06-30,7,7,6,6,6,6,6,6,6,6,6,daily,2023-11-05,baselinenowcast
2023-07-01,4,4,1,1,1,1,1,1,1,1,1,daily,2023-11-05,baselinenowcast
2023-07-02,8,8,2,2,2,2,2,2,2,2,2,daily,2023-11-05,baselinenowcast
2023-07-03,23,23,13,13,13,13,13,13,13,13,13,daily,2023-11-05,baselinenowcast
2023-07-04,13,13,10,10,10,10,10,10,10,10,10,daily,2023-11-05,baselinenowcast
2023-07-05,19,19,17,17,17,17,17,17,17,17,17,daily,2023-11-05,baselinenowcast
2023-07-06,14,14,8,8,8,8,8,8,8,8,8,daily,2023-11-05,baselinenowcast
2023-07-07,15,15,12,12,12,12,12,12,12,12,12,daily,2023-11-05,baselinenowcast
2023-07-08,5,5,2,2,2,2,2,2,2,2,2,daily,2023-11-05,baselinenowcast
2023-07-09,5,5,3,3,3,3,3,3,3,3,3,daily,2023-11-05,baselinenowcast
2023-07-10,13,13,10,10,10,10,10,10,10,10,10,daily,2023-11-05,baselinenowcast
2023-07-11,13,13,10,10,10,10,10,10,10,10,10,daily,2023-11-05,baselinenowcast
2023-07-12,13,13,10,10,10,10,10,10,10,10,10,daily,2023-11-05,baselinenowcast
2023-07-13,18,18,14,14,14,14,14,14,14,14,14,daily,2023-11-05,baselinenowcast
2023-07-14,10,10,9,9,9,9,9,9,9,9,9,daily,2023-11-05,baselinenowcast
2023-07-15,9,9,7,7,7,7,7,7,7,7,7,daily,2023-11-05,baselinenowcast
2023-07-16,19,19,6,6,6,6,6,6,6,6,6,daily,2023-11-05,baselinenowcast
2023-07-17,9,9,6,6,6,6,6,6,6,6,6,daily,2023-11-05,baselinenowcast
2023-07-18,22,22,16,16,16,16,16,16,16,16,16,daily,2023-11-05,baselinenowcast
2023-07-19,17,17,11,11,11,11,11,11,11,11,11,daily,2023-11-05,baselinenowcast
2023-07-20,27,27,19,19,19,19,19,19,19,19,19,daily,2023-11-05,baselinenowcast
2023-07-21,15,15,5,5,5,5,5,5,5,5,5,daily,2023-11-05,baselinenowcast
2023-07-22,6,6,3,3,3,3,3,3,3,3,3,daily,2023-11-05,baselinenowcast
2023-07-23,10,10,5,5,5,5,5,5,5,5,5,daily,2023-11-05,baselinenowcast
2023-07-24,15,15,14,14,14,14,14,14,14,14,14,daily,2023-11-05,baselinenowcast
2023-07-25,23,23,16,16,16,16,16,16,16,16,16,daily,2023-11-05,baselinenowcast
2023-07-26,15,15,10,10,10,10,10,10,10,10,10,daily,2023-11-05,baselinenowcast
2023-07-27,25,25,13,13,13,13,13,13,13,13,13,daily,2023-11-05,baselinenowcast
2023-07-28,9,9,8,8,8,8,8,8,8,8,8,daily,2023-11-05,baselinenowcast
2023-07-29,8,8,4,4,4,4,4,4,4,4,4,daily,2023-11-05,baselinenowcast
2023-07-30,6,6,3,3,3,3,3,3,3,3,3,daily,2023-11-05,baselinenowcast
2023-07-31,14,14,8,8,8,8,8,8,8,8,8,daily,2023-11-05,baselinenowcast
2023-08-01,9,9,3,3,3,3,3,3,3,3,3,daily,2023-11-05,baselinenowcast
2023-08-02,12,12,8,8,8,8,8,8,8,8,8,daily,2023-11-05,baselinenowcast
2023-08-03,21,21,15,15,15,15,15,15,15,15,15,daily,2023-11-05,baselinenowcast
2023-08-04,2,2,2,2,2,2,2,2,2,2,2,daily,2023-11-05,baselinenowcast
2023-08-05,10,10,7,7,7,7,7,7,7,7,7,daily,2023-11-05,baselinenowcast
2023-08-06,5,5,3,3,3,3,3,3,3,3,3,daily,2023-11-05,baselinenowcast
2023-08-07,15,15,7,7,7,7,7,7,7,7,7,daily,2023-11-05,baselinenowcast
2023-08-08,26,26,20,20,20,20,20,20,20,20,20,daily,2023-11-05,baselinenowcast
2023-08-09,15,15,13,13,13,13,13,13,13,13,13,daily,2023-11-05,baselinenowcast
2023-08-10,14,14,7,7,7,7,7,7,7,7,7,daily,2023-11-05,baselinenowcast
2023-08-11,16,16,13,13,13,13,13,13,13,13,13,daily,2023-11-05,baselinenowcast
2023-08-12,8,8,5,5,5,5,5,5,5,5,5,daily,2023-11-05,baselinenowcast
2023-08-13,4,4,2,2,2,2,2,2,2,2,2,daily,2023-11-05,baselinenowcast
2023-08-14,22,22,14,14,14,14,14,14,14,14,14,daily,2023-11-05,baselinenowcast
2023-08-15,16,16,13,13,13,13,13,13,13,13,13,daily,2023-11-05,baselinenowcast
2023-08-16,8,8,6,6,6,6,6,6,6,6,6,daily,2023-11-05,baselinenowcast
2023-08-17,18,18,16,16,16,16,16,16,16,16,16,daily,2023-11-05,baselinenowcast
2023-08-18,17,17,14,14,14,14,14,14,14,14,14,daily,2023-11-05,baselinenowcast
2023-08-19,11,11,5,5,5,5,5,5,5,5,5,daily,2023-11-05,baselinenowcast
2023-08-20,7,7,2,2,2,2,2,2,2,2,2,daily,2023-11-05,baselinenowcast
2023-08-21,17,17,16,16,16,16,16,16,16,16,16,daily,2023-11-05,baselinenowcast
2023-08-22,11,11,7,7,7,7,7,7,7,7,7,daily,2023-11-05,baselinenowcast
2023-08-23,18,18,5,5,5,5,5,5,5,5,5,daily,2023-11-05,baselinenowcast
2023-08-24,10,10,7,7,7,7,7,7,7,7,7,daily,2023-11-05,baselinenowcast
2023-08-25,12,12,10,10,10,10,10,10,10,10,10,daily,2023-11-05,baselinenowcast
2023-08-26,15,15,13,13,13,13,13,13,13,13,13,daily,2023-11-05,baselinenowcast
2023-08-27,6,6,3,3,3,3,3,3,3,3,3,daily,2023-11-05,baselinenowcast
2023-08-28,3,3,2,2,2,2,2,2,2,2,2,daily,2023-11-05,baselinenowcast
2023-08-29,10,10,7,7,7,7,7,7,7,7,7,daily,2023-11-05,baselinenowcast
2023-08-30,17,17,15,15,15,15,15,15,15,15,15,daily,2023-11-05,baselinenowcast
2023-08-31,12,12,4,4,4,4,4,4,4,4,4,daily,2023-11-05,baselinenowcast
2023-09-01,8,8,3,3,3,3,3,3,3,3,3,daily,2023-11-05,baselinenowcast
2023-09-02,10,10,6,6,6,6,6,6,6,6,6,daily,2023-11-05,baselinenowcast
2023-09-03,7,7,1,1,1,1,1,1,1,1,1,daily,2023-11-05,baselinenowcast
2023-09-04,16,16,9,9,9,9,9,9,9,9,9,daily,2023-11-05,baselinenowcast
2023-09-05,9,9,5,5,5,5,5,5,5,5,5,daily,2023-11-05,baselinenowcast
2023-09-06,11,11,8,8,8,8,8,8,8,8,8,daily,2023-11-05,baselinenowcast
2023-09-07,15,15,3,3,3,3,3,3,3,3,3,daily,2023-11-05,baselinenowcast
2023-09-08,13,13,7,7,7,7,7,7,7,7,7,daily,2023-11-05,baselinenowcast
2023-09-09,13,13,10,10,10,10,10,10,10,10,10,daily,2023-11-05,baselinenowcast
2023-09-10,5,5,5,5,5,5,5,5,5,5,5,daily,2023-11-05,baselinenowcast
2023-09-11,18,18,11,11,11,11,11,11,11,11,11,daily,2023-11-05,baselinenowcast
2023-09-12,14,14,8,8,8,8,8,8,8,8,8,daily,2023-11-05,baselinenowcast
2023-09-13,11,11,7,7,7,7,7,7,7,7,7,daily,2023-11-05,baselinenowcast
2023-09-14,9,9,4,4,4,4,4,4,4,4,4,daily,2023-11-05,baselinenowcast
2023-09-15,17,17,6,6,6,6,6,6,6,6,6,daily,2023-11-05,baselinenowcast
2023-09-16,10,10,7,7,7,7,7,7,7,7,7,daily,2023-11-05,baselinenowcast
2023-09-17,4,4,4,4,4,4,4,4,4,4,4,daily,2023-11-05,baselinenowcast
2023-09-18,7,8,4,4,4,4,4,4,4,4,4,daily,2023-11-05,baselinenowcast
2023-09-19,13,13,11,11,11,11,11,11,11,11,11,daily,2023-11-05,baselinenowcast
2023-09-20,19,19,16,16,16,16,16,16,16,16,16,daily,2023-11-05,baselinenowcast
2023-09-21,8,8,2,2,2,2,2,2,2,2,2,daily,2023-11-05,baselinenowcast
2023-09-22,11,12,3,3,3,3,3,3,3,3,3,daily,2023-11-05,baselinenowcast
2023-09-23,10,11,10,10,10,10,10,10,10,10,10,daily,2023-11-05,baselinenowcast
2023-09-24,2,4,0,0,0,0,0,0,0,0,0,daily,2023-11-05,baselinenowcast
2023-09-25,4,4,2,2,2,2,2,2,2,2,2,daily,2023-11-05,baselinenowcast
2023-09-26,8,9,7,7,7,7,7,7,7,7,7,daily,2023-11-05,baselinenowcast
2023-09-27,6,6,3,3,3,3,3,3,3,3,3,daily,2023-11-05,baselinenowcast
2023-09-28,14,15,9,9,9,9,9,9,9,9,9,daily,2023-11-05,baselinenowcast
2023-09-29,6,7,4,4,4,4,4,4,4,4,4,daily,2023-11-05,baselinenowcast
2023-09-30,5,6,3,3,3,3,3,3,3,3,3,daily,2023-11-05,baselinenowcast
2023-10-01,5,7,0,0,0,0,0,0,0,0,0,daily,2023-11-05,baselinenowcast
2023-10-02,3,4,2,2,2,2,2,2,2,2,2,daily,2023-11-05,baselinenowcast
2023-10-03,6,6,5,5,5,5,5,5,5,5,5,daily,2023-11-05,baselinenowcast
2023-10-04,2,3,0,0,0,0,0,0,0,0,0,daily,2023-11-05,baselinenowcast
2023-10-05,10,10,6,6,6,6,6,6,6,6,6,daily,2023-11-05,baselinenowcast
2023-10-06,6,12,3,3,3,3,3,3,3,3,3,daily,2023-11-05,baselinenowcast
2023-10-07,1,3,1,1,1,1,1,1,1,1,1,daily,2023-11-05,baselinenowcast
2023-10-08,13,19,8,8,8,8,8,8,8,8,8,daily,2023-11-05,baselinenowcast
2023-10-09,15,21,9,9,9,9,9,9,9,9,9,daily,2023-11-05,baselinenowcast
2023-10-10,4,8,4,4,4,4,4,4,4,4,4,daily,2023-11-05,baselinenowcast
2023-10-11,5,9,5,5,5,5,5,5,5,5,5,daily,2023-11-05,baselinenowcast
2023-10-12,11,15,8,8,8,8,8,8,8,8,8,daily,2023-11-05,baselinenowcast
2023-10-13,13,17,12,12,12,12,12,12,12,12,12,daily,2023-11-05,baselinenowcast
2023-10-14,3,5,3,3,3,3,3,3,3,3,3,daily,2023-11-05,baselinenowcast
2023-10-15,9,14,8,8,8,8,8,8,8,8,8,daily,2023-11-05,baselinenowcast
2023-10-16,11,14,10,10,10,10,10,10,10,10,10,daily,2023-11-05,baselinenowcast
2023-10-17,15,17,15,15,15,15,15,15,15,15,15,daily,2023-11-05,baselinenowcast
2023-10-18,11,17,10,10,10,10,10,10,10,10,10,daily,2023-11-05,baselinenowcast
2023-10-19,8,16,7,7,7,7,7,7,7,7,7,daily,2023-11-05,baselinenowcast
2023-10-20,7,18,7,7,7,7,7,7,7,7,7,daily,2023-11-05,baselinenowcast
2023-10-21,4,14,4,4,4,4,4,4,4,4,4,daily,2023-11-05,baselinenowcast
2023-10-22,1,7,1,1,1,1,1,1,1,1,1,daily,2023-11-05,baselinenowcast
2023-10-23,10,12,10,10,13,10,15,10,10,10,10,daily,2023-11-05,baselinenowcast
2023-10-24,12,15,12,12,18,12,22,12,12,12,13,daily,2023-11-05,baselinenowcast
2023-10-25,10,17,10,10,17,10,20,10,11,10,12,daily,2023-11-05,baselinenowcast
2023-10-26,6,16,6,6,10,6,12,6,7,6,8,daily,2023-11-05,baselinenowcast
2023-10-27,7,10,7,7,11,7,12,7,8,7,9,daily,2023-11-05,baselinenowcast
2023-10-28,3,9,3,3,6,3,7,3,4,3,5,daily,2023-11-05,baselinenowcast
2023-10-29,1,7,1,1,2,1,3,1,1,1,2,daily,2023-11-05,baselinenowcast
2023-10-30,5,16,6,5,11,5,12,5,7,5,8,daily,2023-11-05,baselinenowcast
2023-10-31,4,8,5,4,9,4,10,4,6,4,7,daily,2023-11-05,baselinenowcast
2023-11-01,4,12,5,4,11,4,12,4,6,4,7,daily,2023-11-05,baselinenowcast
2023-11-02,13,27,17,13,41,13,48,14,22,13,26.16999999999996,daily,2023-11-05,baselinenowcast
2023-11-03,5,18,7,5,22,5,26,5,11,5,13,daily,2023-11-05,baselinenowcast
2023-11-04,0,13,1,0,6,0,7,0,3,0,4,daily,2023-11-05,baselinenowcast
2023-11-05,0,9,5.5,0,78.04999999999995,0,119.02499999999998,1,25,0,38,daily,2023-11-05,baselinenowcast
2023-04-01,24,24,21,21,21,21,21,21,21,21,21,daily,2023-11-12,baselinenowcast
2023-04-02,23,23,18,18,18,18,18,18,18,18,18,daily,2023-11-12,baselinenowcast
2023-04-03,27,27,22,22,22,22,22,22,22,22,22,daily,2023-11-12,baselinenowcast
2023-04-04,44,44,35,35,35,35,35,35,35,35,35,daily,2023-11-12,baselinenowcast
2023-04-05,38,38,31,31,31,31,31,31,31,31,31,daily,2023-11-12,baselinenowcast
2023-04-06,33,33,28,28,28,28,28,28,28,28,28,daily,2023-11-12,baselinenowcast
2023-04-07,14,14,12,12,12,12,12,12,12,12,12,daily,2023-11-12,baselinenowcast
2023-04-08,26,26,20,20,20,20,20,20,20,20,20,daily,2023-11-12,baselinenowcast
2023-04-09,31,31,25,25,25,25,25,25,25,25,25,daily,2023-11-12,baselinenowcast
2023-04-10,17,17,12,12,12,12,12,12,12,12,12,daily,2023-11-12,baselinenowcast
2023-04-11,44,44,41,41,41,41,41,41,41,41,41,daily,2023-11-12,baselinenowcast
2023-04-12,32,32,27,27,27,27,27,27,27,27,27,daily,2023-11-12,baselinenowcast
2023-04-13,31,31,27,27,27,27,27,27,27,27,27,daily,2023-11-12,baselinenowcast
2023-04-14,27,27,20,20,20,20,20,20,20,20,20,daily,2023-11-12,baselinenowcast
2023-04-15,32,32,26,26,26,26,26,26,26,26,26,daily,2023-11-12,baselinenowcast
2023-04-16,17,17,12,12,12,12,12,12,12,12,12,daily,2023-11-12,baselinenowcast
2023-04-17,31,31,28,28,28,28,28,28,28,28,28,daily,2023-11-12,baselinenowcast
2023-04-18,23,23,17,17,17,17,17,17,17,17,17,daily,2023-11-12,baselinenowcast
2023-04-19,24,24,20,20,20,20,20,20,20,20,20,daily,2023-11-12,baselinenowcast
2023-04-20,16,16,12,12,12,12,12,12,12,12,12,daily,2023-11-12,baselinenowcast
2023-04-21,25,25,19,19,19,19,19,19,19,19,19,daily,2023-11-12,baselinenowcast
2023-04-22,8,8,8,8,8,8,8,8,8,8,8,daily,2023-11-12,baselinenowcast
2023-04-23,8,8,6,6,6,6,6,6,6,6,6,daily,2023-11-12,baselinenowcast
2023-04-24,14,14,14,14,14,14,14,14,14,14,14,daily,2023-11-12,baselinenowcast
2023-04-25,24,24,19,19,19,19,19,19,19,19,19,daily,2023-11-12,baselinenowcast
2023-04-26,26,26,23,23,23,23,23,23,23,23,23,daily,2023-11-12,baselinenowcast
2023-04-27,34,34,32,32,32,32,32,32,32,32,32,daily,2023-11-12,baselinenowcast
2023-04-28,20,20,12,12,12,12,12,12,12,12,12,daily,2023-11-12,baselinenowcast
2023-04-29,15,15,14,14,14,14,14,14,14,14,14,daily,2023-11-12,baselinenowcast
2023-04-30,20,20,15,15,15,15,15,15,15,15,15,daily,2023-11-12,baselinenowcast
2023-05-01,14,14,10,10,10,10,10,10,10,10,10,daily,2023-11-12,baselinenowcast
2023-05-02,25,25,14,14,14,14,14,14,14,14,14,daily,2023-11-12,baselinenowcast
2023-05-03,27,27,19,19,19,19,19,19,19,19,19,daily,2023-11-12,baselinenowcast
2023-05-04,42,42,29,29,29,29,29,29,29,29,29,daily,2023-11-12,baselinenowcast
2023-05-05,23,23,19,19,19,19,19,19,19,19,19,daily,2023-11-12,baselinenowcast
2023-05-06,13,13,11,11,11,11,11,11,11,11,11,daily,2023-11-12,baselinenowcast
2023-05-07,20,20,14,14,14,14,14,14,14,14,14,daily,2023-11-12,baselinenowcast
2023-05-08,16,16,13,13,13,13,13,13,13,13,13,daily,2023-11-12,baselinenowcast
2023-05-09,15,15,11,11,11,11,11,11,11,11,11,daily,2023-11-12,baselinenowcast
2023-05-10,26,26,21,21,21,21,21,21,21,21,21,daily,2023-11-12,baselinenowcast
2023-05-11,19,19,15,15,15,15,15,15,15,15,15,daily,2023-11-12,baselinenowcast
2023-05-12,21,21,15,15,15,15,15,15,15,15,15,daily,2023-11-12,baselinenowcast
2023-05-13,13,13,13,13,13,13,13,13,13,13,13,daily,2023-11-12,baselinenowcast
2023-05-14,24,24,10,10,10,10,10,10,10,10,10,daily,2023-11-12,baselinenowcast
2023-05-15,21,21,12,12,12,12,12,12,12,12,12,daily,2023-11-12,baselinenowcast
2023-05-16,23,23,19,19,19,19,19,19,19,19,19,daily,2023-11-12,baselinenowcast
2023-05-17,20,20,14,14,14,14,14,14,14,14,14,daily,2023-11-12,baselinenowcast
2023-05-18,23,23,12,12,12,12,12,12,12,12,12,daily,2023-11-12,baselinenowcast
2023-05-19,14,14,7,7,7,7,7,7,7,7,7,daily,2023-11-12,baselinenowcast
2023-05-20,12,12,7,7,7,7,7,7,7,7,7,daily,2023-11-12,baselinenowcast
2023-05-21,23,23,15,15,15,15,15,15,15,15,15,daily,2023-11-12,baselinenowcast
2023-05-22,18,18,12,12,12,12,12,12,12,12,12,daily,2023-11-12,baselinenowcast
2023-05-23,17,17,15,15,15,15,15,15,15,15,15,daily,2023-11-12,baselinenowcast
2023-05-24,22,22,12,12,12,12,12,12,12,12,12,daily,2023-11-12,baselinenowcast
2023-05-25,19,19,15,15,15,15,15,15,15,15,15,daily,2023-11-12,baselinenowcast
2023-05-26,20,20,16,16,16,16,16,16,16,16,16,daily,2023-11-12,baselinenowcast
2023-05-27,11,11,2,2,2,2,2,2,2,2,2,daily,2023-11-12,baselinenowcast
2023-05-28,6,6,6,6,6,6,6,6,6,6,6,daily,2023-11-12,baselinenowcast
2023-05-29,9,9,2,2,2,2,2,2,2,2,2,daily,2023-11-12,baselinenowcast
2023-05-30,26,26,21,21,21,21,21,21,21,21,21,daily,2023-11-12,baselinenowcast
2023-05-31,22,22,15,15,15,15,15,15,15,15,15,daily,2023-11-12,baselinenowcast
2023-06-01,18,18,8,8,8,8,8,8,8,8,8,daily,2023-11-12,baselinenowcast
2023-06-02,17,17,10,10,10,10,10,10,10,10,10,daily,2023-11-12,baselinenowcast
2023-06-03,10,10,6,6,6,6,6,6,6,6,6,daily,2023-11-12,baselinenowcast
2023-06-04,15,15,8,8,8,8,8,8,8,8,8,daily,2023-11-12,baselinenowcast
2023-06-05,22,22,17,17,17,17,17,17,17,17,17,daily,2023-11-12,baselinenowcast
2023-06-06,29,29,21,21,21,21,21,21,21,21,21,daily,2023-11-12,baselinenowcast
2023-06-07,27,27,22,22,22,22,22,22,22,22,22,daily,2023-11-12,baselinenowcast
2023-06-08,21,21,11,11,11,11,11,11,11,11,11,daily,2023-11-12,baselinenowcast
2023-06-09,7,7,2,2,2,2,2,2,2,2,2,daily,2023-11-12,baselinenowcast
2023-06-10,12,12,11,11,11,11,11,11,11,11,11,daily,2023-11-12,baselinenowcast
2023-06-11,7,7,2,2,2,2,2,2,2,2,2,daily,2023-11-12,baselinenowcast
2023-06-12,15,15,10,10,10,10,10,10,10,10,10,daily,2023-11-12,baselinenowcast
2023-06-13,17,17,15,15,15,15,15,15,15,15,15,daily,2023-11-12,baselinenowcast
2023-06-14,9,9,3,3,3,3,3,3,3,3,3,daily,2023-11-12,baselinenowcast
2023-06-15,22,22,9,9,9,9,9,9,9,9,9,daily,2023-11-12,baselinenowcast
2023-06-16,17,17,17,17,17,17,17,17,17,17,17,daily,2023-11-12,baselinenowcast
2023-06-17,12,12,10,10,10,10,10,10,10,10,10,daily,2023-11-12,baselinenowcast
2023-06-18,5,5,1,1,1,1,1,1,1,1,1,daily,2023-11-12,baselinenowcast
2023-06-19,16,16,11,11,11,11,11,11,11,11,11,daily,2023-11-12,baselinenowcast
2023-06-20,17,17,10,10,10,10,10,10,10,10,10,daily,2023-11-12,baselinenowcast
2023-06-21,15,15,12,12,12,12,12,12,12,12,12,daily,2023-11-12,baselinenowcast
2023-06-22,18,18,17,17,17,17,17,17,17,17,17,daily,2023-11-12,baselinenowcast
2023-06-23,10,10,7,7,7,7,7,7,7,7,7,daily,2023-11-12,baselinenowcast
2023-06-24,8,8,6,6,6,6,6,6,6,6,6,daily,2023-11-12,baselinenowcast
2023-06-25,15,15,6,6,6,6,6,6,6,6,6,daily,2023-11-12,baselinenowcast
2023-06-26,2,2,2,2,2,2,2,2,2,2,2,daily,2023-11-12,baselinenowcast
2023-06-27,11,11,10,10,10,10,10,10,10,10,10,daily,2023-11-12,baselinenowcast
2023-06-28,15,15,12,12,12,12,12,12,12,12,12,daily,2023-11-12,baselinenowcast
2023-06-29,12,12,9,9,9,9,9,9,9,9,9,daily,2023-11-12,baselinenowcast
2023-06-30,7,7,6,6,6,6,6,6,6,6,6,daily,2023-11-12,baselinenowcast
2023-07-01,4,4,1,1,1,1,1,1,1,1,1,daily,2023-11-12,baselinenowcast
2023-07-02,8,8,2,2,2,2,2,2,2,2,2,daily,2023-11-12,baselinenowcast
2023-07-03,23,23,13,13,13,13,13,13,13,13,13,daily,2023-11-12,baselinenowcast
2023-07-04,13,13,10,10,10,10,10,10,10,10,10,daily,2023-11-12,baselinenowcast
2023-07-05,19,19,17,17,17,17,17,17,17,17,17,daily,2023-11-12,baselinenowcast
2023-07-06,14,14,8,8,8,8,8,8,8,8,8,daily,2023-11-12,baselinenowcast
2023-07-07,15,15,12,12,12,12,12,12,12,12,12,daily,2023-11-12,baselinenowcast
2023-07-08,5,5,2,2,2,2,2,2,2,2,2,daily,2023-11-12,baselinenowcast
2023-07-09,5,5,3,3,3,3,3,3,3,3,3,daily,2023-11-12,baselinenowcast
2023-07-10,13,13,10,10,10,10,10,10,10,10,10,daily,2023-11-12,baselinenowcast
2023-07-11,13,13,10,10,10,10,10,10,10,10,10,daily,2023-11-12,baselinenowcast
2023-07-12,13,13,10,10,10,10,10,10,10,10,10,daily,2023-11-12,baselinenowcast
2023-07-13,18,18,14,14,14,14,14,14,14,14,14,daily,2023-11-12,baselinenowcast
2023-07-14,10,10,9,9,9,9,9,9,9,9,9,daily,2023-11-12,baselinenowcast
2023-07-15,9,9,7,7,7,7,7,7,7,7,7,daily,2023-11-12,baselinenowcast
2023-07-16,19,19,6,6,6,6,6,6,6,6,6,daily,2023-11-12,baselinenowcast
2023-07-17,9,9,6,6,6,6,6,6,6,6,6,daily,2023-11-12,baselinenowcast
2023-07-18,22,22,16,16,16,16,16,16,16,16,16,daily,2023-11-12,baselinenowcast
2023-07-19,17,17,11,11,11,11,11,11,11,11,11,daily,2023-11-12,baselinenowcast
2023-07-20,27,27,19,19,19,19,19,19,19,19,19,daily,2023-11-12,baselinenowcast
2023-07-21,15,15,5,5,5,5,5,5,5,5,5,daily,2023-11-12,baselinenowcast
2023-07-22,6,6,3,3,3,3,3,3,3,3,3,daily,2023-11-12,baselinenowcast
2023-07-23,10,10,5,5,5,5,5,5,5,5,5,daily,2023-11-12,baselinenowcast
2023-07-24,15,15,14,14,14,14,14,14,14,14,14,daily,2023-11-12,baselinenowcast
2023-07-25,23,23,16,16,16,16,16,16,16,16,16,daily,2023-11-12,baselinenowcast
2023-07-26,15,15,10,10,10,10,10,10,10,10,10,daily,2023-11-12,baselinenowcast
2023-07-27,25,25,13,13,13,13,13,13,13,13,13,daily,2023-11-12,baselinenowcast
2023-07-28,9,9,8,8,8,8,8,8,8,8,8,daily,2023-11-12,baselinenowcast
2023-07-29,8,8,4,4,4,4,4,4,4,4,4,daily,2023-11-12,baselinenowcast
2023-07-30,6,6,3,3,3,3,3,3,3,3,3,daily,2023-11-12,baselinenowcast
2023-07-31,14,14,8,8,8,8,8,8,8,8,8,daily,2023-11-12,baselinenowcast
2023-08-01,9,9,3,3,3,3,3,3,3,3,3,daily,2023-11-12,baselinenowcast
2023-08-02,12,12,8,8,8,8,8,8,8,8,8,daily,2023-11-12,baselinenowcast
2023-08-03,21,21,15,15,15,15,15,15,15,15,15,daily,2023-11-12,baselinenowcast
2023-08-04,2,2,2,2,2,2,2,2,2,2,2,daily,2023-11-12,baselinenowcast
2023-08-05,10,10,7,7,7,7,7,7,7,7,7,daily,2023-11-12,baselinenowcast
2023-08-06,5,5,3,3,3,3,3,3,3,3,3,daily,2023-11-12,baselinenowcast
2023-08-07,15,15,7,7,7,7,7,7,7,7,7,daily,2023-11-12,baselinenowcast
2023-08-08,26,26,20,20,20,20,20,20,20,20,20,daily,2023-11-12,baselinenowcast
2023-08-09,15,15,13,13,13,13,13,13,13,13,13,daily,2023-11-12,baselinenowcast
2023-08-10,14,14,7,7,7,7,7,7,7,7,7,daily,2023-11-12,baselinenowcast
2023-08-11,16,16,13,13,13,13,13,13,13,13,13,daily,2023-11-12,baselinenowcast
2023-08-12,8,8,5,5,5,5,5,5,5,5,5,daily,2023-11-12,baselinenowcast
2023-08-13,4,4,2,2,2,2,2,2,2,2,2,daily,2023-11-12,baselinenowcast
2023-08-14,22,22,14,14,14,14,14,14,14,14,14,daily,2023-11-12,baselinenowcast
2023-08-15,16,16,13,13,13,13,13,13,13,13,13,daily,2023-11-12,baselinenowcast
2023-08-16,8,8,6,6,6,6,6,6,6,6,6,daily,2023-11-12,baselinenowcast
2023-08-17,18,18,16,16,16,16,16,16,16,16,16,daily,2023-11-12,baselinenowcast
2023-08-18,17,17,14,14,14,14,14,14,14,14,14,daily,2023-11-12,baselinenowcast
2023-08-19,11,11,5,5,5,5,5,5,5,5,5,daily,2023-11-12,baselinenowcast
2023-08-20,7,7,2,2,2,2,2,2,2,2,2,daily,2023-11-12,baselinenowcast
2023-08-21,17,17,16,16,16,16,16,16,16,16,16,daily,2023-11-12,baselinenowcast
2023-08-22,11,11,7,7,7,7,7,7,7,7,7,daily,2023-11-12,baselinenowcast
2023-08-23,18,18,5,5,5,5,5,5,5,5,5,daily,2023-11-12,baselinenowcast
2023-08-24,10,10,7,7,7,7,7,7,7,7,7,daily,2023-11-12,baselinenowcast
2023-08-25,12,12,10,10,10,10,10,10,10,10,10,daily,2023-11-12,baselinenowcast
2023-08-26,15,15,13,13,13,13,13,13,13,13,13,daily,2023-11-12,baselinenowcast
2023-08-27,6,6,3,3,3,3,3,3,3,3,3,daily,2023-11-12,baselinenowcast
2023-08-28,3,3,2,2,2,2,2,2,2,2,2,daily,2023-11-12,baselinenowcast
2023-08-29,10,10,7,7,7,7,7,7,7,7,7,daily,2023-11-12,baselinenowcast
2023-08-30,17,17,15,15,15,15,15,15,15,15,15,daily,2023-11-12,baselinenowcast
2023-08-31,12,12,4,4,4,4,4,4,4,4,4,daily,2023-11-12,baselinenowcast
2023-09-01,8,8,3,3,3,3,3,3,3,3,3,daily,2023-11-12,baselinenowcast
2023-09-02,10,10,6,6,6,6,6,6,6,6,6,daily,2023-11-12,baselinenowcast
2023-09-03,7,7,1,1,1,1,1,1,1,1,1,daily,2023-11-12,baselinenowcast
2023-09-04,16,16,9,9,9,9,9,9,9,9,9,daily,2023-11-12,baselinenowcast
2023-09-05,9,9,5,5,5,5,5,5,5,5,5,daily,2023-11-12,baselinenowcast
2023-09-06,11,11,8,8,8,8,8,8,8,8,8,daily,2023-11-12,baselinenowcast
2023-09-07,15,15,3,3,3,3,3,3,3,3,3,daily,2023-11-12,baselinenowcast
2023-09-08,13,13,7,7,7,7,7,7,7,7,7,daily,2023-11-12,baselinenowcast
2023-09-09,13,13,10,10,10,10,10,10,10,10,10,daily,2023-11-12,baselinenowcast
2023-09-10,5,5,5,5,5,5,5,5,5,5,5,daily,2023-11-12,baselinenowcast
2023-09-11,18,18,11,11,11,11,11,11,11,11,11,daily,2023-11-12,baselinenowcast
2023-09-12,14,14,8,8,8,8,8,8,8,8,8,daily,2023-11-12,baselinenowcast
2023-09-13,11,11,7,7,7,7,7,7,7,7,7,daily,2023-11-12,baselinenowcast
2023-09-14,9,9,4,4,4,4,4,4,4,4,4,daily,2023-11-12,baselinenowcast
2023-09-15,17,17,6,6,6,6,6,6,6,6,6,daily,2023-11-12,baselinenowcast
2023-09-16,10,10,7,7,7,7,7,7,7,7,7,daily,2023-11-12,baselinenowcast
2023-09-17,4,4,4,4,4,4,4,4,4,4,4,daily,2023-11-12,baselinenowcast
2023-09-18,8,8,4,4,4,4,4,4,4,4,4,daily,2023-11-12,baselinenowcast
2023-09-19,13,13,11,11,11,11,11,11,11,11,11,daily,2023-11-12,baselinenowcast
2023-09-20,19,19,16,16,16,16,16,16,16,16,16,daily,2023-11-12,baselinenowcast
2023-09-21,8,8,2,2,2,2,2,2,2,2,2,daily,2023-11-12,baselinenowcast
2023-09-22,12,12,3,3,3,3,3,3,3,3,3,daily,2023-11-12,baselinenowcast
2023-09-23,11,11,10,10,10,10,10,10,10,10,10,daily,2023-11-12,baselinenowcast
2023-09-24,4,4,0,0,0,0,0,0,0,0,0,daily,2023-11-12,baselinenowcast
2023-09-25,4,4,2,2,2,2,2,2,2,2,2,daily,2023-11-12,baselinenowcast
2023-09-26,8,9,7,7,7,7,7,7,7,7,7,daily,2023-11-12,baselinenowcast
2023-09-27,6,6,3,3,3,3,3,3,3,3,3,daily,2023-11-12,baselinenowcast
2023-09-28,14,15,9,9,9,9,9,9,9,9,9,daily,2023-11-12,baselinenowcast
2023-09-29,7,7,4,4,4,4,4,4,4,4,4,daily,2023-11-12,baselinenowcast
2023-09-30,5,6,3,3,3,3,3,3,3,3,3,daily,2023-11-12,baselinenowcast
2023-10-01,5,7,0,0,0,0,0,0,0,0,0,daily,2023-11-12,baselinenowcast
2023-10-02,3,4,2,2,2,2,2,2,2,2,2,daily,2023-11-12,baselinenowcast
2023-10-03,6,6,5,5,5,5,5,5,5,5,5,daily,2023-11-12,baselinenowcast
2023-10-04,2,3,0,0,0,0,0,0,0,0,0,daily,2023-11-12,baselinenowcast
2023-10-05,10,10,6,6,6,6,6,6,6,6,6,daily,2023-11-12,baselinenowcast
2023-10-06,11,12,3,3,3,3,3,3,3,3,3,daily,2023-11-12,baselinenowcast
2023-10-07,2,3,1,1,1,1,1,1,1,1,1,daily,2023-11-12,baselinenowcast
2023-10-08,15,19,8,8,8,8,8,8,8,8,8,daily,2023-11-12,baselinenowcast
2023-10-09,17,21,9,9,9,9,9,9,9,9,9,daily,2023-11-12,baselinenowcast
2023-10-10,7,8,4,4,4,4,4,4,4,4,4,daily,2023-11-12,baselinenowcast
2023-10-11,6,9,5,5,5,5,5,5,5,5,5,daily,2023-11-12,baselinenowcast
2023-10-12,12,15,8,8,8,8,8,8,8,8,8,daily,2023-11-12,baselinenowcast
2023-10-13,13,17,12,12,12,12,12,12,12,12,12,daily,2023-11-12,baselinenowcast
2023-10-14,5,5,3,3,3,3,3,3,3,3,3,daily,2023-11-12,baselinenowcast
2023-10-15,11,14,8,8,8,8,8,8,8,8,8,daily,2023-11-12,baselinenowcast
2023-10-16,11,14,10,10,10,10,10,10,10,10,10,daily,2023-11-12,baselinenowcast
2023-10-17,15,17,15,15,15,15,15,15,15,15,15,daily,2023-11-12,baselinenowcast
2023-10-18,12,17,10,10,10,10,10,10,10,10,10,daily,2023-11-12,baselinenowcast
2023-10-19,9,16,7,7,7,7,7,7,7,7,7,daily,2023-11-12,baselinenowcast
2023-10-20,12,18,7,7,7,7,7,7,7,7,7,daily,2023-11-12,baselinenowcast
2023-10-21,6,14,4,4,4,4,4,4,4,4,4,daily,2023-11-12,baselinenowcast
2023-10-22,1,7,1,1,1,1,1,1,1,1,1,daily,2023-11-12,baselinenowcast
2023-10-23,10,12,10,10,10,10,10,10,10,10,10,daily,2023-11-12,baselinenowcast
2023-10-24,12,15,12,12,12,12,12,12,12,12,12,daily,2023-11-12,baselinenowcast
2023-10-25,10,17,10,10,10,10,10,10,10,10,10,daily,2023-11-12,baselinenowcast
2023-10-26,11,16,11,11,11,11,11,11,11,11,11,daily,2023-11-12,baselinenowcast
2023-10-27,7,10,7,7,7,7,7,7,7,7,7,daily,2023-11-12,baselinenowcast
2023-10-28,4,9,4,4,4,4,4,4,4,4,4,daily,2023-11-12,baselinenowcast
2023-10-29,1,7,1,1,1,1,1,1,1,1,1,daily,2023-11-12,baselinenowcast
2023-10-30,9,16,9,9,11,9,13,9,9,9,9,daily,2023-11-12,baselinenowcast
2023-10-31,5,8,5,5,7,5,9,5,5,5,5,daily,2023-11-12,baselinenowcast
2023-11-01,7,12,7,7,10,7,12,7,7,7,8,daily,2023-11-12,baselinenowcast
2023-11-02,13,27,13,13,22,13,26.024999999999977,13,14,13,15,daily,2023-11-12,baselinenowcast
2023-11-03,12,18,12,12,21.049999999999955,12,25,12,15,12,16,daily,2023-11-12,baselinenowcast
2023-11-04,1,13,1,1,2,1,3,1,1,1,1,daily,2023-11-12,baselinenowcast
2023-11-05,6,9,7,6,11,6,13,6,8,6,9,daily,2023-11-12,baselinenowcast
2023-11-06,12,23,14,12,21,12,23,13,16,12,18,daily,2023-11-12,baselinenowcast
2023-11-07,10,13,12,10,19,10,22.024999999999977,10,14,10,16,daily,2023-11-12,baselinenowcast
2023-11-08,5,7,6,5,11,5,13,5,7,5,8,daily,2023-11-12,baselinenowcast
2023-11-09,9,20,12,9,21.049999999999955,9,24,10,15,10,16,daily,2023-11-12,baselinenowcast
2023-11-10,7,19,11,7,21,7,24,9,14,8,16,daily,2023-11-12,baselinenowcast
2023-11-11,2,12,7,2,21,2,26,4,12,3,14,daily,2023-11-12,baselinenowcast
2023-11-12,0,14,6,0,63.049999999999955,0,87.04999999999995,1,19,0,27,daily,2023-11-12,baselinenowcast
2023-04-01,24,24,21,21,21,21,21,21,21,21,21,daily,2023-11-19,baselinenowcast
2023-04-02,23,23,18,18,18,18,18,18,18,18,18,daily,2023-11-19,baselinenowcast
2023-04-03,27,27,22,22,22,22,22,22,22,22,22,daily,2023-11-19,baselinenowcast
2023-04-04,44,44,35,35,35,35,35,35,35,35,35,daily,2023-11-19,baselinenowcast
2023-04-05,38,38,31,31,31,31,31,31,31,31,31,daily,2023-11-19,baselinenowcast
2023-04-06,33,33,28,28,28,28,28,28,28,28,28,daily,2023-11-19,baselinenowcast
2023-04-07,14,14,12,12,12,12,12,12,12,12,12,daily,2023-11-19,baselinenowcast
2023-04-08,26,26,20,20,20,20,20,20,20,20,20,daily,2023-11-19,baselinenowcast
2023-04-09,31,31,25,25,25,25,25,25,25,25,25,daily,2023-11-19,baselinenowcast
2023-04-10,17,17,12,12,12,12,12,12,12,12,12,daily,2023-11-19,baselinenowcast
2023-04-11,44,44,41,41,41,41,41,41,41,41,41,daily,2023-11-19,baselinenowcast
2023-04-12,32,32,27,27,27,27,27,27,27,27,27,daily,2023-11-19,baselinenowcast
2023-04-13,31,31,27,27,27,27,27,27,27,27,27,daily,2023-11-19,baselinenowcast
2023-04-14,27,27,20,20,20,20,20,20,20,20,20,daily,2023-11-19,baselinenowcast
2023-04-15,32,32,26,26,26,26,26,26,26,26,26,daily,2023-11-19,baselinenowcast
2023-04-16,17,17,12,12,12,12,12,12,12,12,12,daily,2023-11-19,baselinenowcast
2023-04-17,31,31,28,28,28,28,28,28,28,28,28,daily,2023-11-19,baselinenowcast
2023-04-18,23,23,17,17,17,17,17,17,17,17,17,daily,2023-11-19,baselinenowcast
2023-04-19,24,24,20,20,20,20,20,20,20,20,20,daily,2023-11-19,baselinenowcast
2023-04-20,16,16,12,12,12,12,12,12,12,12,12,daily,2023-11-19,baselinenowcast
2023-04-21,25,25,19,19,19,19,19,19,19,19,19,daily,2023-11-19,baselinenowcast
2023-04-22,8,8,8,8,8,8,8,8,8,8,8,daily,2023-11-19,baselinenowcast
2023-04-23,8,8,6,6,6,6,6,6,6,6,6,daily,2023-11-19,baselinenowcast
2023-04-24,14,14,14,14,14,14,14,14,14,14,14,daily,2023-11-19,baselinenowcast
2023-04-25,24,24,19,19,19,19,19,19,19,19,19,daily,2023-11-19,baselinenowcast
2023-04-26,26,26,23,23,23,23,23,23,23,23,23,daily,2023-11-19,baselinenowcast
2023-04-27,34,34,32,32,32,32,32,32,32,32,32,daily,2023-11-19,baselinenowcast
2023-04-28,20,20,12,12,12,12,12,12,12,12,12,daily,2023-11-19,baselinenowcast
2023-04-29,15,15,14,14,14,14,14,14,14,14,14,daily,2023-11-19,baselinenowcast
2023-04-30,20,20,15,15,15,15,15,15,15,15,15,daily,2023-11-19,baselinenowcast
2023-05-01,14,14,10,10,10,10,10,10,10,10,10,daily,2023-11-19,baselinenowcast
2023-05-02,25,25,14,14,14,14,14,14,14,14,14,daily,2023-11-19,baselinenowcast
2023-05-03,27,27,19,19,19,19,19,19,19,19,19,daily,2023-11-19,baselinenowcast
2023-05-04,42,42,29,29,29,29,29,29,29,29,29,daily,2023-11-19,baselinenowcast
2023-05-05,23,23,19,19,19,19,19,19,19,19,19,daily,2023-11-19,baselinenowcast
2023-05-06,13,13,11,11,11,11,11,11,11,11,11,daily,2023-11-19,baselinenowcast
2023-05-07,20,20,14,14,14,14,14,14,14,14,14,daily,2023-11-19,baselinenowcast
2023-05-08,16,16,13,13,13,13,13,13,13,13,13,daily,2023-11-19,baselinenowcast
2023-05-09,15,15,11,11,11,11,11,11,11,11,11,daily,2023-11-19,baselinenowcast
2023-05-10,26,26,21,21,21,21,21,21,21,21,21,daily,2023-11-19,baselinenowcast
2023-05-11,19,19,15,15,15,15,15,15,15,15,15,daily,2023-11-19,baselinenowcast
2023-05-12,21,21,15,15,15,15,15,15,15,15,15,daily,2023-11-19,baselinenowcast
2023-05-13,13,13,13,13,13,13,13,13,13,13,13,daily,2023-11-19,baselinenowcast
2023-05-14,24,24,10,10,10,10,10,10,10,10,10,daily,2023-11-19,baselinenowcast
2023-05-15,21,21,12,12,12,12,12,12,12,12,12,daily,2023-11-19,baselinenowcast
2023-05-16,23,23,19,19,19,19,19,19,19,19,19,daily,2023-11-19,baselinenowcast
2023-05-17,20,20,14,14,14,14,14,14,14,14,14,daily,2023-11-19,baselinenowcast
2023-05-18,23,23,12,12,12,12,12,12,12,12,12,daily,2023-11-19,baselinenowcast
2023-05-19,14,14,7,7,7,7,7,7,7,7,7,daily,2023-11-19,baselinenowcast
2023-05-20,12,12,7,7,7,7,7,7,7,7,7,daily,2023-11-19,baselinenowcast
2023-05-21,23,23,15,15,15,15,15,15,15,15,15,daily,2023-11-19,baselinenowcast
2023-05-22,18,18,12,12,12,12,12,12,12,12,12,daily,2023-11-19,baselinenowcast
2023-05-23,17,17,15,15,15,15,15,15,15,15,15,daily,2023-11-19,baselinenowcast
2023-05-24,22,22,12,12,12,12,12,12,12,12,12,daily,2023-11-19,baselinenowcast
2023-05-25,19,19,15,15,15,15,15,15,15,15,15,daily,2023-11-19,baselinenowcast
2023-05-26,20,20,16,16,16,16,16,16,16,16,16,daily,2023-11-19,baselinenowcast
2023-05-27,11,11,2,2,2,2,2,2,2,2,2,daily,2023-11-19,baselinenowcast
2023-05-28,6,6,6,6,6,6,6,6,6,6,6,daily,2023-11-19,baselinenowcast
2023-05-29,9,9,2,2,2,2,2,2,2,2,2,daily,2023-11-19,baselinenowcast
2023-05-30,26,26,21,21,21,21,21,21,21,21,21,daily,2023-11-19,baselinenowcast
2023-05-31,22,22,15,15,15,15,15,15,15,15,15,daily,2023-11-19,baselinenowcast
2023-06-01,18,18,8,8,8,8,8,8,8,8,8,daily,2023-11-19,baselinenowcast
2023-06-02,17,17,10,10,10,10,10,10,10,10,10,daily,2023-11-19,baselinenowcast
2023-06-03,10,10,6,6,6,6,6,6,6,6,6,daily,2023-11-19,baselinenowcast
2023-06-04,15,15,8,8,8,8,8,8,8,8,8,daily,2023-11-19,baselinenowcast
2023-06-05,22,22,17,17,17,17,17,17,17,17,17,daily,2023-11-19,baselinenowcast
2023-06-06,29,29,21,21,21,21,21,21,21,21,21,daily,2023-11-19,baselinenowcast
2023-06-07,27,27,22,22,22,22,22,22,22,22,22,daily,2023-11-19,baselinenowcast
2023-06-08,21,21,11,11,11,11,11,11,11,11,11,daily,2023-11-19,baselinenowcast
2023-06-09,7,7,2,2,2,2,2,2,2,2,2,daily,2023-11-19,baselinenowcast
2023-06-10,12,12,11,11,11,11,11,11,11,11,11,daily,2023-11-19,baselinenowcast
2023-06-11,7,7,2,2,2,2,2,2,2,2,2,daily,2023-11-19,baselinenowcast
2023-06-12,15,15,10,10,10,10,10,10,10,10,10,daily,2023-11-19,baselinenowcast
2023-06-13,17,17,15,15,15,15,15,15,15,15,15,daily,2023-11-19,baselinenowcast
2023-06-14,9,9,3,3,3,3,3,3,3,3,3,daily,2023-11-19,baselinenowcast
2023-06-15,22,22,9,9,9,9,9,9,9,9,9,daily,2023-11-19,baselinenowcast
2023-06-16,17,17,17,17,17,17,17,17,17,17,17,daily,2023-11-19,baselinenowcast
2023-06-17,12,12,10,10,10,10,10,10,10,10,10,daily,2023-11-19,baselinenowcast
2023-06-18,5,5,1,1,1,1,1,1,1,1,1,daily,2023-11-19,baselinenowcast
2023-06-19,16,16,11,11,11,11,11,11,11,11,11,daily,2023-11-19,baselinenowcast
2023-06-20,17,17,10,10,10,10,10,10,10,10,10,daily,2023-11-19,baselinenowcast
2023-06-21,15,15,12,12,12,12,12,12,12,12,12,daily,2023-11-19,baselinenowcast
2023-06-22,18,18,17,17,17,17,17,17,17,17,17,daily,2023-11-19,baselinenowcast
2023-06-23,10,10,7,7,7,7,7,7,7,7,7,daily,2023-11-19,baselinenowcast
2023-06-24,8,8,6,6,6,6,6,6,6,6,6,daily,2023-11-19,baselinenowcast
2023-06-25,15,15,6,6,6,6,6,6,6,6,6,daily,2023-11-19,baselinenowcast
2023-06-26,2,2,2,2,2,2,2,2,2,2,2,daily,2023-11-19,baselinenowcast
2023-06-27,11,11,10,10,10,10,10,10,10,10,10,daily,2023-11-19,baselinenowcast
2023-06-28,15,15,12,12,12,12,12,12,12,12,12,daily,2023-11-19,baselinenowcast
2023-06-29,12,12,9,9,9,9,9,9,9,9,9,daily,2023-11-19,baselinenowcast
2023-06-30,7,7,6,6,6,6,6,6,6,6,6,daily,2023-11-19,baselinenowcast
2023-07-01,4,4,1,1,1,1,1,1,1,1,1,daily,2023-11-19,baselinenowcast
2023-07-02,8,8,2,2,2,2,2,2,2,2,2,daily,2023-11-19,baselinenowcast
2023-07-03,23,23,13,13,13,13,13,13,13,13,13,daily,2023-11-19,baselinenowcast
2023-07-04,13,13,10,10,10,10,10,10,10,10,10,daily,2023-11-19,baselinenowcast
2023-07-05,19,19,17,17,17,17,17,17,17,17,17,daily,2023-11-19,baselinenowcast
2023-07-06,14,14,8,8,8,8,8,8,8,8,8,daily,2023-11-19,baselinenowcast
2023-07-07,15,15,12,12,12,12,12,12,12,12,12,daily,2023-11-19,baselinenowcast
2023-07-08,5,5,2,2,2,2,2,2,2,2,2,daily,2023-11-19,baselinenowcast
2023-07-09,5,5,3,3,3,3,3,3,3,3,3,daily,2023-11-19,baselinenowcast
2023-07-10,13,13,10,10,10,10,10,10,10,10,10,daily,2023-11-19,baselinenowcast
2023-07-11,13,13,10,10,10,10,10,10,10,10,10,daily,2023-11-19,baselinenowcast
2023-07-12,13,13,10,10,10,10,10,10,10,10,10,daily,2023-11-19,baselinenowcast
2023-07-13,18,18,14,14,14,14,14,14,14,14,14,daily,2023-11-19,baselinenowcast
2023-07-14,10,10,9,9,9,9,9,9,9,9,9,daily,2023-11-19,baselinenowcast
2023-07-15,9,9,7,7,7,7,7,7,7,7,7,daily,2023-11-19,baselinenowcast
2023-07-16,19,19,6,6,6,6,6,6,6,6,6,daily,2023-11-19,baselinenowcast
2023-07-17,9,9,6,6,6,6,6,6,6,6,6,daily,2023-11-19,baselinenowcast
2023-07-18,22,22,16,16,16,16,16,16,16,16,16,daily,2023-11-19,baselinenowcast
2023-07-19,17,17,11,11,11,11,11,11,11,11,11,daily,2023-11-19,baselinenowcast
2023-07-20,27,27,19,19,19,19,19,19,19,19,19,daily,2023-11-19,baselinenowcast
2023-07-21,15,15,5,5,5,5,5,5,5,5,5,daily,2023-11-19,baselinenowcast
2023-07-22,6,6,3,3,3,3,3,3,3,3,3,daily,2023-11-19,baselinenowcast
2023-07-23,10,10,5,5,5,5,5,5,5,5,5,daily,2023-11-19,baselinenowcast
2023-07-24,15,15,14,14,14,14,14,14,14,14,14,daily,2023-11-19,baselinenowcast
2023-07-25,23,23,16,16,16,16,16,16,16,16,16,daily,2023-11-19,baselinenowcast
2023-07-26,15,15,10,10,10,10,10,10,10,10,10,daily,2023-11-19,baselinenowcast
2023-07-27,25,25,13,13,13,13,13,13,13,13,13,daily,2023-11-19,baselinenowcast
2023-07-28,9,9,8,8,8,8,8,8,8,8,8,daily,2023-11-19,baselinenowcast
2023-07-29,8,8,4,4,4,4,4,4,4,4,4,daily,2023-11-19,baselinenowcast
2023-07-30,6,6,3,3,3,3,3,3,3,3,3,daily,2023-11-19,baselinenowcast
2023-07-31,14,14,8,8,8,8,8,8,8,8,8,daily,2023-11-19,baselinenowcast
2023-08-01,9,9,3,3,3,3,3,3,3,3,3,daily,2023-11-19,baselinenowcast
2023-08-02,12,12,8,8,8,8,8,8,8,8,8,daily,2023-11-19,baselinenowcast
2023-08-03,21,21,15,15,15,15,15,15,15,15,15,daily,2023-11-19,baselinenowcast
2023-08-04,2,2,2,2,2,2,2,2,2,2,2,daily,2023-11-19,baselinenowcast
2023-08-05,10,10,7,7,7,7,7,7,7,7,7,daily,2023-11-19,baselinenowcast
2023-08-06,5,5,3,3,3,3,3,3,3,3,3,daily,2023-11-19,baselinenowcast
2023-08-07,15,15,7,7,7,7,7,7,7,7,7,daily,2023-11-19,baselinenowcast
2023-08-08,26,26,20,20,20,20,20,20,20,20,20,daily,2023-11-19,baselinenowcast
2023-08-09,15,15,13,13,13,13,13,13,13,13,13,daily,2023-11-19,baselinenowcast
2023-08-10,14,14,7,7,7,7,7,7,7,7,7,daily,2023-11-19,baselinenowcast
2023-08-11,16,16,13,13,13,13,13,13,13,13,13,daily,2023-11-19,baselinenowcast
2023-08-12,8,8,5,5,5,5,5,5,5,5,5,daily,2023-11-19,baselinenowcast
2023-08-13,4,4,2,2,2,2,2,2,2,2,2,daily,2023-11-19,baselinenowcast
2023-08-14,22,22,14,14,14,14,14,14,14,14,14,daily,2023-11-19,baselinenowcast
2023-08-15,16,16,13,13,13,13,13,13,13,13,13,daily,2023-11-19,baselinenowcast
2023-08-16,8,8,6,6,6,6,6,6,6,6,6,daily,2023-11-19,baselinenowcast
2023-08-17,18,18,16,16,16,16,16,16,16,16,16,daily,2023-11-19,baselinenowcast
2023-08-18,17,17,14,14,14,14,14,14,14,14,14,daily,2023-11-19,baselinenowcast
2023-08-19,11,11,5,5,5,5,5,5,5,5,5,daily,2023-11-19,baselinenowcast
2023-08-20,7,7,2,2,2,2,2,2,2,2,2,daily,2023-11-19,baselinenowcast
2023-08-21,17,17,16,16,16,16,16,16,16,16,16,daily,2023-11-19,baselinenowcast
2023-08-22,11,11,7,7,7,7,7,7,7,7,7,daily,2023-11-19,baselinenowcast
2023-08-23,18,18,5,5,5,5,5,5,5,5,5,daily,2023-11-19,baselinenowcast
2023-08-24,10,10,7,7,7,7,7,7,7,7,7,daily,2023-11-19,baselinenowcast
2023-08-25,12,12,10,10,10,10,10,10,10,10,10,daily,2023-11-19,baselinenowcast
2023-08-26,15,15,13,13,13,13,13,13,13,13,13,daily,2023-11-19,baselinenowcast
2023-08-27,6,6,3,3,3,3,3,3,3,3,3,daily,2023-11-19,baselinenowcast
2023-08-28,3,3,2,2,2,2,2,2,2,2,2,daily,2023-11-19,baselinenowcast
2023-08-29,10,10,7,7,7,7,7,7,7,7,7,daily,2023-11-19,baselinenowcast
2023-08-30,17,17,15,15,15,15,15,15,15,15,15,daily,2023-11-19,baselinenowcast
2023-08-31,12,12,4,4,4,4,4,4,4,4,4,daily,2023-11-19,baselinenowcast
2023-09-01,8,8,3,3,3,3,3,3,3,3,3,daily,2023-11-19,baselinenowcast
2023-09-02,10,10,6,6,6,6,6,6,6,6,6,daily,2023-11-19,baselinenowcast
2023-09-03,7,7,1,1,1,1,1,1,1,1,1,daily,2023-11-19,baselinenowcast
2023-09-04,16,16,9,9,9,9,9,9,9,9,9,daily,2023-11-19,baselinenowcast
2023-09-05,9,9,5,5,5,5,5,5,5,5,5,daily,2023-11-19,baselinenowcast
2023-09-06,11,11,8,8,8,8,8,8,8,8,8,daily,2023-11-19,baselinenowcast
2023-09-07,15,15,3,3,3,3,3,3,3,3,3,daily,2023-11-19,baselinenowcast
2023-09-08,13,13,7,7,7,7,7,7,7,7,7,daily,2023-11-19,baselinenowcast
2023-09-09,13,13,10,10,10,10,10,10,10,10,10,daily,2023-11-19,baselinenowcast
2023-09-10,5,5,5,5,5,5,5,5,5,5,5,daily,2023-11-19,baselinenowcast
2023-09-11,18,18,11,11,11,11,11,11,11,11,11,daily,2023-11-19,baselinenowcast
2023-09-12,14,14,8,8,8,8,8,8,8,8,8,daily,2023-11-19,baselinenowcast
2023-09-13,11,11,7,7,7,7,7,7,7,7,7,daily,2023-11-19,baselinenowcast
2023-09-14,9,9,4,4,4,4,4,4,4,4,4,daily,2023-11-19,baselinenowcast
2023-09-15,17,17,6,6,6,6,6,6,6,6,6,daily,2023-11-19,baselinenowcast
2023-09-16,10,10,7,7,7,7,7,7,7,7,7,daily,2023-11-19,baselinenowcast
2023-09-17,4,4,4,4,4,4,4,4,4,4,4,daily,2023-11-19,baselinenowcast
2023-09-18,8,8,4,4,4,4,4,4,4,4,4,daily,2023-11-19,baselinenowcast
2023-09-19,13,13,11,11,11,11,11,11,11,11,11,daily,2023-11-19,baselinenowcast
2023-09-20,19,19,16,16,16,16,16,16,16,16,16,daily,2023-11-19,baselinenowcast
2023-09-21,8,8,2,2,2,2,2,2,2,2,2,daily,2023-11-19,baselinenowcast
2023-09-22,12,12,3,3,3,3,3,3,3,3,3,daily,2023-11-19,baselinenowcast
2023-09-23,11,11,10,10,10,10,10,10,10,10,10,daily,2023-11-19,baselinenowcast
2023-09-24,4,4,0,0,0,0,0,0,0,0,0,daily,2023-11-19,baselinenowcast
2023-09-25,4,4,2,2,2,2,2,2,2,2,2,daily,2023-11-19,baselinenowcast
2023-09-26,9,9,7,7,7,7,7,7,7,7,7,daily,2023-11-19,baselinenowcast
2023-09-27,6,6,3,3,3,3,3,3,3,3,3,daily,2023-11-19,baselinenowcast
2023-09-28,15,15,9,9,9,9,9,9,9,9,9,daily,2023-11-19,baselinenowcast
2023-09-29,7,7,4,4,4,4,4,4,4,4,4,daily,2023-11-19,baselinenowcast
2023-09-30,6,6,3,3,3,3,3,3,3,3,3,daily,2023-11-19,baselinenowcast
2023-10-01,7,7,0,0,0,0,0,0,0,0,0,daily,2023-11-19,baselinenowcast
2023-10-02,3,4,2,2,2,2,2,2,2,2,2,daily,2023-11-19,baselinenowcast
2023-10-03,6,6,5,5,5,5,5,5,5,5,5,daily,2023-11-19,baselinenowcast
2023-10-04,3,3,0,0,0,0,0,0,0,0,0,daily,2023-11-19,baselinenowcast
2023-10-05,10,10,6,6,6,6,6,6,6,6,6,daily,2023-11-19,baselinenowcast
2023-10-06,11,12,3,3,3,3,3,3,3,3,3,daily,2023-11-19,baselinenowcast
2023-10-07,3,3,1,1,1,1,1,1,1,1,1,daily,2023-11-19,baselinenowcast
2023-10-08,15,19,8,8,8,8,8,8,8,8,8,daily,2023-11-19,baselinenowcast
2023-10-09,18,21,9,9,9,9,9,9,9,9,9,daily,2023-11-19,baselinenowcast
2023-10-10,7,8,4,4,4,4,4,4,4,4,4,daily,2023-11-19,baselinenowcast
2023-10-11,7,9,5,5,5,5,5,5,5,5,5,daily,2023-11-19,baselinenowcast
2023-10-12,14,15,8,8,8,8,8,8,8,8,8,daily,2023-11-19,baselinenowcast
2023-10-13,13,17,12,12,12,12,12,12,12,12,12,daily,2023-11-19,baselinenowcast
2023-10-14,5,5,3,3,3,3,3,3,3,3,3,daily,2023-11-19,baselinenowcast
2023-10-15,12,14,8,8,8,8,8,8,8,8,8,daily,2023-11-19,baselinenowcast
2023-10-16,11,14,10,10,10,10,10,10,10,10,10,daily,2023-11-19,baselinenowcast
2023-10-17,15,17,15,15,15,15,15,15,15,15,15,daily,2023-11-19,baselinenowcast
2023-10-18,12,17,10,10,10,10,10,10,10,10,10,daily,2023-11-19,baselinenowcast
2023-10-19,10,16,7,7,7,7,7,7,7,7,7,daily,2023-11-19,baselinenowcast
2023-10-20,16,18,7,7,7,7,7,7,7,7,7,daily,2023-11-19,baselinenowcast
2023-10-21,7,14,4,4,4,4,4,4,4,4,4,daily,2023-11-19,baselinenowcast
2023-10-22,1,7,1,1,1,1,1,1,1,1,1,daily,2023-11-19,baselinenowcast
2023-10-23,10,12,10,10,10,10,10,10,10,10,10,daily,2023-11-19,baselinenowcast
2023-10-24,12,15,12,12,12,12,12,12,12,12,12,daily,2023-11-19,baselinenowcast
2023-10-25,16,17,10,10,10,10,10,10,10,10,10,daily,2023-11-19,baselinenowcast
2023-10-26,12,16,11,11,11,11,11,11,11,11,11,daily,2023-11-19,baselinenowcast
2023-10-27,7,10,7,7,7,7,7,7,7,7,7,daily,2023-11-19,baselinenowcast
2023-10-28,4,9,4,4,4,4,4,4,4,4,4,daily,2023-11-19,baselinenowcast
2023-10-29,2,7,1,1,1,1,1,1,1,1,1,daily,2023-11-19,baselinenowcast
2023-10-30,10,16,10,10,10,10,10,10,10,10,10,daily,2023-11-19,baselinenowcast
2023-10-31,6,8,6,6,6,6,6,6,6,6,6,daily,2023-11-19,baselinenowcast
2023-11-01,7,12,7,7,7,7,7,7,7,7,7,daily,2023-11-19,baselinenowcast
2023-11-02,13,27,13,13,13,13,13,13,13,13,13,daily,2023-11-19,baselinenowcast
2023-11-03,12,18,12,12,12,12,12,12,12,12,12,daily,2023-11-19,baselinenowcast
2023-11-04,1,13,1,1,1,1,1,1,1,1,1,daily,2023-11-19,baselinenowcast
2023-11-05,6,9,6,6,6,6,6,6,6,6,6,daily,2023-11-19,baselinenowcast
2023-11-06,13,23,13,13,14,13,15,13,13,13,13,daily,2023-11-19,baselinenowcast
2023-11-07,11,13,11,11,12,11,13,11,11,11,11,daily,2023-11-19,baselinenowcast
2023-11-08,5,7,5,5,6,5,7,5,5,5,5,daily,2023-11-19,baselinenowcast
2023-11-09,11,20,11,11,16,11,17,11,12,11,12,daily,2023-11-19,baselinenowcast
2023-11-10,16,19,16,16,25,16,28,16,18,16,19.16999999999996,daily,2023-11-19,baselinenowcast
2023-11-11,8,12,8,8,12,8,14,8,9,8,10,daily,2023-11-19,baselinenowcast
2023-11-12,5,14,5,5,8,5,9,5,6,5,6,daily,2023-11-19,baselinenowcast
2023-11-13,16,21,17,16,26,16,29.024999999999977,16,20,16,22,daily,2023-11-19,baselinenowcast
2023-11-14,11,14,12,11,19,11,22,11,14,11,15,daily,2023-11-19,baselinenowcast
2023-11-15,11,15,12,11,22,11,25,11,15,11,16,daily,2023-11-19,baselinenowcast
2023-11-16,6,21,7,6,14,6,17,6,9,6,10,daily,2023-11-19,baselinenowcast
2023-11-17,2,15,3,2,7,2,8,2,4,2,5,daily,2023-11-19,baselinenowcast
2023-11-18,0,14,1,0,5,0,6,0,2,0,3,daily,2023-11-19,baselinenowcast
2023-11-19,0,17,11,0,69,0,88.02499999999998,2,27,1,38,daily,2023-11-19,baselinenowcast
2023-04-01,24,24,21,21,21,21,21,21,21,21,21,daily,2023-11-26,baselinenowcast
2023-04-02,23,23,18,18,18,18,18,18,18,18,18,daily,2023-11-26,baselinenowcast
2023-04-03,27,27,22,22,22,22,22,22,22,22,22,daily,2023-11-26,baselinenowcast
2023-04-04,44,44,35,35,35,35,35,35,35,35,35,daily,2023-11-26,baselinenowcast
2023-04-05,38,38,31,31,31,31,31,31,31,31,31,daily,2023-11-26,baselinenowcast
2023-04-06,33,33,28,28,28,28,28,28,28,28,28,daily,2023-11-26,baselinenowcast
2023-04-07,14,14,12,12,12,12,12,12,12,12,12,daily,2023-11-26,baselinenowcast
2023-04-08,26,26,20,20,20,20,20,20,20,20,20,daily,2023-11-26,baselinenowcast
2023-04-09,31,31,25,25,25,25,25,25,25,25,25,daily,2023-11-26,baselinenowcast
2023-04-10,17,17,12,12,12,12,12,12,12,12,12,daily,2023-11-26,baselinenowcast
2023-04-11,44,44,41,41,41,41,41,41,41,41,41,daily,2023-11-26,baselinenowcast
2023-04-12,32,32,27,27,27,27,27,27,27,27,27,daily,2023-11-26,baselinenowcast
2023-04-13,31,31,27,27,27,27,27,27,27,27,27,daily,2023-11-26,baselinenowcast
2023-04-14,27,27,20,20,20,20,20,20,20,20,20,daily,2023-11-26,baselinenowcast
2023-04-15,32,32,26,26,26,26,26,26,26,26,26,daily,2023-11-26,baselinenowcast
2023-04-16,17,17,12,12,12,12,12,12,12,12,12,daily,2023-11-26,baselinenowcast
2023-04-17,31,31,28,28,28,28,28,28,28,28,28,daily,2023-11-26,baselinenowcast
2023-04-18,23,23,17,17,17,17,17,17,17,17,17,daily,2023-11-26,baselinenowcast
2023-04-19,24,24,20,20,20,20,20,20,20,20,20,daily,2023-11-26,baselinenowcast
2023-04-20,16,16,12,12,12,12,12,12,12,12,12,daily,2023-11-26,baselinenowcast
2023-04-21,25,25,19,19,19,19,19,19,19,19,19,daily,2023-11-26,baselinenowcast
2023-04-22,8,8,8,8,8,8,8,8,8,8,8,daily,2023-11-26,baselinenowcast
2023-04-23,8,8,6,6,6,6,6,6,6,6,6,daily,2023-11-26,baselinenowcast
2023-04-24,14,14,14,14,14,14,14,14,14,14,14,daily,2023-11-26,baselinenowcast
2023-04-25,24,24,19,19,19,19,19,19,19,19,19,daily,2023-11-26,baselinenowcast
2023-04-26,26,26,23,23,23,23,23,23,23,23,23,daily,2023-11-26,baselinenowcast
2023-04-27,34,34,32,32,32,32,32,32,32,32,32,daily,2023-11-26,baselinenowcast
2023-04-28,20,20,12,12,12,12,12,12,12,12,12,daily,2023-11-26,baselinenowcast
2023-04-29,15,15,14,14,14,14,14,14,14,14,14,daily,2023-11-26,baselinenowcast
2023-04-30,20,20,15,15,15,15,15,15,15,15,15,daily,2023-11-26,baselinenowcast
2023-05-01,14,14,10,10,10,10,10,10,10,10,10,daily,2023-11-26,baselinenowcast
2023-05-02,25,25,14,14,14,14,14,14,14,14,14,daily,2023-11-26,baselinenowcast
2023-05-03,27,27,19,19,19,19,19,19,19,19,19,daily,2023-11-26,baselinenowcast
2023-05-04,42,42,29,29,29,29,29,29,29,29,29,daily,2023-11-26,baselinenowcast
2023-05-05,23,23,19,19,19,19,19,19,19,19,19,daily,2023-11-26,baselinenowcast
2023-05-06,13,13,11,11,11,11,11,11,11,11,11,daily,2023-11-26,baselinenowcast
2023-05-07,20,20,14,14,14,14,14,14,14,14,14,daily,2023-11-26,baselinenowcast
2023-05-08,16,16,13,13,13,13,13,13,13,13,13,daily,2023-11-26,baselinenowcast
2023-05-09,15,15,11,11,11,11,11,11,11,11,11,daily,2023-11-26,baselinenowcast
2023-05-10,26,26,21,21,21,21,21,21,21,21,21,daily,2023-11-26,baselinenowcast
2023-05-11,19,19,15,15,15,15,15,15,15,15,15,daily,2023-11-26,baselinenowcast
2023-05-12,21,21,15,15,15,15,15,15,15,15,15,daily,2023-11-26,baselinenowcast
2023-05-13,13,13,13,13,13,13,13,13,13,13,13,daily,2023-11-26,baselinenowcast
2023-05-14,24,24,10,10,10,10,10,10,10,10,10,daily,2023-11-26,baselinenowcast
2023-05-15,21,21,12,12,12,12,12,12,12,12,12,daily,2023-11-26,baselinenowcast
2023-05-16,23,23,19,19,19,19,19,19,19,19,19,daily,2023-11-26,baselinenowcast
2023-05-17,20,20,14,14,14,14,14,14,14,14,14,daily,2023-11-26,baselinenowcast
2023-05-18,23,23,12,12,12,12,12,12,12,12,12,daily,2023-11-26,baselinenowcast
2023-05-19,14,14,7,7,7,7,7,7,7,7,7,daily,2023-11-26,baselinenowcast
2023-05-20,12,12,7,7,7,7,7,7,7,7,7,daily,2023-11-26,baselinenowcast
2023-05-21,23,23,15,15,15,15,15,15,15,15,15,daily,2023-11-26,baselinenowcast
2023-05-22,18,18,12,12,12,12,12,12,12,12,12,daily,2023-11-26,baselinenowcast
2023-05-23,17,17,15,15,15,15,15,15,15,15,15,daily,2023-11-26,baselinenowcast
2023-05-24,22,22,12,12,12,12,12,12,12,12,12,daily,2023-11-26,baselinenowcast
2023-05-25,19,19,15,15,15,15,15,15,15,15,15,daily,2023-11-26,baselinenowcast
2023-05-26,20,20,16,16,16,16,16,16,16,16,16,daily,2023-11-26,baselinenowcast
2023-05-27,11,11,2,2,2,2,2,2,2,2,2,daily,2023-11-26,baselinenowcast
2023-05-28,6,6,6,6,6,6,6,6,6,6,6,daily,2023-11-26,baselinenowcast
2023-05-29,9,9,2,2,2,2,2,2,2,2,2,daily,2023-11-26,baselinenowcast
2023-05-30,26,26,21,21,21,21,21,21,21,21,21,daily,2023-11-26,baselinenowcast
2023-05-31,22,22,15,15,15,15,15,15,15,15,15,daily,2023-11-26,baselinenowcast
2023-06-01,18,18,8,8,8,8,8,8,8,8,8,daily,2023-11-26,baselinenowcast
2023-06-02,17,17,10,10,10,10,10,10,10,10,10,daily,2023-11-26,baselinenowcast
2023-06-03,10,10,6,6,6,6,6,6,6,6,6,daily,2023-11-26,baselinenowcast
2023-06-04,15,15,8,8,8,8,8,8,8,8,8,daily,2023-11-26,baselinenowcast
2023-06-05,22,22,17,17,17,17,17,17,17,17,17,daily,2023-11-26,baselinenowcast
2023-06-06,29,29,21,21,21,21,21,21,21,21,21,daily,2023-11-26,baselinenowcast
2023-06-07,27,27,22,22,22,22,22,22,22,22,22,daily,2023-11-26,baselinenowcast
2023-06-08,21,21,11,11,11,11,11,11,11,11,11,daily,2023-11-26,baselinenowcast
2023-06-09,7,7,2,2,2,2,2,2,2,2,2,daily,2023-11-26,baselinenowcast
2023-06-10,12,12,11,11,11,11,11,11,11,11,11,daily,2023-11-26,baselinenowcast
2023-06-11,7,7,2,2,2,2,2,2,2,2,2,daily,2023-11-26,baselinenowcast
2023-06-12,15,15,10,10,10,10,10,10,10,10,10,daily,2023-11-26,baselinenowcast
2023-06-13,17,17,15,15,15,15,15,15,15,15,15,daily,2023-11-26,baselinenowcast
2023-06-14,9,9,3,3,3,3,3,3,3,3,3,daily,2023-11-26,baselinenowcast
2023-06-15,22,22,9,9,9,9,9,9,9,9,9,daily,2023-11-26,baselinenowcast
2023-06-16,17,17,17,17,17,17,17,17,17,17,17,daily,2023-11-26,baselinenowcast
2023-06-17,12,12,10,10,10,10,10,10,10,10,10,daily,2023-11-26,baselinenowcast
2023-06-18,5,5,1,1,1,1,1,1,1,1,1,daily,2023-11-26,baselinenowcast
2023-06-19,16,16,11,11,11,11,11,11,11,11,11,daily,2023-11-26,baselinenowcast
2023-06-20,17,17,10,10,10,10,10,10,10,10,10,daily,2023-11-26,baselinenowcast
2023-06-21,15,15,12,12,12,12,12,12,12,12,12,daily,2023-11-26,baselinenowcast
2023-06-22,18,18,17,17,17,17,17,17,17,17,17,daily,2023-11-26,baselinenowcast
2023-06-23,10,10,7,7,7,7,7,7,7,7,7,daily,2023-11-26,baselinenowcast
2023-06-24,8,8,6,6,6,6,6,6,6,6,6,daily,2023-11-26,baselinenowcast
2023-06-25,15,15,6,6,6,6,6,6,6,6,6,daily,2023-11-26,baselinenowcast
2023-06-26,2,2,2,2,2,2,2,2,2,2,2,daily,2023-11-26,baselinenowcast
2023-06-27,11,11,10,10,10,10,10,10,10,10,10,daily,2023-11-26,baselinenowcast
2023-06-28,15,15,12,12,12,12,12,12,12,12,12,daily,2023-11-26,baselinenowcast
2023-06-29,12,12,9,9,9,9,9,9,9,9,9,daily,2023-11-26,baselinenowcast
2023-06-30,7,7,6,6,6,6,6,6,6,6,6,daily,2023-11-26,baselinenowcast
2023-07-01,4,4,1,1,1,1,1,1,1,1,1,daily,2023-11-26,baselinenowcast
2023-07-02,8,8,2,2,2,2,2,2,2,2,2,daily,2023-11-26,baselinenowcast
2023-07-03,23,23,13,13,13,13,13,13,13,13,13,daily,2023-11-26,baselinenowcast
2023-07-04,13,13,10,10,10,10,10,10,10,10,10,daily,2023-11-26,baselinenowcast
2023-07-05,19,19,17,17,17,17,17,17,17,17,17,daily,2023-11-26,baselinenowcast
2023-07-06,14,14,8,8,8,8,8,8,8,8,8,daily,2023-11-26,baselinenowcast
2023-07-07,15,15,12,12,12,12,12,12,12,12,12,daily,2023-11-26,baselinenowcast
2023-07-08,5,5,2,2,2,2,2,2,2,2,2,daily,2023-11-26,baselinenowcast
2023-07-09,5,5,3,3,3,3,3,3,3,3,3,daily,2023-11-26,baselinenowcast
2023-07-10,13,13,10,10,10,10,10,10,10,10,10,daily,2023-11-26,baselinenowcast
2023-07-11,13,13,10,10,10,10,10,10,10,10,10,daily,2023-11-26,baselinenowcast
2023-07-12,13,13,10,10,10,10,10,10,10,10,10,daily,2023-11-26,baselinenowcast
2023-07-13,18,18,14,14,14,14,14,14,14,14,14,daily,2023-11-26,baselinenowcast
2023-07-14,10,10,9,9,9,9,9,9,9,9,9,daily,2023-11-26,baselinenowcast
2023-07-15,9,9,7,7,7,7,7,7,7,7,7,daily,2023-11-26,baselinenowcast
2023-07-16,19,19,6,6,6,6,6,6,6,6,6,daily,2023-11-26,baselinenowcast
2023-07-17,9,9,6,6,6,6,6,6,6,6,6,daily,2023-11-26,baselinenowcast
2023-07-18,22,22,16,16,16,16,16,16,16,16,16,daily,2023-11-26,baselinenowcast
2023-07-19,17,17,11,11,11,11,11,11,11,11,11,daily,2023-11-26,baselinenowcast
2023-07-20,27,27,19,19,19,19,19,19,19,19,19,daily,2023-11-26,baselinenowcast
2023-07-21,15,15,5,5,5,5,5,5,5,5,5,daily,2023-11-26,baselinenowcast
2023-07-22,6,6,3,3,3,3,3,3,3,3,3,daily,2023-11-26,baselinenowcast
2023-07-23,10,10,5,5,5,5,5,5,5,5,5,daily,2023-11-26,baselinenowcast
2023-07-24,15,15,14,14,14,14,14,14,14,14,14,daily,2023-11-26,baselinenowcast
2023-07-25,23,23,16,16,16,16,16,16,16,16,16,daily,2023-11-26,baselinenowcast
2023-07-26,15,15,10,10,10,10,10,10,10,10,10,daily,2023-11-26,baselinenowcast
2023-07-27,25,25,13,13,13,13,13,13,13,13,13,daily,2023-11-26,baselinenowcast
2023-07-28,9,9,8,8,8,8,8,8,8,8,8,daily,2023-11-26,baselinenowcast
2023-07-29,8,8,4,4,4,4,4,4,4,4,4,daily,2023-11-26,baselinenowcast
2023-07-30,6,6,3,3,3,3,3,3,3,3,3,daily,2023-11-26,baselinenowcast
2023-07-31,14,14,8,8,8,8,8,8,8,8,8,daily,2023-11-26,baselinenowcast
2023-08-01,9,9,3,3,3,3,3,3,3,3,3,daily,2023-11-26,baselinenowcast
2023-08-02,12,12,8,8,8,8,8,8,8,8,8,daily,2023-11-26,baselinenowcast
2023-08-03,21,21,15,15,15,15,15,15,15,15,15,daily,2023-11-26,baselinenowcast
2023-08-04,2,2,2,2,2,2,2,2,2,2,2,daily,2023-11-26,baselinenowcast
2023-08-05,10,10,7,7,7,7,7,7,7,7,7,daily,2023-11-26,baselinenowcast
2023-08-06,5,5,3,3,3,3,3,3,3,3,3,daily,2023-11-26,baselinenowcast
2023-08-07,15,15,7,7,7,7,7,7,7,7,7,daily,2023-11-26,baselinenowcast
2023-08-08,26,26,20,20,20,20,20,20,20,20,20,daily,2023-11-26,baselinenowcast
2023-08-09,15,15,13,13,13,13,13,13,13,13,13,daily,2023-11-26,baselinenowcast
2023-08-10,14,14,7,7,7,7,7,7,7,7,7,daily,2023-11-26,baselinenowcast
2023-08-11,16,16,13,13,13,13,13,13,13,13,13,daily,2023-11-26,baselinenowcast
2023-08-12,8,8,5,5,5,5,5,5,5,5,5,daily,2023-11-26,baselinenowcast
2023-08-13,4,4,2,2,2,2,2,2,2,2,2,daily,2023-11-26,baselinenowcast
2023-08-14,22,22,14,14,14,14,14,14,14,14,14,daily,2023-11-26,baselinenowcast
2023-08-15,16,16,13,13,13,13,13,13,13,13,13,daily,2023-11-26,baselinenowcast
2023-08-16,8,8,6,6,6,6,6,6,6,6,6,daily,2023-11-26,baselinenowcast
2023-08-17,18,18,16,16,16,16,16,16,16,16,16,daily,2023-11-26,baselinenowcast
2023-08-18,17,17,14,14,14,14,14,14,14,14,14,daily,2023-11-26,baselinenowcast
2023-08-19,11,11,5,5,5,5,5,5,5,5,5,daily,2023-11-26,baselinenowcast
2023-08-20,7,7,2,2,2,2,2,2,2,2,2,daily,2023-11-26,baselinenowcast
2023-08-21,17,17,16,16,16,16,16,16,16,16,16,daily,2023-11-26,baselinenowcast
2023-08-22,11,11,7,7,7,7,7,7,7,7,7,daily,2023-11-26,baselinenowcast
2023-08-23,18,18,5,5,5,5,5,5,5,5,5,daily,2023-11-26,baselinenowcast
2023-08-24,10,10,7,7,7,7,7,7,7,7,7,daily,2023-11-26,baselinenowcast
2023-08-25,12,12,10,10,10,10,10,10,10,10,10,daily,2023-11-26,baselinenowcast
2023-08-26,15,15,13,13,13,13,13,13,13,13,13,daily,2023-11-26,baselinenowcast
2023-08-27,6,6,3,3,3,3,3,3,3,3,3,daily,2023-11-26,baselinenowcast
2023-08-28,3,3,2,2,2,2,2,2,2,2,2,daily,2023-11-26,baselinenowcast
2023-08-29,10,10,7,7,7,7,7,7,7,7,7,daily,2023-11-26,baselinenowcast
2023-08-30,17,17,15,15,15,15,15,15,15,15,15,daily,2023-11-26,baselinenowcast
2023-08-31,12,12,4,4,4,4,4,4,4,4,4,daily,2023-11-26,baselinenowcast
2023-09-01,8,8,3,3,3,3,3,3,3,3,3,daily,2023-11-26,baselinenowcast
2023-09-02,10,10,6,6,6,6,6,6,6,6,6,daily,2023-11-26,baselinenowcast
2023-09-03,7,7,1,1,1,1,1,1,1,1,1,daily,2023-11-26,baselinenowcast
2023-09-04,16,16,9,9,9,9,9,9,9,9,9,daily,2023-11-26,baselinenowcast
2023-09-05,9,9,5,5,5,5,5,5,5,5,5,daily,2023-11-26,baselinenowcast
2023-09-06,11,11,8,8,8,8,8,8,8,8,8,daily,2023-11-26,baselinenowcast
2023-09-07,15,15,3,3,3,3,3,3,3,3,3,daily,2023-11-26,baselinenowcast
2023-09-08,13,13,7,7,7,7,7,7,7,7,7,daily,2023-11-26,baselinenowcast
2023-09-09,13,13,10,10,10,10,10,10,10,10,10,daily,2023-11-26,baselinenowcast
2023-09-10,5,5,5,5,5,5,5,5,5,5,5,daily,2023-11-26,baselinenowcast
2023-09-11,18,18,11,11,11,11,11,11,11,11,11,daily,2023-11-26,baselinenowcast
2023-09-12,14,14,8,8,8,8,8,8,8,8,8,daily,2023-11-26,baselinenowcast
2023-09-13,11,11,7,7,7,7,7,7,7,7,7,daily,2023-11-26,baselinenowcast
2023-09-14,9,9,4,4,4,4,4,4,4,4,4,daily,2023-11-26,baselinenowcast
2023-09-15,17,17,6,6,6,6,6,6,6,6,6,daily,2023-11-26,baselinenowcast
2023-09-16,10,10,7,7,7,7,7,7,7,7,7,daily,2023-11-26,baselinenowcast
2023-09-17,4,4,4,4,4,4,4,4,4,4,4,daily,2023-11-26,baselinenowcast
2023-09-18,8,8,4,4,4,4,4,4,4,4,4,daily,2023-11-26,baselinenowcast
2023-09-19,13,13,11,11,11,11,11,11,11,11,11,daily,2023-11-26,baselinenowcast
2023-09-20,19,19,16,16,16,16,16,16,16,16,16,daily,2023-11-26,baselinenowcast
2023-09-21,8,8,2,2,2,2,2,2,2,2,2,daily,2023-11-26,baselinenowcast
2023-09-22,12,12,3,3,3,3,3,3,3,3,3,daily,2023-11-26,baselinenowcast
2023-09-23,11,11,10,10,10,10,10,10,10,10,10,daily,2023-11-26,baselinenowcast
2023-09-24,4,4,0,0,0,0,0,0,0,0,0,daily,2023-11-26,baselinenowcast
2023-09-25,4,4,2,2,2,2,2,2,2,2,2,daily,2023-11-26,baselinenowcast
2023-09-26,9,9,7,7,7,7,7,7,7,7,7,daily,2023-11-26,baselinenowcast
2023-09-27,6,6,3,3,3,3,3,3,3,3,3,daily,2023-11-26,baselinenowcast
2023-09-28,15,15,9,9,9,9,9,9,9,9,9,daily,2023-11-26,baselinenowcast
2023-09-29,7,7,4,4,4,4,4,4,4,4,4,daily,2023-11-26,baselinenowcast
2023-09-30,6,6,3,3,3,3,3,3,3,3,3,daily,2023-11-26,baselinenowcast
2023-10-01,7,7,0,0,0,0,0,0,0,0,0,daily,2023-11-26,baselinenowcast
2023-10-02,4,4,2,2,2,2,2,2,2,2,2,daily,2023-11-26,baselinenowcast
2023-10-03,6,6,5,5,5,5,5,5,5,5,5,daily,2023-11-26,baselinenowcast
2023-10-04,3,3,0,0,0,0,0,0,0,0,0,daily,2023-11-26,baselinenowcast
2023-10-05,10,10,6,6,6,6,6,6,6,6,6,daily,2023-11-26,baselinenowcast
2023-10-06,12,12,3,3,3,3,3,3,3,3,3,daily,2023-11-26,baselinenowcast
2023-10-07,3,3,1,1,1,1,1,1,1,1,1,daily,2023-11-26,baselinenowcast
2023-10-08,19,19,8,8,8,8,8,8,8,8,8,daily,2023-11-26,baselinenowcast
2023-10-09,20,21,9,9,9,9,9,9,9,9,9,daily,2023-11-26,baselinenowcast
2023-10-10,7,8,4,4,4,4,4,4,4,4,4,daily,2023-11-26,baselinenowcast
2023-10-11,9,9,5,5,5,5,5,5,5,5,5,daily,2023-11-26,baselinenowcast
2023-10-12,15,15,8,8,8,8,8,8,8,8,8,daily,2023-11-26,baselinenowcast
2023-10-13,13,17,12,12,12,12,12,12,12,12,12,daily,2023-11-26,baselinenowcast
2023-10-14,5,5,3,3,3,3,3,3,3,3,3,daily,2023-11-26,baselinenowcast
2023-10-15,12,14,8,8,8,8,8,8,8,8,8,daily,2023-11-26,baselinenowcast
2023-10-16,12,14,10,10,10,10,10,10,10,10,10,daily,2023-11-26,baselinenowcast
2023-10-17,15,17,15,15,15,15,15,15,15,15,15,daily,2023-11-26,baselinenowcast
2023-10-18,14,17,10,10,10,10,10,10,10,10,10,daily,2023-11-26,baselinenowcast
2023-10-19,10,16,7,7,7,7,7,7,7,7,7,daily,2023-11-26,baselinenowcast
2023-10-20,16,18,7,7,7,7,7,7,7,7,7,daily,2023-11-26,baselinenowcast
2023-10-21,8,14,4,4,4,4,4,4,4,4,4,daily,2023-11-26,baselinenowcast
2023-10-22,5,7,1,1,1,1,1,1,1,1,1,daily,2023-11-26,baselinenowcast
2023-10-23,10,12,10,10,10,10,10,10,10,10,10,daily,2023-11-26,baselinenowcast
2023-10-24,13,15,12,12,12,12,12,12,12,12,12,daily,2023-11-26,baselinenowcast
2023-10-25,17,17,10,10,10,10,10,10,10,10,10,daily,2023-11-26,baselinenowcast
2023-10-26,13,16,11,11,11,11,11,11,11,11,11,daily,2023-11-26,baselinenowcast
2023-10-27,9,10,7,7,7,7,7,7,7,7,7,daily,2023-11-26,baselinenowcast
2023-10-28,7,9,4,4,4,4,4,4,4,4,4,daily,2023-11-26,baselinenowcast
2023-10-29,3,7,1,1,1,1,1,1,1,1,1,daily,2023-11-26,baselinenowcast
2023-10-30,10,16,10,10,10,10,10,10,10,10,10,daily,2023-11-26,baselinenowcast
2023-10-31,6,8,6,6,6,6,6,6,6,6,6,daily,2023-11-26,baselinenowcast
2023-11-01,8,12,7,7,7,7,7,7,7,7,7,daily,2023-11-26,baselinenowcast
2023-11-02,13,27,13,13,13,13,13,13,13,13,13,daily,2023-11-26,baselinenowcast
2023-11-03,13,18,12,12,12,12,12,12,12,12,12,daily,2023-11-26,baselinenowcast
2023-11-04,1,13,1,1,1,1,1,1,1,1,1,daily,2023-11-26,baselinenowcast
2023-11-05,6,9,6,6,6,6,6,6,6,6,6,daily,2023-11-26,baselinenowcast
2023-11-06,16,23,13,13,13,13,13,13,13,13,13,daily,2023-11-26,baselinenowcast
2023-11-07,11,13,11,11,11,11,11,11,11,11,11,daily,2023-11-26,baselinenowcast
2023-11-08,6,7,5,5,5,5,5,5,5,5,5,daily,2023-11-26,baselinenowcast
2023-11-09,11,20,11,11,11,11,11,11,11,11,11,daily,2023-11-26,baselinenowcast
2023-11-10,16,19,16,16,16,16,16,16,16,16,16,daily,2023-11-26,baselinenowcast
2023-11-11,10,12,10,10,10,10,10,10,10,10,10,daily,2023-11-26,baselinenowcast
2023-11-12,8,14,8,8,8,8,8,8,8,8,8,daily,2023-11-26,baselinenowcast
2023-11-13,18,21,18,18,19,18,20,18,18,18,18,daily,2023-11-26,baselinenowcast
2023-11-14,11,14,11,11,12,11,13,11,11,11,11,daily,2023-11-26,baselinenowcast
2023-11-15,12,15,12,12,15.049999999999955,12,17,12,12,12,13,daily,2023-11-26,baselinenowcast
2023-11-16,14,21,14,14,19,14,21,14,15,14,16,daily,2023-11-26,baselinenowcast
2023-11-17,13,15,13,13,18,13,20.024999999999977,13,14,13,15,daily,2023-11-26,baselinenowcast
2023-11-18,6,14,6,6,10,6,11,6,7,6,8,daily,2023-11-26,baselinenowcast
2023-11-19,13,17,14,13,22,13,24,13,16,13,17,daily,2023-11-26,baselinenowcast
2023-11-20,24,29,26,24,44,24,49.02499999999998,24,31,24,33,daily,2023-11-26,baselinenowcast
2023-11-21,17,20,19,17,30.049999999999955,17,37,17,22,17,24,daily,2023-11-26,baselinenowcast
2023-11-22,17,19,20,17,33,17,36,18,23,17,25,daily,2023-11-26,baselinenowcast
2023-11-23,8,10,10,8,22,8,27,8,13,8,15,daily,2023-11-26,baselinenowcast
2023-11-24,4,17,6,4,14,4,16,5,8,4,10,daily,2023-11-26,baselinenowcast
2023-11-25,3,7,9,3,30,3,36.02499999999998,6,15,5,18,daily,2023-11-26,baselinenowcast
2023-11-26,1,10,44,4,179,2,213.04999999999995,19,86.25,12,113,daily,2023-11-26,baselinenowcast
2023-04-01,24,24,21,21,21,21,21,21,21,21,21,daily,2023-12-03,baselinenowcast
2023-04-02,23,23,18,18,18,18,18,18,18,18,18,daily,2023-12-03,baselinenowcast
2023-04-03,27,27,22,22,22,22,22,22,22,22,22,daily,2023-12-03,baselinenowcast
2023-04-04,44,44,35,35,35,35,35,35,35,35,35,daily,2023-12-03,baselinenowcast
2023-04-05,38,38,31,31,31,31,31,31,31,31,31,daily,2023-12-03,baselinenowcast
2023-04-06,33,33,28,28,28,28,28,28,28,28,28,daily,2023-12-03,baselinenowcast
2023-04-07,14,14,12,12,12,12,12,12,12,12,12,daily,2023-12-03,baselinenowcast
2023-04-08,26,26,20,20,20,20,20,20,20,20,20,daily,2023-12-03,baselinenowcast
2023-04-09,31,31,25,25,25,25,25,25,25,25,25,daily,2023-12-03,baselinenowcast
2023-04-10,17,17,12,12,12,12,12,12,12,12,12,daily,2023-12-03,baselinenowcast
2023-04-11,44,44,41,41,41,41,41,41,41,41,41,daily,2023-12-03,baselinenowcast
2023-04-12,32,32,27,27,27,27,27,27,27,27,27,daily,2023-12-03,baselinenowcast
2023-04-13,31,31,27,27,27,27,27,27,27,27,27,daily,2023-12-03,baselinenowcast
2023-04-14,27,27,20,20,20,20,20,20,20,20,20,daily,2023-12-03,baselinenowcast
2023-04-15,32,32,26,26,26,26,26,26,26,26,26,daily,2023-12-03,baselinenowcast
2023-04-16,17,17,12,12,12,12,12,12,12,12,12,daily,2023-12-03,baselinenowcast
2023-04-17,31,31,28,28,28,28,28,28,28,28,28,daily,2023-12-03,baselinenowcast
2023-04-18,23,23,17,17,17,17,17,17,17,17,17,daily,2023-12-03,baselinenowcast
2023-04-19,24,24,20,20,20,20,20,20,20,20,20,daily,2023-12-03,baselinenowcast
2023-04-20,16,16,12,12,12,12,12,12,12,12,12,daily,2023-12-03,baselinenowcast
2023-04-21,25,25,19,19,19,19,19,19,19,19,19,daily,2023-12-03,baselinenowcast
2023-04-22,8,8,8,8,8,8,8,8,8,8,8,daily,2023-12-03,baselinenowcast
2023-04-23,8,8,6,6,6,6,6,6,6,6,6,daily,2023-12-03,baselinenowcast
2023-04-24,14,14,14,14,14,14,14,14,14,14,14,daily,2023-12-03,baselinenowcast
2023-04-25,24,24,19,19,19,19,19,19,19,19,19,daily,2023-12-03,baselinenowcast
2023-04-26,26,26,23,23,23,23,23,23,23,23,23,daily,2023-12-03,baselinenowcast
2023-04-27,34,34,32,32,32,32,32,32,32,32,32,daily,2023-12-03,baselinenowcast
2023-04-28,20,20,12,12,12,12,12,12,12,12,12,daily,2023-12-03,baselinenowcast
2023-04-29,15,15,14,14,14,14,14,14,14,14,14,daily,2023-12-03,baselinenowcast
2023-04-30,20,20,15,15,15,15,15,15,15,15,15,daily,2023-12-03,baselinenowcast
2023-05-01,14,14,10,10,10,10,10,10,10,10,10,daily,2023-12-03,baselinenowcast
2023-05-02,25,25,14,14,14,14,14,14,14,14,14,daily,2023-12-03,baselinenowcast
2023-05-03,27,27,19,19,19,19,19,19,19,19,19,daily,2023-12-03,baselinenowcast
2023-05-04,42,42,29,29,29,29,29,29,29,29,29,daily,2023-12-03,baselinenowcast
2023-05-05,23,23,19,19,19,19,19,19,19,19,19,daily,2023-12-03,baselinenowcast
2023-05-06,13,13,11,11,11,11,11,11,11,11,11,daily,2023-12-03,baselinenowcast
2023-05-07,20,20,14,14,14,14,14,14,14,14,14,daily,2023-12-03,baselinenowcast
2023-05-08,16,16,13,13,13,13,13,13,13,13,13,daily,2023-12-03,baselinenowcast
2023-05-09,15,15,11,11,11,11,11,11,11,11,11,daily,2023-12-03,baselinenowcast
2023-05-10,26,26,21,21,21,21,21,21,21,21,21,daily,2023-12-03,baselinenowcast
2023-05-11,19,19,15,15,15,15,15,15,15,15,15,daily,2023-12-03,baselinenowcast
2023-05-12,21,21,15,15,15,15,15,15,15,15,15,daily,2023-12-03,baselinenowcast
2023-05-13,13,13,13,13,13,13,13,13,13,13,13,daily,2023-12-03,baselinenowcast
2023-05-14,24,24,10,10,10,10,10,10,10,10,10,daily,2023-12-03,baselinenowcast
2023-05-15,21,21,12,12,12,12,12,12,12,12,12,daily,2023-12-03,baselinenowcast
2023-05-16,23,23,19,19,19,19,19,19,19,19,19,daily,2023-12-03,baselinenowcast
2023-05-17,20,20,14,14,14,14,14,14,14,14,14,daily,2023-12-03,baselinenowcast
2023-05-18,23,23,12,12,12,12,12,12,12,12,12,daily,2023-12-03,baselinenowcast
2023-05-19,14,14,7,7,7,7,7,7,7,7,7,daily,2023-12-03,baselinenowcast
2023-05-20,12,12,7,7,7,7,7,7,7,7,7,daily,2023-12-03,baselinenowcast
2023-05-21,23,23,15,15,15,15,15,15,15,15,15,daily,2023-12-03,baselinenowcast
2023-05-22,18,18,12,12,12,12,12,12,12,12,12,daily,2023-12-03,baselinenowcast
2023-05-23,17,17,15,15,15,15,15,15,15,15,15,daily,2023-12-03,baselinenowcast
2023-05-24,22,22,12,12,12,12,12,12,12,12,12,daily,2023-12-03,baselinenowcast
2023-05-25,19,19,15,15,15,15,15,15,15,15,15,daily,2023-12-03,baselinenowcast
2023-05-26,20,20,16,16,16,16,16,16,16,16,16,daily,2023-12-03,baselinenowcast
2023-05-27,11,11,2,2,2,2,2,2,2,2,2,daily,2023-12-03,baselinenowcast
2023-05-28,6,6,6,6,6,6,6,6,6,6,6,daily,2023-12-03,baselinenowcast
2023-05-29,9,9,2,2,2,2,2,2,2,2,2,daily,2023-12-03,baselinenowcast
2023-05-30,26,26,21,21,21,21,21,21,21,21,21,daily,2023-12-03,baselinenowcast
2023-05-31,22,22,15,15,15,15,15,15,15,15,15,daily,2023-12-03,baselinenowcast
2023-06-01,18,18,8,8,8,8,8,8,8,8,8,daily,2023-12-03,baselinenowcast
2023-06-02,17,17,10,10,10,10,10,10,10,10,10,daily,2023-12-03,baselinenowcast
2023-06-03,10,10,6,6,6,6,6,6,6,6,6,daily,2023-12-03,baselinenowcast
2023-06-04,15,15,8,8,8,8,8,8,8,8,8,daily,2023-12-03,baselinenowcast
2023-06-05,22,22,17,17,17,17,17,17,17,17,17,daily,2023-12-03,baselinenowcast
2023-06-06,29,29,21,21,21,21,21,21,21,21,21,daily,2023-12-03,baselinenowcast
2023-06-07,27,27,22,22,22,22,22,22,22,22,22,daily,2023-12-03,baselinenowcast
2023-06-08,21,21,11,11,11,11,11,11,11,11,11,daily,2023-12-03,baselinenowcast
2023-06-09,7,7,2,2,2,2,2,2,2,2,2,daily,2023-12-03,baselinenowcast
2023-06-10,12,12,11,11,11,11,11,11,11,11,11,daily,2023-12-03,baselinenowcast
2023-06-11,7,7,2,2,2,2,2,2,2,2,2,daily,2023-12-03,baselinenowcast
2023-06-12,15,15,10,10,10,10,10,10,10,10,10,daily,2023-12-03,baselinenowcast
2023-06-13,17,17,15,15,15,15,15,15,15,15,15,daily,2023-12-03,baselinenowcast
2023-06-14,9,9,3,3,3,3,3,3,3,3,3,daily,2023-12-03,baselinenowcast
2023-06-15,22,22,9,9,9,9,9,9,9,9,9,daily,2023-12-03,baselinenowcast
2023-06-16,17,17,17,17,17,17,17,17,17,17,17,daily,2023-12-03,baselinenowcast
2023-06-17,12,12,10,10,10,10,10,10,10,10,10,daily,2023-12-03,baselinenowcast
2023-06-18,5,5,1,1,1,1,1,1,1,1,1,daily,2023-12-03,baselinenowcast
2023-06-19,16,16,11,11,11,11,11,11,11,11,11,daily,2023-12-03,baselinenowcast
2023-06-20,17,17,10,10,10,10,10,10,10,10,10,daily,2023-12-03,baselinenowcast
2023-06-21,15,15,12,12,12,12,12,12,12,12,12,daily,2023-12-03,baselinenowcast
2023-06-22,18,18,17,17,17,17,17,17,17,17,17,daily,2023-12-03,baselinenowcast
2023-06-23,10,10,7,7,7,7,7,7,7,7,7,daily,2023-12-03,baselinenowcast
2023-06-24,8,8,6,6,6,6,6,6,6,6,6,daily,2023-12-03,baselinenowcast
2023-06-25,15,15,6,6,6,6,6,6,6,6,6,daily,2023-12-03,baselinenowcast
2023-06-26,2,2,2,2,2,2,2,2,2,2,2,daily,2023-12-03,baselinenowcast
2023-06-27,11,11,10,10,10,10,10,10,10,10,10,daily,2023-12-03,baselinenowcast
2023-06-28,15,15,12,12,12,12,12,12,12,12,12,daily,2023-12-03,baselinenowcast
2023-06-29,12,12,9,9,9,9,9,9,9,9,9,daily,2023-12-03,baselinenowcast
2023-06-30,7,7,6,6,6,6,6,6,6,6,6,daily,2023-12-03,baselinenowcast
2023-07-01,4,4,1,1,1,1,1,1,1,1,1,daily,2023-12-03,baselinenowcast
2023-07-02,8,8,2,2,2,2,2,2,2,2,2,daily,2023-12-03,baselinenowcast
2023-07-03,23,23,13,13,13,13,13,13,13,13,13,daily,2023-12-03,baselinenowcast
2023-07-04,13,13,10,10,10,10,10,10,10,10,10,daily,2023-12-03,baselinenowcast
2023-07-05,19,19,17,17,17,17,17,17,17,17,17,daily,2023-12-03,baselinenowcast
2023-07-06,14,14,8,8,8,8,8,8,8,8,8,daily,2023-12-03,baselinenowcast
2023-07-07,15,15,12,12,12,12,12,12,12,12,12,daily,2023-12-03,baselinenowcast
2023-07-08,5,5,2,2,2,2,2,2,2,2,2,daily,2023-12-03,baselinenowcast
2023-07-09,5,5,3,3,3,3,3,3,3,3,3,daily,2023-12-03,baselinenowcast
2023-07-10,13,13,10,10,10,10,10,10,10,10,10,daily,2023-12-03,baselinenowcast
2023-07-11,13,13,10,10,10,10,10,10,10,10,10,daily,2023-12-03,baselinenowcast
2023-07-12,13,13,10,10,10,10,10,10,10,10,10,daily,2023-12-03,baselinenowcast
2023-07-13,18,18,14,14,14,14,14,14,14,14,14,daily,2023-12-03,baselinenowcast
2023-07-14,10,10,9,9,9,9,9,9,9,9,9,daily,2023-12-03,baselinenowcast
2023-07-15,9,9,7,7,7,7,7,7,7,7,7,daily,2023-12-03,baselinenowcast
2023-07-16,19,19,6,6,6,6,6,6,6,6,6,daily,2023-12-03,baselinenowcast
2023-07-17,9,9,6,6,6,6,6,6,6,6,6,daily,2023-12-03,baselinenowcast
2023-07-18,22,22,16,16,16,16,16,16,16,16,16,daily,2023-12-03,baselinenowcast
2023-07-19,17,17,11,11,11,11,11,11,11,11,11,daily,2023-12-03,baselinenowcast
2023-07-20,27,27,19,19,19,19,19,19,19,19,19,daily,2023-12-03,baselinenowcast
2023-07-21,15,15,5,5,5,5,5,5,5,5,5,daily,2023-12-03,baselinenowcast
2023-07-22,6,6,3,3,3,3,3,3,3,3,3,daily,2023-12-03,baselinenowcast
2023-07-23,10,10,5,5,5,5,5,5,5,5,5,daily,2023-12-03,baselinenowcast
2023-07-24,15,15,14,14,14,14,14,14,14,14,14,daily,2023-12-03,baselinenowcast
2023-07-25,23,23,16,16,16,16,16,16,16,16,16,daily,2023-12-03,baselinenowcast
2023-07-26,15,15,10,10,10,10,10,10,10,10,10,daily,2023-12-03,baselinenowcast
2023-07-27,25,25,13,13,13,13,13,13,13,13,13,daily,2023-12-03,baselinenowcast
2023-07-28,9,9,8,8,8,8,8,8,8,8,8,daily,2023-12-03,baselinenowcast
2023-07-29,8,8,4,4,4,4,4,4,4,4,4,daily,2023-12-03,baselinenowcast
2023-07-30,6,6,3,3,3,3,3,3,3,3,3,daily,2023-12-03,baselinenowcast
2023-07-31,14,14,8,8,8,8,8,8,8,8,8,daily,2023-12-03,baselinenowcast
2023-08-01,9,9,3,3,3,3,3,3,3,3,3,daily,2023-12-03,baselinenowcast
2023-08-02,12,12,8,8,8,8,8,8,8,8,8,daily,2023-12-03,baselinenowcast
2023-08-03,21,21,15,15,15,15,15,15,15,15,15,daily,2023-12-03,baselinenowcast
2023-08-04,2,2,2,2,2,2,2,2,2,2,2,daily,2023-12-03,baselinenowcast
2023-08-05,10,10,7,7,7,7,7,7,7,7,7,daily,2023-12-03,baselinenowcast
2023-08-06,5,5,3,3,3,3,3,3,3,3,3,daily,2023-12-03,baselinenowcast
2023-08-07,15,15,7,7,7,7,7,7,7,7,7,daily,2023-12-03,baselinenowcast
2023-08-08,26,26,20,20,20,20,20,20,20,20,20,daily,2023-12-03,baselinenowcast
2023-08-09,15,15,13,13,13,13,13,13,13,13,13,daily,2023-12-03,baselinenowcast
2023-08-10,14,14,7,7,7,7,7,7,7,7,7,daily,2023-12-03,baselinenowcast
2023-08-11,16,16,13,13,13,13,13,13,13,13,13,daily,2023-12-03,baselinenowcast
2023-08-12,8,8,5,5,5,5,5,5,5,5,5,daily,2023-12-03,baselinenowcast
2023-08-13,4,4,2,2,2,2,2,2,2,2,2,daily,2023-12-03,baselinenowcast
2023-08-14,22,22,14,14,14,14,14,14,14,14,14,daily,2023-12-03,baselinenowcast
2023-08-15,16,16,13,13,13,13,13,13,13,13,13,daily,2023-12-03,baselinenowcast
2023-08-16,8,8,6,6,6,6,6,6,6,6,6,daily,2023-12-03,baselinenowcast
2023-08-17,18,18,16,16,16,16,16,16,16,16,16,daily,2023-12-03,baselinenowcast
2023-08-18,17,17,14,14,14,14,14,14,14,14,14,daily,2023-12-03,baselinenowcast
2023-08-19,11,11,5,5,5,5,5,5,5,5,5,daily,2023-12-03,baselinenowcast
2023-08-20,7,7,2,2,2,2,2,2,2,2,2,daily,2023-12-03,baselinenowcast
2023-08-21,17,17,16,16,16,16,16,16,16,16,16,daily,2023-12-03,baselinenowcast
2023-08-22,11,11,7,7,7,7,7,7,7,7,7,daily,2023-12-03,baselinenowcast
2023-08-23,18,18,5,5,5,5,5,5,5,5,5,daily,2023-12-03,baselinenowcast
2023-08-24,10,10,7,7,7,7,7,7,7,7,7,daily,2023-12-03,baselinenowcast
2023-08-25,12,12,10,10,10,10,10,10,10,10,10,daily,2023-12-03,baselinenowcast
2023-08-26,15,15,13,13,13,13,13,13,13,13,13,daily,2023-12-03,baselinenowcast
2023-08-27,6,6,3,3,3,3,3,3,3,3,3,daily,2023-12-03,baselinenowcast
2023-08-28,3,3,2,2,2,2,2,2,2,2,2,daily,2023-12-03,baselinenowcast
2023-08-29,10,10,7,7,7,7,7,7,7,7,7,daily,2023-12-03,baselinenowcast
2023-08-30,17,17,15,15,15,15,15,15,15,15,15,daily,2023-12-03,baselinenowcast
2023-08-31,12,12,4,4,4,4,4,4,4,4,4,daily,2023-12-03,baselinenowcast
2023-09-01,8,8,3,3,3,3,3,3,3,3,3,daily,2023-12-03,baselinenowcast
2023-09-02,10,10,6,6,6,6,6,6,6,6,6,daily,2023-12-03,baselinenowcast
2023-09-03,7,7,1,1,1,1,1,1,1,1,1,daily,2023-12-03,baselinenowcast
2023-09-04,16,16,9,9,9,9,9,9,9,9,9,daily,2023-12-03,baselinenowcast
2023-09-05,9,9,5,5,5,5,5,5,5,5,5,daily,2023-12-03,baselinenowcast
2023-09-06,11,11,8,8,8,8,8,8,8,8,8,daily,2023-12-03,baselinenowcast
2023-09-07,15,15,3,3,3,3,3,3,3,3,3,daily,2023-12-03,baselinenowcast
2023-09-08,13,13,7,7,7,7,7,7,7,7,7,daily,2023-12-03,baselinenowcast
2023-09-09,13,13,10,10,10,10,10,10,10,10,10,daily,2023-12-03,baselinenowcast
2023-09-10,5,5,5,5,5,5,5,5,5,5,5,daily,2023-12-03,baselinenowcast
2023-09-11,18,18,11,11,11,11,11,11,11,11,11,daily,2023-12-03,baselinenowcast
2023-09-12,14,14,8,8,8,8,8,8,8,8,8,daily,2023-12-03,baselinenowcast
2023-09-13,11,11,7,7,7,7,7,7,7,7,7,daily,2023-12-03,baselinenowcast
2023-09-14,9,9,4,4,4,4,4,4,4,4,4,daily,2023-12-03,baselinenowcast
2023-09-15,17,17,6,6,6,6,6,6,6,6,6,daily,2023-12-03,baselinenowcast
2023-09-16,10,10,7,7,7,7,7,7,7,7,7,daily,2023-12-03,baselinenowcast
2023-09-17,4,4,4,4,4,4,4,4,4,4,4,daily,2023-12-03,baselinenowcast
2023-09-18,8,8,4,4,4,4,4,4,4,4,4,daily,2023-12-03,baselinenowcast
2023-09-19,13,13,11,11,11,11,11,11,11,11,11,daily,2023-12-03,baselinenowcast
2023-09-20,19,19,16,16,16,16,16,16,16,16,16,daily,2023-12-03,baselinenowcast
2023-09-21,8,8,2,2,2,2,2,2,2,2,2,daily,2023-12-03,baselinenowcast
2023-09-22,12,12,3,3,3,3,3,3,3,3,3,daily,2023-12-03,baselinenowcast
2023-09-23,11,11,10,10,10,10,10,10,10,10,10,daily,2023-12-03,baselinenowcast
2023-09-24,4,4,0,0,0,0,0,0,0,0,0,daily,2023-12-03,baselinenowcast
2023-09-25,4,4,2,2,2,2,2,2,2,2,2,daily,2023-12-03,baselinenowcast
2023-09-26,9,9,7,7,7,7,7,7,7,7,7,daily,2023-12-03,baselinenowcast
2023-09-27,6,6,3,3,3,3,3,3,3,3,3,daily,2023-12-03,baselinenowcast
2023-09-28,15,15,9,9,9,9,9,9,9,9,9,daily,2023-12-03,baselinenowcast
2023-09-29,7,7,4,4,4,4,4,4,4,4,4,daily,2023-12-03,baselinenowcast
2023-09-30,6,6,3,3,3,3,3,3,3,3,3,daily,2023-12-03,baselinenowcast
2023-10-01,7,7,0,0,0,0,0,0,0,0,0,daily,2023-12-03,baselinenowcast
2023-10-02,4,4,2,2,2,2,2,2,2,2,2,daily,2023-12-03,baselinenowcast
2023-10-03,6,6,5,5,5,5,5,5,5,5,5,daily,2023-12-03,baselinenowcast
2023-10-04,3,3,0,0,0,0,0,0,0,0,0,daily,2023-12-03,baselinenowcast
2023-10-05,10,10,6,6,6,6,6,6,6,6,6,daily,2023-12-03,baselinenowcast
2023-10-06,12,12,3,3,3,3,3,3,3,3,3,daily,2023-12-03,baselinenowcast
2023-10-07,3,3,1,1,1,1,1,1,1,1,1,daily,2023-12-03,baselinenowcast
2023-10-08,19,19,8,8,8,8,8,8,8,8,8,daily,2023-12-03,baselinenowcast
2023-10-09,21,21,9,9,9,9,9,9,9,9,9,daily,2023-12-03,baselinenowcast
2023-10-10,8,8,4,4,4,4,4,4,4,4,4,daily,2023-12-03,baselinenowcast
2023-10-11,9,9,5,5,5,5,5,5,5,5,5,daily,2023-12-03,baselinenowcast
2023-10-12,15,15,8,8,8,8,8,8,8,8,8,daily,2023-12-03,baselinenowcast
2023-10-13,17,17,12,12,12,12,12,12,12,12,12,daily,2023-12-03,baselinenowcast
2023-10-14,5,5,3,3,3,3,3,3,3,3,3,daily,2023-12-03,baselinenowcast
2023-10-15,14,14,8,8,8,8,8,8,8,8,8,daily,2023-12-03,baselinenowcast
2023-10-16,14,14,10,10,10,10,10,10,10,10,10,daily,2023-12-03,baselinenowcast
2023-10-17,15,17,15,15,15,15,15,15,15,15,15,daily,2023-12-03,baselinenowcast
2023-10-18,16,17,10,10,10,10,10,10,10,10,10,daily,2023-12-03,baselinenowcast
2023-10-19,10,16,7,7,7,7,7,7,7,7,7,daily,2023-12-03,baselinenowcast
2023-10-20,18,18,7,7,7,7,7,7,7,7,7,daily,2023-12-03,baselinenowcast
2023-10-21,14,14,4,4,4,4,4,4,4,4,4,daily,2023-12-03,baselinenowcast
2023-10-22,5,7,1,1,1,1,1,1,1,1,1,daily,2023-12-03,baselinenowcast
2023-10-23,12,12,10,10,10,10,10,10,10,10,10,daily,2023-12-03,baselinenowcast
2023-10-24,15,15,12,12,12,12,12,12,12,12,12,daily,2023-12-03,baselinenowcast
2023-10-25,17,17,10,10,10,10,10,10,10,10,10,daily,2023-12-03,baselinenowcast
2023-10-26,15,16,11,11,11,11,11,11,11,11,11,daily,2023-12-03,baselinenowcast
2023-10-27,9,10,7,7,7,7,7,7,7,7,7,daily,2023-12-03,baselinenowcast
2023-10-28,7,9,4,4,4,4,4,4,4,4,4,daily,2023-12-03,baselinenowcast
2023-10-29,3,7,1,1,1,1,1,1,1,1,1,daily,2023-12-03,baselinenowcast
2023-10-30,11,16,10,10,10,10,10,10,10,10,10,daily,2023-12-03,baselinenowcast
2023-10-31,8,8,6,6,6,6,6,6,6,6,6,daily,2023-12-03,baselinenowcast
2023-11-01,12,12,7,7,7,7,7,7,7,7,7,daily,2023-12-03,baselinenowcast
2023-11-02,18,27,13,13,13,13,13,13,13,13,13,daily,2023-12-03,baselinenowcast
2023-11-03,13,18,12,12,12,12,12,12,12,12,12,daily,2023-12-03,baselinenowcast
2023-11-04,4,13,1,1,1,1,1,1,1,1,1,daily,2023-12-03,baselinenowcast
2023-11-05,6,9,6,6,6,6,6,6,6,6,6,daily,2023-12-03,baselinenowcast
2023-11-06,16,23,13,13,13,13,13,13,13,13,13,daily,2023-12-03,baselinenowcast
2023-11-07,11,13,11,11,11,11,11,11,11,11,11,daily,2023-12-03,baselinenowcast
2023-11-08,6,7,5,5,5,5,5,5,5,5,5,daily,2023-12-03,baselinenowcast
2023-11-09,11,20,11,11,11,11,11,11,11,11,11,daily,2023-12-03,baselinenowcast
2023-11-10,16,19,16,16,16,16,16,16,16,16,16,daily,2023-12-03,baselinenowcast
2023-11-11,11,12,10,10,10,10,10,10,10,10,10,daily,2023-12-03,baselinenowcast
2023-11-12,8,14,8,8,8,8,8,8,8,8,8,daily,2023-12-03,baselinenowcast
2023-11-13,18,21,18,18,18,18,18,18,18,18,18,daily,2023-12-03,baselinenowcast
2023-11-14,11,14,11,11,11,11,11,11,11,11,11,daily,2023-12-03,baselinenowcast
2023-11-15,13,15,12,12,12,12,12,12,12,12,12,daily,2023-12-03,baselinenowcast
2023-11-16,15,21,15,15,15,15,15,15,15,15,15,daily,2023-12-03,baselinenowcast
2023-11-17,15,15,14,14,14,14,14,14,14,14,14,daily,2023-12-03,baselinenowcast
2023-11-18,9,14,8,8,8,8,8,8,8,8,8,daily,2023-12-03,baselinenowcast
2023-11-19,13,17,13,13,13,13,13,13,13,13,13,daily,2023-12-03,baselinenowcast
2023-11-20,25,29,25,25,25,25,25,25,25,25,25,daily,2023-12-03,baselinenowcast
2023-11-21,17,20,17,17,18,17,18,17,17,17,17,daily,2023-12-03,baselinenowcast
2023-11-22,17,19,17,17,19,17,20,17,18,17,18,daily,2023-12-03,baselinenowcast
2023-11-23,9,10,9,9,11,9,12,9,9,9,10,daily,2023-12-03,baselinenowcast
2023-11-24,10,17,10,10,12,10,13,10,10,10,11,daily,2023-12-03,baselinenowcast
2023-11-25,4,7,4,4,6,4,6,4,4,4,5,daily,2023-12-03,baselinenowcast
2023-11-26,4,10,4,4,6,4,7,4,4,4,5,daily,2023-12-03,baselinenowcast
2023-11-27,23,27,24,23,36,23,38,23,27,23,29,daily,2023-12-03,baselinenowcast
2023-11-28,23,25,24,23,36,23,39,23,27,23,29,daily,2023-12-03,baselinenowcast
2023-11-29,15,17,16,15,28.049999999999955,15,32,15,19,15,22,daily,2023-12-03,baselinenowcast
2023-11-30,14,20,16,14,32,14,37,14,21,14,23,daily,2023-12-03,baselinenowcast
2023-12-01,8,20,11,8,22,8,25,9,14,9,16,daily,2023-12-03,baselinenowcast
2023-12-02,3,22,8,3,23,3,27,5,13,4,15,daily,2023-12-03,baselinenowcast
2023-12-03,1,23,50,6,176,4,206.04999999999995,24,87,17,110,daily,2023-12-03,baselinenowcast
2023-04-01,24,24,21,21,21,21,21,21,21,21,21,daily,2023-12-10,baselinenowcast
2023-04-02,23,23,18,18,18,18,18,18,18,18,18,daily,2023-12-10,baselinenowcast
2023-04-03,27,27,22,22,22,22,22,22,22,22,22,daily,2023-12-10,baselinenowcast
2023-04-04,44,44,35,35,35,35,35,35,35,35,35,daily,2023-12-10,baselinenowcast
2023-04-05,38,38,31,31,31,31,31,31,31,31,31,daily,2023-12-10,baselinenowcast
2023-04-06,33,33,28,28,28,28,28,28,28,28,28,daily,2023-12-10,baselinenowcast
2023-04-07,14,14,12,12,12,12,12,12,12,12,12,daily,2023-12-10,baselinenowcast
2023-04-08,26,26,20,20,20,20,20,20,20,20,20,daily,2023-12-10,baselinenowcast
2023-04-09,31,31,25,25,25,25,25,25,25,25,25,daily,2023-12-10,baselinenowcast
2023-04-10,17,17,12,12,12,12,12,12,12,12,12,daily,2023-12-10,baselinenowcast
2023-04-11,44,44,41,41,41,41,41,41,41,41,41,daily,2023-12-10,baselinenowcast
2023-04-12,32,32,27,27,27,27,27,27,27,27,27,daily,2023-12-10,baselinenowcast
2023-04-13,31,31,27,27,27,27,27,27,27,27,27,daily,2023-12-10,baselinenowcast
2023-04-14,27,27,20,20,20,20,20,20,20,20,20,daily,2023-12-10,baselinenowcast
2023-04-15,32,32,26,26,26,26,26,26,26,26,26,daily,2023-12-10,baselinenowcast
2023-04-16,17,17,12,12,12,12,12,12,12,12,12,daily,2023-12-10,baselinenowcast
2023-04-17,31,31,28,28,28,28,28,28,28,28,28,daily,2023-12-10,baselinenowcast
2023-04-18,23,23,17,17,17,17,17,17,17,17,17,daily,2023-12-10,baselinenowcast
2023-04-19,24,24,20,20,20,20,20,20,20,20,20,daily,2023-12-10,baselinenowcast
2023-04-20,16,16,12,12,12,12,12,12,12,12,12,daily,2023-12-10,baselinenowcast
2023-04-21,25,25,19,19,19,19,19,19,19,19,19,daily,2023-12-10,baselinenowcast
2023-04-22,8,8,8,8,8,8,8,8,8,8,8,daily,2023-12-10,baselinenowcast
2023-04-23,8,8,6,6,6,6,6,6,6,6,6,daily,2023-12-10,baselinenowcast
2023-04-24,14,14,14,14,14,14,14,14,14,14,14,daily,2023-12-10,baselinenowcast
2023-04-25,24,24,19,19,19,19,19,19,19,19,19,daily,2023-12-10,baselinenowcast
2023-04-26,26,26,23,23,23,23,23,23,23,23,23,daily,2023-12-10,baselinenowcast
2023-04-27,34,34,32,32,32,32,32,32,32,32,32,daily,2023-12-10,baselinenowcast
2023-04-28,20,20,12,12,12,12,12,12,12,12,12,daily,2023-12-10,baselinenowcast
2023-04-29,15,15,14,14,14,14,14,14,14,14,14,daily,2023-12-10,baselinenowcast
2023-04-30,20,20,15,15,15,15,15,15,15,15,15,daily,2023-12-10,baselinenowcast
2023-05-01,14,14,10,10,10,10,10,10,10,10,10,daily,2023-12-10,baselinenowcast
2023-05-02,25,25,14,14,14,14,14,14,14,14,14,daily,2023-12-10,baselinenowcast
2023-05-03,27,27,19,19,19,19,19,19,19,19,19,daily,2023-12-10,baselinenowcast
2023-05-04,42,42,29,29,29,29,29,29,29,29,29,daily,2023-12-10,baselinenowcast
2023-05-05,23,23,19,19,19,19,19,19,19,19,19,daily,2023-12-10,baselinenowcast
2023-05-06,13,13,11,11,11,11,11,11,11,11,11,daily,2023-12-10,baselinenowcast
2023-05-07,20,20,14,14,14,14,14,14,14,14,14,daily,2023-12-10,baselinenowcast
2023-05-08,16,16,13,13,13,13,13,13,13,13,13,daily,2023-12-10,baselinenowcast
2023-05-09,15,15,11,11,11,11,11,11,11,11,11,daily,2023-12-10,baselinenowcast
2023-05-10,26,26,21,21,21,21,21,21,21,21,21,daily,2023-12-10,baselinenowcast
2023-05-11,19,19,15,15,15,15,15,15,15,15,15,daily,2023-12-10,baselinenowcast
2023-05-12,21,21,15,15,15,15,15,15,15,15,15,daily,2023-12-10,baselinenowcast
2023-05-13,13,13,13,13,13,13,13,13,13,13,13,daily,2023-12-10,baselinenowcast
2023-05-14,24,24,10,10,10,10,10,10,10,10,10,daily,2023-12-10,baselinenowcast
2023-05-15,21,21,12,12,12,12,12,12,12,12,12,daily,2023-12-10,baselinenowcast
2023-05-16,23,23,19,19,19,19,19,19,19,19,19,daily,2023-12-10,baselinenowcast
2023-05-17,20,20,14,14,14,14,14,14,14,14,14,daily,2023-12-10,baselinenowcast
2023-05-18,23,23,12,12,12,12,12,12,12,12,12,daily,2023-12-10,baselinenowcast
2023-05-19,14,14,7,7,7,7,7,7,7,7,7,daily,2023-12-10,baselinenowcast
2023-05-20,12,12,7,7,7,7,7,7,7,7,7,daily,2023-12-10,baselinenowcast
2023-05-21,23,23,15,15,15,15,15,15,15,15,15,daily,2023-12-10,baselinenowcast
2023-05-22,18,18,12,12,12,12,12,12,12,12,12,daily,2023-12-10,baselinenowcast
2023-05-23,17,17,15,15,15,15,15,15,15,15,15,daily,2023-12-10,baselinenowcast
2023-05-24,22,22,12,12,12,12,12,12,12,12,12,daily,2023-12-10,baselinenowcast
2023-05-25,19,19,15,15,15,15,15,15,15,15,15,daily,2023-12-10,baselinenowcast
2023-05-26,20,20,16,16,16,16,16,16,16,16,16,daily,2023-12-10,baselinenowcast
2023-05-27,11,11,2,2,2,2,2,2,2,2,2,daily,2023-12-10,baselinenowcast
2023-05-28,6,6,6,6,6,6,6,6,6,6,6,daily,2023-12-10,baselinenowcast
2023-05-29,9,9,2,2,2,2,2,2,2,2,2,daily,2023-12-10,baselinenowcast
2023-05-30,26,26,21,21,21,21,21,21,21,21,21,daily,2023-12-10,baselinenowcast
2023-05-31,22,22,15,15,15,15,15,15,15,15,15,daily,2023-12-10,baselinenowcast
2023-06-01,18,18,8,8,8,8,8,8,8,8,8,daily,2023-12-10,baselinenowcast
2023-06-02,17,17,10,10,10,10,10,10,10,10,10,daily,2023-12-10,baselinenowcast
2023-06-03,10,10,6,6,6,6,6,6,6,6,6,daily,2023-12-10,baselinenowcast
2023-06-04,15,15,8,8,8,8,8,8,8,8,8,daily,2023-12-10,baselinenowcast
2023-06-05,22,22,17,17,17,17,17,17,17,17,17,daily,2023-12-10,baselinenowcast
2023-06-06,29,29,21,21,21,21,21,21,21,21,21,daily,2023-12-10,baselinenowcast
2023-06-07,27,27,22,22,22,22,22,22,22,22,22,daily,2023-12-10,baselinenowcast
2023-06-08,21,21,11,11,11,11,11,11,11,11,11,daily,2023-12-10,baselinenowcast
2023-06-09,7,7,2,2,2,2,2,2,2,2,2,daily,2023-12-10,baselinenowcast
2023-06-10,12,12,11,11,11,11,11,11,11,11,11,daily,2023-12-10,baselinenowcast
2023-06-11,7,7,2,2,2,2,2,2,2,2,2,daily,2023-12-10,baselinenowcast
2023-06-12,15,15,10,10,10,10,10,10,10,10,10,daily,2023-12-10,baselinenowcast
2023-06-13,17,17,15,15,15,15,15,15,15,15,15,daily,2023-12-10,baselinenowcast
2023-06-14,9,9,3,3,3,3,3,3,3,3,3,daily,2023-12-10,baselinenowcast
2023-06-15,22,22,9,9,9,9,9,9,9,9,9,daily,2023-12-10,baselinenowcast
2023-06-16,17,17,17,17,17,17,17,17,17,17,17,daily,2023-12-10,baselinenowcast
2023-06-17,12,12,10,10,10,10,10,10,10,10,10,daily,2023-12-10,baselinenowcast
2023-06-18,5,5,1,1,1,1,1,1,1,1,1,daily,2023-12-10,baselinenowcast
2023-06-19,16,16,11,11,11,11,11,11,11,11,11,daily,2023-12-10,baselinenowcast
2023-06-20,17,17,10,10,10,10,10,10,10,10,10,daily,2023-12-10,baselinenowcast
2023-06-21,15,15,12,12,12,12,12,12,12,12,12,daily,2023-12-10,baselinenowcast
2023-06-22,18,18,17,17,17,17,17,17,17,17,17,daily,2023-12-10,baselinenowcast
2023-06-23,10,10,7,7,7,7,7,7,7,7,7,daily,2023-12-10,baselinenowcast
2023-06-24,8,8,6,6,6,6,6,6,6,6,6,daily,2023-12-10,baselinenowcast
2023-06-25,15,15,6,6,6,6,6,6,6,6,6,daily,2023-12-10,baselinenowcast
2023-06-26,2,2,2,2,2,2,2,2,2,2,2,daily,2023-12-10,baselinenowcast
2023-06-27,11,11,10,10,10,10,10,10,10,10,10,daily,2023-12-10,baselinenowcast
2023-06-28,15,15,12,12,12,12,12,12,12,12,12,daily,2023-12-10,baselinenowcast
2023-06-29,12,12,9,9,9,9,9,9,9,9,9,daily,2023-12-10,baselinenowcast
2023-06-30,7,7,6,6,6,6,6,6,6,6,6,daily,2023-12-10,baselinenowcast
2023-07-01,4,4,1,1,1,1,1,1,1,1,1,daily,2023-12-10,baselinenowcast
2023-07-02,8,8,2,2,2,2,2,2,2,2,2,daily,2023-12-10,baselinenowcast
2023-07-03,23,23,13,13,13,13,13,13,13,13,13,daily,2023-12-10,baselinenowcast
2023-07-04,13,13,10,10,10,10,10,10,10,10,10,daily,2023-12-10,baselinenowcast
2023-07-05,19,19,17,17,17,17,17,17,17,17,17,daily,2023-12-10,baselinenowcast
2023-07-06,14,14,8,8,8,8,8,8,8,8,8,daily,2023-12-10,baselinenowcast
2023-07-07,15,15,12,12,12,12,12,12,12,12,12,daily,2023-12-10,baselinenowcast
2023-07-08,5,5,2,2,2,2,2,2,2,2,2,daily,2023-12-10,baselinenowcast
2023-07-09,5,5,3,3,3,3,3,3,3,3,3,daily,2023-12-10,baselinenowcast
2023-07-10,13,13,10,10,10,10,10,10,10,10,10,daily,2023-12-10,baselinenowcast
2023-07-11,13,13,10,10,10,10,10,10,10,10,10,daily,2023-12-10,baselinenowcast
2023-07-12,13,13,10,10,10,10,10,10,10,10,10,daily,2023-12-10,baselinenowcast
2023-07-13,18,18,14,14,14,14,14,14,14,14,14,daily,2023-12-10,baselinenowcast
2023-07-14,10,10,9,9,9,9,9,9,9,9,9,daily,2023-12-10,baselinenowcast
2023-07-15,9,9,7,7,7,7,7,7,7,7,7,daily,2023-12-10,baselinenowcast
2023-07-16,19,19,6,6,6,6,6,6,6,6,6,daily,2023-12-10,baselinenowcast
2023-07-17,9,9,6,6,6,6,6,6,6,6,6,daily,2023-12-10,baselinenowcast
2023-07-18,22,22,16,16,16,16,16,16,16,16,16,daily,2023-12-10,baselinenowcast
2023-07-19,17,17,11,11,11,11,11,11,11,11,11,daily,2023-12-10,baselinenowcast
2023-07-20,27,27,19,19,19,19,19,19,19,19,19,daily,2023-12-10,baselinenowcast
2023-07-21,15,15,5,5,5,5,5,5,5,5,5,daily,2023-12-10,baselinenowcast
2023-07-22,6,6,3,3,3,3,3,3,3,3,3,daily,2023-12-10,baselinenowcast
2023-07-23,10,10,5,5,5,5,5,5,5,5,5,daily,2023-12-10,baselinenowcast
2023-07-24,15,15,14,14,14,14,14,14,14,14,14,daily,2023-12-10,baselinenowcast
2023-07-25,23,23,16,16,16,16,16,16,16,16,16,daily,2023-12-10,baselinenowcast
2023-07-26,15,15,10,10,10,10,10,10,10,10,10,daily,2023-12-10,baselinenowcast
2023-07-27,25,25,13,13,13,13,13,13,13,13,13,daily,2023-12-10,baselinenowcast
2023-07-28,9,9,8,8,8,8,8,8,8,8,8,daily,2023-12-10,baselinenowcast
2023-07-29,8,8,4,4,4,4,4,4,4,4,4,daily,2023-12-10,baselinenowcast
2023-07-30,6,6,3,3,3,3,3,3,3,3,3,daily,2023-12-10,baselinenowcast
2023-07-31,14,14,8,8,8,8,8,8,8,8,8,daily,2023-12-10,baselinenowcast
2023-08-01,9,9,3,3,3,3,3,3,3,3,3,daily,2023-12-10,baselinenowcast
2023-08-02,12,12,8,8,8,8,8,8,8,8,8,daily,2023-12-10,baselinenowcast
2023-08-03,21,21,15,15,15,15,15,15,15,15,15,daily,2023-12-10,baselinenowcast
2023-08-04,2,2,2,2,2,2,2,2,2,2,2,daily,2023-12-10,baselinenowcast
2023-08-05,10,10,7,7,7,7,7,7,7,7,7,daily,2023-12-10,baselinenowcast
2023-08-06,5,5,3,3,3,3,3,3,3,3,3,daily,2023-12-10,baselinenowcast
2023-08-07,15,15,7,7,7,7,7,7,7,7,7,daily,2023-12-10,baselinenowcast
2023-08-08,26,26,20,20,20,20,20,20,20,20,20,daily,2023-12-10,baselinenowcast
2023-08-09,15,15,13,13,13,13,13,13,13,13,13,daily,2023-12-10,baselinenowcast
2023-08-10,14,14,7,7,7,7,7,7,7,7,7,daily,2023-12-10,baselinenowcast
2023-08-11,16,16,13,13,13,13,13,13,13,13,13,daily,2023-12-10,baselinenowcast
2023-08-12,8,8,5,5,5,5,5,5,5,5,5,daily,2023-12-10,baselinenowcast
2023-08-13,4,4,2,2,2,2,2,2,2,2,2,daily,2023-12-10,baselinenowcast
2023-08-14,22,22,14,14,14,14,14,14,14,14,14,daily,2023-12-10,baselinenowcast
2023-08-15,16,16,13,13,13,13,13,13,13,13,13,daily,2023-12-10,baselinenowcast
2023-08-16,8,8,6,6,6,6,6,6,6,6,6,daily,2023-12-10,baselinenowcast
2023-08-17,18,18,16,16,16,16,16,16,16,16,16,daily,2023-12-10,baselinenowcast
2023-08-18,17,17,14,14,14,14,14,14,14,14,14,daily,2023-12-10,baselinenowcast
2023-08-19,11,11,5,5,5,5,5,5,5,5,5,daily,2023-12-10,baselinenowcast
2023-08-20,7,7,2,2,2,2,2,2,2,2,2,daily,2023-12-10,baselinenowcast
2023-08-21,17,17,16,16,16,16,16,16,16,16,16,daily,2023-12-10,baselinenowcast
2023-08-22,11,11,7,7,7,7,7,7,7,7,7,daily,2023-12-10,baselinenowcast
2023-08-23,18,18,5,5,5,5,5,5,5,5,5,daily,2023-12-10,baselinenowcast
2023-08-24,10,10,7,7,7,7,7,7,7,7,7,daily,2023-12-10,baselinenowcast
2023-08-25,12,12,10,10,10,10,10,10,10,10,10,daily,2023-12-10,baselinenowcast
2023-08-26,15,15,13,13,13,13,13,13,13,13,13,daily,2023-12-10,baselinenowcast
2023-08-27,6,6,3,3,3,3,3,3,3,3,3,daily,2023-12-10,baselinenowcast
2023-08-28,3,3,2,2,2,2,2,2,2,2,2,daily,2023-12-10,baselinenowcast
2023-08-29,10,10,7,7,7,7,7,7,7,7,7,daily,2023-12-10,baselinenowcast
2023-08-30,17,17,15,15,15,15,15,15,15,15,15,daily,2023-12-10,baselinenowcast
2023-08-31,12,12,4,4,4,4,4,4,4,4,4,daily,2023-12-10,baselinenowcast
2023-09-01,8,8,3,3,3,3,3,3,3,3,3,daily,2023-12-10,baselinenowcast
2023-09-02,10,10,6,6,6,6,6,6,6,6,6,daily,2023-12-10,baselinenowcast
2023-09-03,7,7,1,1,1,1,1,1,1,1,1,daily,2023-12-10,baselinenowcast
2023-09-04,16,16,9,9,9,9,9,9,9,9,9,daily,2023-12-10,baselinenowcast
2023-09-05,9,9,5,5,5,5,5,5,5,5,5,daily,2023-12-10,baselinenowcast
2023-09-06,11,11,8,8,8,8,8,8,8,8,8,daily,2023-12-10,baselinenowcast
2023-09-07,15,15,3,3,3,3,3,3,3,3,3,daily,2023-12-10,baselinenowcast
2023-09-08,13,13,7,7,7,7,7,7,7,7,7,daily,2023-12-10,baselinenowcast
2023-09-09,13,13,10,10,10,10,10,10,10,10,10,daily,2023-12-10,baselinenowcast
2023-09-10,5,5,5,5,5,5,5,5,5,5,5,daily,2023-12-10,baselinenowcast
2023-09-11,18,18,11,11,11,11,11,11,11,11,11,daily,2023-12-10,baselinenowcast
2023-09-12,14,14,8,8,8,8,8,8,8,8,8,daily,2023-12-10,baselinenowcast
2023-09-13,11,11,7,7,7,7,7,7,7,7,7,daily,2023-12-10,baselinenowcast
2023-09-14,9,9,4,4,4,4,4,4,4,4,4,daily,2023-12-10,baselinenowcast
2023-09-15,17,17,6,6,6,6,6,6,6,6,6,daily,2023-12-10,baselinenowcast
2023-09-16,10,10,7,7,7,7,7,7,7,7,7,daily,2023-12-10,baselinenowcast
2023-09-17,4,4,4,4,4,4,4,4,4,4,4,daily,2023-12-10,baselinenowcast
2023-09-18,8,8,4,4,4,4,4,4,4,4,4,daily,2023-12-10,baselinenowcast
2023-09-19,13,13,11,11,11,11,11,11,11,11,11,daily,2023-12-10,baselinenowcast
2023-09-20,19,19,16,16,16,16,16,16,16,16,16,daily,2023-12-10,baselinenowcast
2023-09-21,8,8,2,2,2,2,2,2,2,2,2,daily,2023-12-10,baselinenowcast
2023-09-22,12,12,3,3,3,3,3,3,3,3,3,daily,2023-12-10,baselinenowcast
2023-09-23,11,11,10,10,10,10,10,10,10,10,10,daily,2023-12-10,baselinenowcast
2023-09-24,4,4,0,0,0,0,0,0,0,0,0,daily,2023-12-10,baselinenowcast
2023-09-25,4,4,2,2,2,2,2,2,2,2,2,daily,2023-12-10,baselinenowcast
2023-09-26,9,9,7,7,7,7,7,7,7,7,7,daily,2023-12-10,baselinenowcast
2023-09-27,6,6,3,3,3,3,3,3,3,3,3,daily,2023-12-10,baselinenowcast
2023-09-28,15,15,9,9,9,9,9,9,9,9,9,daily,2023-12-10,baselinenowcast
2023-09-29,7,7,4,4,4,4,4,4,4,4,4,daily,2023-12-10,baselinenowcast
2023-09-30,6,6,3,3,3,3,3,3,3,3,3,daily,2023-12-10,baselinenowcast
2023-10-01,7,7,0,0,0,0,0,0,0,0,0,daily,2023-12-10,baselinenowcast
2023-10-02,4,4,2,2,2,2,2,2,2,2,2,daily,2023-12-10,baselinenowcast
2023-10-03,6,6,5,5,5,5,5,5,5,5,5,daily,2023-12-10,baselinenowcast
2023-10-04,3,3,0,0,0,0,0,0,0,0,0,daily,2023-12-10,baselinenowcast
2023-10-05,10,10,6,6,6,6,6,6,6,6,6,daily,2023-12-10,baselinenowcast
2023-10-06,12,12,3,3,3,3,3,3,3,3,3,daily,2023-12-10,baselinenowcast
2023-10-07,3,3,1,1,1,1,1,1,1,1,1,daily,2023-12-10,baselinenowcast
2023-10-08,19,19,8,8,8,8,8,8,8,8,8,daily,2023-12-10,baselinenowcast
2023-10-09,21,21,9,9,9,9,9,9,9,9,9,daily,2023-12-10,baselinenowcast
2023-10-10,8,8,4,4,4,4,4,4,4,4,4,daily,2023-12-10,baselinenowcast
2023-10-11,9,9,5,5,5,5,5,5,5,5,5,daily,2023-12-10,baselinenowcast
2023-10-12,15,15,8,8,8,8,8,8,8,8,8,daily,2023-12-10,baselinenowcast
2023-10-13,17,17,12,12,12,12,12,12,12,12,12,daily,2023-12-10,baselinenowcast
2023-10-14,5,5,3,3,3,3,3,3,3,3,3,daily,2023-12-10,baselinenowcast
2023-10-15,14,14,8,8,8,8,8,8,8,8,8,daily,2023-12-10,baselinenowcast
2023-10-16,14,14,10,10,10,10,10,10,10,10,10,daily,2023-12-10,baselinenowcast
2023-10-17,17,17,15,15,15,15,15,15,15,15,15,daily,2023-12-10,baselinenowcast
2023-10-18,17,17,10,10,10,10,10,10,10,10,10,daily,2023-12-10,baselinenowcast
2023-10-19,16,16,7,7,7,7,7,7,7,7,7,daily,2023-12-10,baselinenowcast
2023-10-20,18,18,7,7,7,7,7,7,7,7,7,daily,2023-12-10,baselinenowcast
2023-10-21,14,14,4,4,4,4,4,4,4,4,4,daily,2023-12-10,baselinenowcast
2023-10-22,7,7,1,1,1,1,1,1,1,1,1,daily,2023-12-10,baselinenowcast
2023-10-23,12,12,10,10,10,10,10,10,10,10,10,daily,2023-12-10,baselinenowcast
2023-10-24,15,15,12,12,12,12,12,12,12,12,12,daily,2023-12-10,baselinenowcast
2023-10-25,17,17,10,10,10,10,10,10,10,10,10,daily,2023-12-10,baselinenowcast
2023-10-26,16,16,11,11,11,11,11,11,11,11,11,daily,2023-12-10,baselinenowcast
2023-10-27,10,10,7,7,7,7,7,7,7,7,7,daily,2023-12-10,baselinenowcast
2023-10-28,8,9,4,4,4,4,4,4,4,4,4,daily,2023-12-10,baselinenowcast
2023-10-29,3,7,1,1,1,1,1,1,1,1,1,daily,2023-12-10,baselinenowcast
2023-10-30,14,16,10,10,10,10,10,10,10,10,10,daily,2023-12-10,baselinenowcast
2023-10-31,8,8,6,6,6,6,6,6,6,6,6,daily,2023-12-10,baselinenowcast
2023-11-01,12,12,7,7,7,7,7,7,7,7,7,daily,2023-12-10,baselinenowcast
2023-11-02,21,27,13,13,13,13,13,13,13,13,13,daily,2023-12-10,baselinenowcast
2023-11-03,16,18,12,12,12,12,12,12,12,12,12,daily,2023-12-10,baselinenowcast
2023-11-04,4,13,1,1,1,1,1,1,1,1,1,daily,2023-12-10,baselinenowcast
2023-11-05,7,9,6,6,6,6,6,6,6,6,6,daily,2023-12-10,baselinenowcast
2023-11-06,19,23,13,13,13,13,13,13,13,13,13,daily,2023-12-10,baselinenowcast
2023-11-07,13,13,11,11,11,11,11,11,11,11,11,daily,2023-12-10,baselinenowcast
2023-11-08,6,7,5,5,5,5,5,5,5,5,5,daily,2023-12-10,baselinenowcast
2023-11-09,12,20,11,11,11,11,11,11,11,11,11,daily,2023-12-10,baselinenowcast
2023-11-10,16,19,16,16,16,16,16,16,16,16,16,daily,2023-12-10,baselinenowcast
2023-11-11,11,12,10,10,10,10,10,10,10,10,10,daily,2023-12-10,baselinenowcast
2023-11-12,12,14,8,8,8,8,8,8,8,8,8,daily,2023-12-10,baselinenowcast
2023-11-13,18,21,18,18,18,18,18,18,18,18,18,daily,2023-12-10,baselinenowcast
2023-11-14,11,14,11,11,11,11,11,11,11,11,11,daily,2023-12-10,baselinenowcast
2023-11-15,13,15,12,12,12,12,12,12,12,12,12,daily,2023-12-10,baselinenowcast
2023-11-16,15,21,15,15,15,15,15,15,15,15,15,daily,2023-12-10,baselinenowcast
2023-11-17,15,15,14,14,14,14,14,14,14,14,14,daily,2023-12-10,baselinenowcast
2023-11-18,10,14,8,8,8,8,8,8,8,8,8,daily,2023-12-10,baselinenowcast
2023-11-19,13,17,13,13,13,13,13,13,13,13,13,daily,2023-12-10,baselinenowcast
2023-11-20,26,29,25,25,25,25,25,25,25,25,25,daily,2023-12-10,baselinenowcast
2023-11-21,18,20,18,18,18,18,18,18,18,18,18,daily,2023-12-10,baselinenowcast
2023-11-22,19,19,17,17,17,17,17,17,17,17,17,daily,2023-12-10,baselinenowcast
2023-11-23,9,10,9,9,9,9,9,9,9,9,9,daily,2023-12-10,baselinenowcast
2023-11-24,12,17,10,10,10,10,10,10,10,10,10,daily,2023-12-10,baselinenowcast
2023-11-25,5,7,5,5,5,5,5,5,5,5,5,daily,2023-12-10,baselinenowcast
2023-11-26,8,10,8,8,8,8,8,8,8,8,8,daily,2023-12-10,baselinenowcast
2023-11-27,24,27,24,24,25,24,26,24,24,24,25,daily,2023-12-10,baselinenowcast
2023-11-28,23,25,23,23,25,23,26,23,23,23,24,daily,2023-12-10,baselinenowcast
2023-11-29,15,17,15,15,19,15,20,15,16,15,16,daily,2023-12-10,baselinenowcast
2023-11-30,16,20,16,16,20,16,21,16,17,16,18,daily,2023-12-10,baselinenowcast
2023-12-01,13,20,13,13,16,13,18,13,14,13,14,daily,2023-12-10,baselinenowcast
2023-12-02,17,22,17,17,24,17,26,17,19,17,20,daily,2023-12-10,baselinenowcast
2023-12-03,13,23,13,13,18,13,20,13,14,13,15,daily,2023-12-10,baselinenowcast
2023-12-04,34,39,36,34,48,34,53,34,39,34,41,daily,2023-12-10,baselinenowcast
2023-12-05,42,47,44,42,58.049999999999955,42,63.02499999999998,42,48,42,51,daily,2023-12-10,baselinenowcast
2023-12-06,35,44,38,35,55,35,62,36,44,35,47,daily,2023-12-10,baselinenowcast
2023-12-07,38,50,45,38,82,38,95,40,54,39,60,daily,2023-12-10,baselinenowcast
2023-12-08,12,37,16,12,30,12,35,13,20,13,22,daily,2023-12-10,baselinenowcast
2023-12-09,4,30,9,4,21,4,24.024999999999977,6,12.25,5,15,daily,2023-12-10,baselinenowcast
2023-12-10,0,23,12,1,49.049999999999955,0,59.02499999999998,6,24,3,30,daily,2023-12-10,baselinenowcast
2023-04-01,24,24,21,21,21,21,21,21,21,21,21,daily,2023-12-17,baselinenowcast
2023-04-02,23,23,18,18,18,18,18,18,18,18,18,daily,2023-12-17,baselinenowcast
2023-04-03,27,27,22,22,22,22,22,22,22,22,22,daily,2023-12-17,baselinenowcast
2023-04-04,44,44,35,35,35,35,35,35,35,35,35,daily,2023-12-17,baselinenowcast
2023-04-05,38,38,31,31,31,31,31,31,31,31,31,daily,2023-12-17,baselinenowcast
2023-04-06,33,33,28,28,28,28,28,28,28,28,28,daily,2023-12-17,baselinenowcast
2023-04-07,14,14,12,12,12,12,12,12,12,12,12,daily,2023-12-17,baselinenowcast
2023-04-08,26,26,20,20,20,20,20,20,20,20,20,daily,2023-12-17,baselinenowcast
2023-04-09,31,31,25,25,25,25,25,25,25,25,25,daily,2023-12-17,baselinenowcast
2023-04-10,17,17,12,12,12,12,12,12,12,12,12,daily,2023-12-17,baselinenowcast
2023-04-11,44,44,41,41,41,41,41,41,41,41,41,daily,2023-12-17,baselinenowcast
2023-04-12,32,32,27,27,27,27,27,27,27,27,27,daily,2023-12-17,baselinenowcast
2023-04-13,31,31,27,27,27,27,27,27,27,27,27,daily,2023-12-17,baselinenowcast
2023-04-14,27,27,20,20,20,20,20,20,20,20,20,daily,2023-12-17,baselinenowcast
2023-04-15,32,32,26,26,26,26,26,26,26,26,26,daily,2023-12-17,baselinenowcast
2023-04-16,17,17,12,12,12,12,12,12,12,12,12,daily,2023-12-17,baselinenowcast
2023-04-17,31,31,28,28,28,28,28,28,28,28,28,daily,2023-12-17,baselinenowcast
2023-04-18,23,23,17,17,17,17,17,17,17,17,17,daily,2023-12-17,baselinenowcast
2023-04-19,24,24,20,20,20,20,20,20,20,20,20,daily,2023-12-17,baselinenowcast
2023-04-20,16,16,12,12,12,12,12,12,12,12,12,daily,2023-12-17,baselinenowcast
2023-04-21,25,25,19,19,19,19,19,19,19,19,19,daily,2023-12-17,baselinenowcast
2023-04-22,8,8,8,8,8,8,8,8,8,8,8,daily,2023-12-17,baselinenowcast
2023-04-23,8,8,6,6,6,6,6,6,6,6,6,daily,2023-12-17,baselinenowcast
2023-04-24,14,14,14,14,14,14,14,14,14,14,14,daily,2023-12-17,baselinenowcast
2023-04-25,24,24,19,19,19,19,19,19,19,19,19,daily,2023-12-17,baselinenowcast
2023-04-26,26,26,23,23,23,23,23,23,23,23,23,daily,2023-12-17,baselinenowcast
2023-04-27,34,34,32,32,32,32,32,32,32,32,32,daily,2023-12-17,baselinenowcast
2023-04-28,20,20,12,12,12,12,12,12,12,12,12,daily,2023-12-17,baselinenowcast
2023-04-29,15,15,14,14,14,14,14,14,14,14,14,daily,2023-12-17,baselinenowcast
2023-04-30,20,20,15,15,15,15,15,15,15,15,15,daily,2023-12-17,baselinenowcast
2023-05-01,14,14,10,10,10,10,10,10,10,10,10,daily,2023-12-17,baselinenowcast
2023-05-02,25,25,14,14,14,14,14,14,14,14,14,daily,2023-12-17,baselinenowcast
2023-05-03,27,27,19,19,19,19,19,19,19,19,19,daily,2023-12-17,baselinenowcast
2023-05-04,42,42,29,29,29,29,29,29,29,29,29,daily,2023-12-17,baselinenowcast
2023-05-05,23,23,19,19,19,19,19,19,19,19,19,daily,2023-12-17,baselinenowcast
2023-05-06,13,13,11,11,11,11,11,11,11,11,11,daily,2023-12-17,baselinenowcast
2023-05-07,20,20,14,14,14,14,14,14,14,14,14,daily,2023-12-17,baselinenowcast
2023-05-08,16,16,13,13,13,13,13,13,13,13,13,daily,2023-12-17,baselinenowcast
2023-05-09,15,15,11,11,11,11,11,11,11,11,11,daily,2023-12-17,baselinenowcast
2023-05-10,26,26,21,21,21,21,21,21,21,21,21,daily,2023-12-17,baselinenowcast
2023-05-11,19,19,15,15,15,15,15,15,15,15,15,daily,2023-12-17,baselinenowcast
2023-05-12,21,21,15,15,15,15,15,15,15,15,15,daily,2023-12-17,baselinenowcast
2023-05-13,13,13,13,13,13,13,13,13,13,13,13,daily,2023-12-17,baselinenowcast
2023-05-14,24,24,10,10,10,10,10,10,10,10,10,daily,2023-12-17,baselinenowcast
2023-05-15,21,21,12,12,12,12,12,12,12,12,12,daily,2023-12-17,baselinenowcast
2023-05-16,23,23,19,19,19,19,19,19,19,19,19,daily,2023-12-17,baselinenowcast
2023-05-17,20,20,14,14,14,14,14,14,14,14,14,daily,2023-12-17,baselinenowcast
2023-05-18,23,23,12,12,12,12,12,12,12,12,12,daily,2023-12-17,baselinenowcast
2023-05-19,14,14,7,7,7,7,7,7,7,7,7,daily,2023-12-17,baselinenowcast
2023-05-20,12,12,7,7,7,7,7,7,7,7,7,daily,2023-12-17,baselinenowcast
2023-05-21,23,23,15,15,15,15,15,15,15,15,15,daily,2023-12-17,baselinenowcast
2023-05-22,18,18,12,12,12,12,12,12,12,12,12,daily,2023-12-17,baselinenowcast
2023-05-23,17,17,15,15,15,15,15,15,15,15,15,daily,2023-12-17,baselinenowcast
2023-05-24,22,22,12,12,12,12,12,12,12,12,12,daily,2023-12-17,baselinenowcast
2023-05-25,19,19,15,15,15,15,15,15,15,15,15,daily,2023-12-17,baselinenowcast
2023-05-26,20,20,16,16,16,16,16,16,16,16,16,daily,2023-12-17,baselinenowcast
2023-05-27,11,11,2,2,2,2,2,2,2,2,2,daily,2023-12-17,baselinenowcast
2023-05-28,6,6,6,6,6,6,6,6,6,6,6,daily,2023-12-17,baselinenowcast
2023-05-29,9,9,2,2,2,2,2,2,2,2,2,daily,2023-12-17,baselinenowcast
2023-05-30,26,26,21,21,21,21,21,21,21,21,21,daily,2023-12-17,baselinenowcast
2023-05-31,22,22,15,15,15,15,15,15,15,15,15,daily,2023-12-17,baselinenowcast
2023-06-01,18,18,8,8,8,8,8,8,8,8,8,daily,2023-12-17,baselinenowcast
2023-06-02,17,17,10,10,10,10,10,10,10,10,10,daily,2023-12-17,baselinenowcast
2023-06-03,10,10,6,6,6,6,6,6,6,6,6,daily,2023-12-17,baselinenowcast
2023-06-04,15,15,8,8,8,8,8,8,8,8,8,daily,2023-12-17,baselinenowcast
2023-06-05,22,22,17,17,17,17,17,17,17,17,17,daily,2023-12-17,baselinenowcast
2023-06-06,29,29,21,21,21,21,21,21,21,21,21,daily,2023-12-17,baselinenowcast
2023-06-07,27,27,22,22,22,22,22,22,22,22,22,daily,2023-12-17,baselinenowcast
2023-06-08,21,21,11,11,11,11,11,11,11,11,11,daily,2023-12-17,baselinenowcast
2023-06-09,7,7,2,2,2,2,2,2,2,2,2,daily,2023-12-17,baselinenowcast
2023-06-10,12,12,11,11,11,11,11,11,11,11,11,daily,2023-12-17,baselinenowcast
2023-06-11,7,7,2,2,2,2,2,2,2,2,2,daily,2023-12-17,baselinenowcast
2023-06-12,15,15,10,10,10,10,10,10,10,10,10,daily,2023-12-17,baselinenowcast
2023-06-13,17,17,15,15,15,15,15,15,15,15,15,daily,2023-12-17,baselinenowcast
2023-06-14,9,9,3,3,3,3,3,3,3,3,3,daily,2023-12-17,baselinenowcast
2023-06-15,22,22,9,9,9,9,9,9,9,9,9,daily,2023-12-17,baselinenowcast
2023-06-16,17,17,17,17,17,17,17,17,17,17,17,daily,2023-12-17,baselinenowcast
2023-06-17,12,12,10,10,10,10,10,10,10,10,10,daily,2023-12-17,baselinenowcast
2023-06-18,5,5,1,1,1,1,1,1,1,1,1,daily,2023-12-17,baselinenowcast
2023-06-19,16,16,11,11,11,11,11,11,11,11,11,daily,2023-12-17,baselinenowcast
2023-06-20,17,17,10,10,10,10,10,10,10,10,10,daily,2023-12-17,baselinenowcast
2023-06-21,15,15,12,12,12,12,12,12,12,12,12,daily,2023-12-17,baselinenowcast
2023-06-22,18,18,17,17,17,17,17,17,17,17,17,daily,2023-12-17,baselinenowcast
2023-06-23,10,10,7,7,7,7,7,7,7,7,7,daily,2023-12-17,baselinenowcast
2023-06-24,8,8,6,6,6,6,6,6,6,6,6,daily,2023-12-17,baselinenowcast
2023-06-25,15,15,6,6,6,6,6,6,6,6,6,daily,2023-12-17,baselinenowcast
2023-06-26,2,2,2,2,2,2,2,2,2,2,2,daily,2023-12-17,baselinenowcast
2023-06-27,11,11,10,10,10,10,10,10,10,10,10,daily,2023-12-17,baselinenowcast
2023-06-28,15,15,12,12,12,12,12,12,12,12,12,daily,2023-12-17,baselinenowcast
2023-06-29,12,12,9,9,9,9,9,9,9,9,9,daily,2023-12-17,baselinenowcast
2023-06-30,7,7,6,6,6,6,6,6,6,6,6,daily,2023-12-17,baselinenowcast
2023-07-01,4,4,1,1,1,1,1,1,1,1,1,daily,2023-12-17,baselinenowcast
2023-07-02,8,8,2,2,2,2,2,2,2,2,2,daily,2023-12-17,baselinenowcast
2023-07-03,23,23,13,13,13,13,13,13,13,13,13,daily,2023-12-17,baselinenowcast
2023-07-04,13,13,10,10,10,10,10,10,10,10,10,daily,2023-12-17,baselinenowcast
2023-07-05,19,19,17,17,17,17,17,17,17,17,17,daily,2023-12-17,baselinenowcast
2023-07-06,14,14,8,8,8,8,8,8,8,8,8,daily,2023-12-17,baselinenowcast
2023-07-07,15,15,12,12,12,12,12,12,12,12,12,daily,2023-12-17,baselinenowcast
2023-07-08,5,5,2,2,2,2,2,2,2,2,2,daily,2023-12-17,baselinenowcast
2023-07-09,5,5,3,3,3,3,3,3,3,3,3,daily,2023-12-17,baselinenowcast
2023-07-10,13,13,10,10,10,10,10,10,10,10,10,daily,2023-12-17,baselinenowcast
2023-07-11,13,13,10,10,10,10,10,10,10,10,10,daily,2023-12-17,baselinenowcast
2023-07-12,13,13,10,10,10,10,10,10,10,10,10,daily,2023-12-17,baselinenowcast
2023-07-13,18,18,14,14,14,14,14,14,14,14,14,daily,2023-12-17,baselinenowcast
2023-07-14,10,10,9,9,9,9,9,9,9,9,9,daily,2023-12-17,baselinenowcast
2023-07-15,9,9,7,7,7,7,7,7,7,7,7,daily,2023-12-17,baselinenowcast
2023-07-16,19,19,6,6,6,6,6,6,6,6,6,daily,2023-12-17,baselinenowcast
2023-07-17,9,9,6,6,6,6,6,6,6,6,6,daily,2023-12-17,baselinenowcast
2023-07-18,22,22,16,16,16,16,16,16,16,16,16,daily,2023-12-17,baselinenowcast
2023-07-19,17,17,11,11,11,11,11,11,11,11,11,daily,2023-12-17,baselinenowcast
2023-07-20,27,27,19,19,19,19,19,19,19,19,19,daily,2023-12-17,baselinenowcast
2023-07-21,15,15,5,5,5,5,5,5,5,5,5,daily,2023-12-17,baselinenowcast
2023-07-22,6,6,3,3,3,3,3,3,3,3,3,daily,2023-12-17,baselinenowcast
2023-07-23,10,10,5,5,5,5,5,5,5,5,5,daily,2023-12-17,baselinenowcast
2023-07-24,15,15,14,14,14,14,14,14,14,14,14,daily,2023-12-17,baselinenowcast
2023-07-25,23,23,16,16,16,16,16,16,16,16,16,daily,2023-12-17,baselinenowcast
2023-07-26,15,15,10,10,10,10,10,10,10,10,10,daily,2023-12-17,baselinenowcast
2023-07-27,25,25,13,13,13,13,13,13,13,13,13,daily,2023-12-17,baselinenowcast
2023-07-28,9,9,8,8,8,8,8,8,8,8,8,daily,2023-12-17,baselinenowcast
2023-07-29,8,8,4,4,4,4,4,4,4,4,4,daily,2023-12-17,baselinenowcast
2023-07-30,6,6,3,3,3,3,3,3,3,3,3,daily,2023-12-17,baselinenowcast
2023-07-31,14,14,8,8,8,8,8,8,8,8,8,daily,2023-12-17,baselinenowcast
2023-08-01,9,9,3,3,3,3,3,3,3,3,3,daily,2023-12-17,baselinenowcast
2023-08-02,12,12,8,8,8,8,8,8,8,8,8,daily,2023-12-17,baselinenowcast
2023-08-03,21,21,15,15,15,15,15,15,15,15,15,daily,2023-12-17,baselinenowcast
2023-08-04,2,2,2,2,2,2,2,2,2,2,2,daily,2023-12-17,baselinenowcast
2023-08-05,10,10,7,7,7,7,7,7,7,7,7,daily,2023-12-17,baselinenowcast
2023-08-06,5,5,3,3,3,3,3,3,3,3,3,daily,2023-12-17,baselinenowcast
2023-08-07,15,15,7,7,7,7,7,7,7,7,7,daily,2023-12-17,baselinenowcast
2023-08-08,26,26,20,20,20,20,20,20,20,20,20,daily,2023-12-17,baselinenowcast
2023-08-09,15,15,13,13,13,13,13,13,13,13,13,daily,2023-12-17,baselinenowcast
2023-08-10,14,14,7,7,7,7,7,7,7,7,7,daily,2023-12-17,baselinenowcast
2023-08-11,16,16,13,13,13,13,13,13,13,13,13,daily,2023-12-17,baselinenowcast
2023-08-12,8,8,5,5,5,5,5,5,5,5,5,daily,2023-12-17,baselinenowcast
2023-08-13,4,4,2,2,2,2,2,2,2,2,2,daily,2023-12-17,baselinenowcast
2023-08-14,22,22,14,14,14,14,14,14,14,14,14,daily,2023-12-17,baselinenowcast
2023-08-15,16,16,13,13,13,13,13,13,13,13,13,daily,2023-12-17,baselinenowcast
2023-08-16,8,8,6,6,6,6,6,6,6,6,6,daily,2023-12-17,baselinenowcast
2023-08-17,18,18,16,16,16,16,16,16,16,16,16,daily,2023-12-17,baselinenowcast
2023-08-18,17,17,14,14,14,14,14,14,14,14,14,daily,2023-12-17,baselinenowcast
2023-08-19,11,11,5,5,5,5,5,5,5,5,5,daily,2023-12-17,baselinenowcast
2023-08-20,7,7,2,2,2,2,2,2,2,2,2,daily,2023-12-17,baselinenowcast
2023-08-21,17,17,16,16,16,16,16,16,16,16,16,daily,2023-12-17,baselinenowcast
2023-08-22,11,11,7,7,7,7,7,7,7,7,7,daily,2023-12-17,baselinenowcast
2023-08-23,18,18,5,5,5,5,5,5,5,5,5,daily,2023-12-17,baselinenowcast
2023-08-24,10,10,7,7,7,7,7,7,7,7,7,daily,2023-12-17,baselinenowcast
2023-08-25,12,12,10,10,10,10,10,10,10,10,10,daily,2023-12-17,baselinenowcast
2023-08-26,15,15,13,13,13,13,13,13,13,13,13,daily,2023-12-17,baselinenowcast
2023-08-27,6,6,3,3,3,3,3,3,3,3,3,daily,2023-12-17,baselinenowcast
2023-08-28,3,3,2,2,2,2,2,2,2,2,2,daily,2023-12-17,baselinenowcast
2023-08-29,10,10,7,7,7,7,7,7,7,7,7,daily,2023-12-17,baselinenowcast
2023-08-30,17,17,15,15,15,15,15,15,15,15,15,daily,2023-12-17,baselinenowcast
2023-08-31,12,12,4,4,4,4,4,4,4,4,4,daily,2023-12-17,baselinenowcast
2023-09-01,8,8,3,3,3,3,3,3,3,3,3,daily,2023-12-17,baselinenowcast
2023-09-02,10,10,6,6,6,6,6,6,6,6,6,daily,2023-12-17,baselinenowcast
2023-09-03,7,7,1,1,1,1,1,1,1,1,1,daily,2023-12-17,baselinenowcast
2023-09-04,16,16,9,9,9,9,9,9,9,9,9,daily,2023-12-17,baselinenowcast
2023-09-05,9,9,5,5,5,5,5,5,5,5,5,daily,2023-12-17,baselinenowcast
2023-09-06,11,11,8,8,8,8,8,8,8,8,8,daily,2023-12-17,baselinenowcast
2023-09-07,15,15,3,3,3,3,3,3,3,3,3,daily,2023-12-17,baselinenowcast
2023-09-08,13,13,7,7,7,7,7,7,7,7,7,daily,2023-12-17,baselinenowcast
2023-09-09,13,13,10,10,10,10,10,10,10,10,10,daily,2023-12-17,baselinenowcast
2023-09-10,5,5,5,5,5,5,5,5,5,5,5,daily,2023-12-17,baselinenowcast
2023-09-11,18,18,11,11,11,11,11,11,11,11,11,daily,2023-12-17,baselinenowcast
2023-09-12,14,14,8,8,8,8,8,8,8,8,8,daily,2023-12-17,baselinenowcast
2023-09-13,11,11,7,7,7,7,7,7,7,7,7,daily,2023-12-17,baselinenowcast
2023-09-14,9,9,4,4,4,4,4,4,4,4,4,daily,2023-12-17,baselinenowcast
2023-09-15,17,17,6,6,6,6,6,6,6,6,6,daily,2023-12-17,baselinenowcast
2023-09-16,10,10,7,7,7,7,7,7,7,7,7,daily,2023-12-17,baselinenowcast
2023-09-17,4,4,4,4,4,4,4,4,4,4,4,daily,2023-12-17,baselinenowcast
2023-09-18,8,8,4,4,4,4,4,4,4,4,4,daily,2023-12-17,baselinenowcast
2023-09-19,13,13,11,11,11,11,11,11,11,11,11,daily,2023-12-17,baselinenowcast
2023-09-20,19,19,16,16,16,16,16,16,16,16,16,daily,2023-12-17,baselinenowcast
2023-09-21,8,8,2,2,2,2,2,2,2,2,2,daily,2023-12-17,baselinenowcast
2023-09-22,12,12,3,3,3,3,3,3,3,3,3,daily,2023-12-17,baselinenowcast
2023-09-23,11,11,10,10,10,10,10,10,10,10,10,daily,2023-12-17,baselinenowcast
2023-09-24,4,4,0,0,0,0,0,0,0,0,0,daily,2023-12-17,baselinenowcast
2023-09-25,4,4,2,2,2,2,2,2,2,2,2,daily,2023-12-17,baselinenowcast
2023-09-26,9,9,7,7,7,7,7,7,7,7,7,daily,2023-12-17,baselinenowcast
2023-09-27,6,6,3,3,3,3,3,3,3,3,3,daily,2023-12-17,baselinenowcast
2023-09-28,15,15,9,9,9,9,9,9,9,9,9,daily,2023-12-17,baselinenowcast
2023-09-29,7,7,4,4,4,4,4,4,4,4,4,daily,2023-12-17,baselinenowcast
2023-09-30,6,6,3,3,3,3,3,3,3,3,3,daily,2023-12-17,baselinenowcast
2023-10-01,7,7,0,0,0,0,0,0,0,0,0,daily,2023-12-17,baselinenowcast
2023-10-02,4,4,2,2,2,2,2,2,2,2,2,daily,2023-12-17,baselinenowcast
2023-10-03,6,6,5,5,5,5,5,5,5,5,5,daily,2023-12-17,baselinenowcast
2023-10-04,3,3,0,0,0,0,0,0,0,0,0,daily,2023-12-17,baselinenowcast
2023-10-05,10,10,6,6,6,6,6,6,6,6,6,daily,2023-12-17,baselinenowcast
2023-10-06,12,12,3,3,3,3,3,3,3,3,3,daily,2023-12-17,baselinenowcast
2023-10-07,3,3,1,1,1,1,1,1,1,1,1,daily,2023-12-17,baselinenowcast
2023-10-08,19,19,8,8,8,8,8,8,8,8,8,daily,2023-12-17,baselinenowcast
2023-10-09,21,21,9,9,9,9,9,9,9,9,9,daily,2023-12-17,baselinenowcast
2023-10-10,8,8,4,4,4,4,4,4,4,4,4,daily,2023-12-17,baselinenowcast
2023-10-11,9,9,5,5,5,5,5,5,5,5,5,daily,2023-12-17,baselinenowcast
2023-10-12,15,15,8,8,8,8,8,8,8,8,8,daily,2023-12-17,baselinenowcast
2023-10-13,17,17,12,12,12,12,12,12,12,12,12,daily,2023-12-17,baselinenowcast
2023-10-14,5,5,3,3,3,3,3,3,3,3,3,daily,2023-12-17,baselinenowcast
2023-10-15,14,14,8,8,8,8,8,8,8,8,8,daily,2023-12-17,baselinenowcast
2023-10-16,14,14,10,10,10,10,10,10,10,10,10,daily,2023-12-17,baselinenowcast
2023-10-17,17,17,15,15,15,15,15,15,15,15,15,daily,2023-12-17,baselinenowcast
2023-10-18,17,17,10,10,10,10,10,10,10,10,10,daily,2023-12-17,baselinenowcast
2023-10-19,16,16,7,7,7,7,7,7,7,7,7,daily,2023-12-17,baselinenowcast
2023-10-20,18,18,7,7,7,7,7,7,7,7,7,daily,2023-12-17,baselinenowcast
2023-10-21,14,14,4,4,4,4,4,4,4,4,4,daily,2023-12-17,baselinenowcast
2023-10-22,7,7,1,1,1,1,1,1,1,1,1,daily,2023-12-17,baselinenowcast
2023-10-23,12,12,10,10,10,10,10,10,10,10,10,daily,2023-12-17,baselinenowcast
2023-10-24,15,15,12,12,12,12,12,12,12,12,12,daily,2023-12-17,baselinenowcast
2023-10-25,17,17,10,10,10,10,10,10,10,10,10,daily,2023-12-17,baselinenowcast
2023-10-26,16,16,11,11,11,11,11,11,11,11,11,daily,2023-12-17,baselinenowcast
2023-10-27,10,10,7,7,7,7,7,7,7,7,7,daily,2023-12-17,baselinenowcast
2023-10-28,9,9,4,4,4,4,4,4,4,4,4,daily,2023-12-17,baselinenowcast
2023-10-29,7,7,1,1,1,1,1,1,1,1,1,daily,2023-12-17,baselinenowcast
2023-10-30,15,16,10,10,10,10,10,10,10,10,10,daily,2023-12-17,baselinenowcast
2023-10-31,8,8,6,6,6,6,6,6,6,6,6,daily,2023-12-17,baselinenowcast
2023-11-01,12,12,7,7,7,7,7,7,7,7,7,daily,2023-12-17,baselinenowcast
2023-11-02,26,27,13,13,13,13,13,13,13,13,13,daily,2023-12-17,baselinenowcast
2023-11-03,16,18,12,12,12,12,12,12,12,12,12,daily,2023-12-17,baselinenowcast
2023-11-04,9,13,1,1,1,1,1,1,1,1,1,daily,2023-12-17,baselinenowcast
2023-11-05,9,9,6,6,6,6,6,6,6,6,6,daily,2023-12-17,baselinenowcast
2023-11-06,20,23,13,13,13,13,13,13,13,13,13,daily,2023-12-17,baselinenowcast
2023-11-07,13,13,11,11,11,11,11,11,11,11,11,daily,2023-12-17,baselinenowcast
2023-11-08,7,7,5,5,5,5,5,5,5,5,5,daily,2023-12-17,baselinenowcast
2023-11-09,16,20,11,11,11,11,11,11,11,11,11,daily,2023-12-17,baselinenowcast
2023-11-10,18,19,16,16,16,16,16,16,16,16,16,daily,2023-12-17,baselinenowcast
2023-11-11,11,12,10,10,10,10,10,10,10,10,10,daily,2023-12-17,baselinenowcast
2023-11-12,12,14,8,8,8,8,8,8,8,8,8,daily,2023-12-17,baselinenowcast
2023-11-13,19,21,18,18,18,18,18,18,18,18,18,daily,2023-12-17,baselinenowcast
2023-11-14,12,14,11,11,11,11,11,11,11,11,11,daily,2023-12-17,baselinenowcast
2023-11-15,13,15,12,12,12,12,12,12,12,12,12,daily,2023-12-17,baselinenowcast
2023-11-16,16,21,15,15,15,15,15,15,15,15,15,daily,2023-12-17,baselinenowcast
2023-11-17,15,15,14,14,14,14,14,14,14,14,14,daily,2023-12-17,baselinenowcast
2023-11-18,11,14,8,8,8,8,8,8,8,8,8,daily,2023-12-17,baselinenowcast
2023-11-19,14,17,13,13,13,13,13,13,13,13,13,daily,2023-12-17,baselinenowcast
2023-11-20,27,29,25,25,25,25,25,25,25,25,25,daily,2023-12-17,baselinenowcast
2023-11-21,19,20,18,18,18,18,18,18,18,18,18,daily,2023-12-17,baselinenowcast
2023-11-22,19,19,17,17,17,17,17,17,17,17,17,daily,2023-12-17,baselinenowcast
2023-11-23,9,10,9,9,9,9,9,9,9,9,9,daily,2023-12-17,baselinenowcast
2023-11-24,13,17,10,10,10,10,10,10,10,10,10,daily,2023-12-17,baselinenowcast
2023-11-25,5,7,5,5,5,5,5,5,5,5,5,daily,2023-12-17,baselinenowcast
2023-11-26,9,10,8,8,8,8,8,8,8,8,8,daily,2023-12-17,baselinenowcast
2023-11-27,25,27,24,24,24,24,24,24,24,24,24,daily,2023-12-17,baselinenowcast
2023-11-28,23,25,23,23,23,23,23,23,23,23,23,daily,2023-12-17,baselinenowcast
2023-11-29,15,17,15,15,15,15,15,15,15,15,15,daily,2023-12-17,baselinenowcast
2023-11-30,19,20,16,16,16,16,16,16,16,16,16,daily,2023-12-17,baselinenowcast
2023-12-01,14,20,14,14,14,14,14,14,14,14,14,daily,2023-12-17,baselinenowcast
2023-12-02,19,22,17,17,17,17,17,17,17,17,17,daily,2023-12-17,baselinenowcast
2023-12-03,16,23,16,16,16,16,16,16,16,16,16,daily,2023-12-17,baselinenowcast
2023-12-04,35,39,35,35,37,35,39,35,35,35,35,daily,2023-12-17,baselinenowcast
2023-12-05,44,47,44,44,47,44,48,44,45,44,45,daily,2023-12-17,baselinenowcast
2023-12-06,41,44,41,41,46,41,48,41,42,41,43,daily,2023-12-17,baselinenowcast
2023-12-07,44,50,45,44,50,44,52,44,46,44,47,daily,2023-12-17,baselinenowcast
2023-12-08,29,37,30,29,34,29,35,29,31,29,31,daily,2023-12-17,baselinenowcast
2023-12-09,21,30,21,21,25,21,25.024999999999977,21,22,21,23,daily,2023-12-17,baselinenowcast
2023-12-10,18,23,18,18,22,18,23,18,19,18,20,daily,2023-12-17,baselinenowcast
2023-12-11,46,52,47,46,56.049999999999955,46,59,46,49,46,51,daily,2023-12-17,baselinenowcast
2023-12-12,29,31,30,29,38,29,40,29,32,29,34,daily,2023-12-17,baselinenowcast
2023-12-13,32,36,34,32,45.049999999999955,32,48,33,38,32,40,daily,2023-12-17,baselinenowcast
2023-12-14,28,34,32,28,51,28,57.02499999999998,29,37,28,40,daily,2023-12-17,baselinenowcast
2023-12-15,21,41,27,21,48,21,53,24,33,23,37,daily,2023-12-17,baselinenowcast
2023-12-16,11,29,22,12,44,12,49.02499999999998,17,28,15,32,daily,2023-12-17,baselinenowcast
2023-12-17,0,26,10,0,37,0,44,4,19,3,25,daily,2023-12-17,baselinenowcast
2023-04-01,24,24,21,21,21,21,21,21,21,21,21,daily,2023-12-24,baselinenowcast
2023-04-02,23,23,18,18,18,18,18,18,18,18,18,daily,2023-12-24,baselinenowcast
2023-04-03,27,27,22,22,22,22,22,22,22,22,22,daily,2023-12-24,baselinenowcast
2023-04-04,44,44,35,35,35,35,35,35,35,35,35,daily,2023-12-24,baselinenowcast
2023-04-05,38,38,31,31,31,31,31,31,31,31,31,daily,2023-12-24,baselinenowcast
2023-04-06,33,33,28,28,28,28,28,28,28,28,28,daily,2023-12-24,baselinenowcast
2023-04-07,14,14,12,12,12,12,12,12,12,12,12,daily,2023-12-24,baselinenowcast
2023-04-08,26,26,20,20,20,20,20,20,20,20,20,daily,2023-12-24,baselinenowcast
2023-04-09,31,31,25,25,25,25,25,25,25,25,25,daily,2023-12-24,baselinenowcast
2023-04-10,17,17,12,12,12,12,12,12,12,12,12,daily,2023-12-24,baselinenowcast
2023-04-11,44,44,41,41,41,41,41,41,41,41,41,daily,2023-12-24,baselinenowcast
2023-04-12,32,32,27,27,27,27,27,27,27,27,27,daily,2023-12-24,baselinenowcast
2023-04-13,31,31,27,27,27,27,27,27,27,27,27,daily,2023-12-24,baselinenowcast
2023-04-14,27,27,20,20,20,20,20,20,20,20,20,daily,2023-12-24,baselinenowcast
2023-04-15,32,32,26,26,26,26,26,26,26,26,26,daily,2023-12-24,baselinenowcast
2023-04-16,17,17,12,12,12,12,12,12,12,12,12,daily,2023-12-24,baselinenowcast
2023-04-17,31,31,28,28,28,28,28,28,28,28,28,daily,2023-12-24,baselinenowcast
2023-04-18,23,23,17,17,17,17,17,17,17,17,17,daily,2023-12-24,baselinenowcast
2023-04-19,24,24,20,20,20,20,20,20,20,20,20,daily,2023-12-24,baselinenowcast
2023-04-20,16,16,12,12,12,12,12,12,12,12,12,daily,2023-12-24,baselinenowcast
2023-04-21,25,25,19,19,19,19,19,19,19,19,19,daily,2023-12-24,baselinenowcast
2023-04-22,8,8,8,8,8,8,8,8,8,8,8,daily,2023-12-24,baselinenowcast
2023-04-23,8,8,6,6,6,6,6,6,6,6,6,daily,2023-12-24,baselinenowcast
2023-04-24,14,14,14,14,14,14,14,14,14,14,14,daily,2023-12-24,baselinenowcast
2023-04-25,24,24,19,19,19,19,19,19,19,19,19,daily,2023-12-24,baselinenowcast
2023-04-26,26,26,23,23,23,23,23,23,23,23,23,daily,2023-12-24,baselinenowcast
2023-04-27,34,34,32,32,32,32,32,32,32,32,32,daily,2023-12-24,baselinenowcast
2023-04-28,20,20,12,12,12,12,12,12,12,12,12,daily,2023-12-24,baselinenowcast
2023-04-29,15,15,14,14,14,14,14,14,14,14,14,daily,2023-12-24,baselinenowcast
2023-04-30,20,20,15,15,15,15,15,15,15,15,15,daily,2023-12-24,baselinenowcast
2023-05-01,14,14,10,10,10,10,10,10,10,10,10,daily,2023-12-24,baselinenowcast
2023-05-02,25,25,14,14,14,14,14,14,14,14,14,daily,2023-12-24,baselinenowcast
2023-05-03,27,27,19,19,19,19,19,19,19,19,19,daily,2023-12-24,baselinenowcast
2023-05-04,42,42,29,29,29,29,29,29,29,29,29,daily,2023-12-24,baselinenowcast
2023-05-05,23,23,19,19,19,19,19,19,19,19,19,daily,2023-12-24,baselinenowcast
2023-05-06,13,13,11,11,11,11,11,11,11,11,11,daily,2023-12-24,baselinenowcast
2023-05-07,20,20,14,14,14,14,14,14,14,14,14,daily,2023-12-24,baselinenowcast
2023-05-08,16,16,13,13,13,13,13,13,13,13,13,daily,2023-12-24,baselinenowcast
2023-05-09,15,15,11,11,11,11,11,11,11,11,11,daily,2023-12-24,baselinenowcast
2023-05-10,26,26,21,21,21,21,21,21,21,21,21,daily,2023-12-24,baselinenowcast
2023-05-11,19,19,15,15,15,15,15,15,15,15,15,daily,2023-12-24,baselinenowcast
2023-05-12,21,21,15,15,15,15,15,15,15,15,15,daily,2023-12-24,baselinenowcast
2023-05-13,13,13,13,13,13,13,13,13,13,13,13,daily,2023-12-24,baselinenowcast
2023-05-14,24,24,10,10,10,10,10,10,10,10,10,daily,2023-12-24,baselinenowcast
2023-05-15,21,21,12,12,12,12,12,12,12,12,12,daily,2023-12-24,baselinenowcast
2023-05-16,23,23,19,19,19,19,19,19,19,19,19,daily,2023-12-24,baselinenowcast
2023-05-17,20,20,14,14,14,14,14,14,14,14,14,daily,2023-12-24,baselinenowcast
2023-05-18,23,23,12,12,12,12,12,12,12,12,12,daily,2023-12-24,baselinenowcast
2023-05-19,14,14,7,7,7,7,7,7,7,7,7,daily,2023-12-24,baselinenowcast
2023-05-20,12,12,7,7,7,7,7,7,7,7,7,daily,2023-12-24,baselinenowcast
2023-05-21,23,23,15,15,15,15,15,15,15,15,15,daily,2023-12-24,baselinenowcast
2023-05-22,18,18,12,12,12,12,12,12,12,12,12,daily,2023-12-24,baselinenowcast
2023-05-23,17,17,15,15,15,15,15,15,15,15,15,daily,2023-12-24,baselinenowcast
2023-05-24,22,22,12,12,12,12,12,12,12,12,12,daily,2023-12-24,baselinenowcast
2023-05-25,19,19,15,15,15,15,15,15,15,15,15,daily,2023-12-24,baselinenowcast
2023-05-26,20,20,16,16,16,16,16,16,16,16,16,daily,2023-12-24,baselinenowcast
2023-05-27,11,11,2,2,2,2,2,2,2,2,2,daily,2023-12-24,baselinenowcast
2023-05-28,6,6,6,6,6,6,6,6,6,6,6,daily,2023-12-24,baselinenowcast
2023-05-29,9,9,2,2,2,2,2,2,2,2,2,daily,2023-12-24,baselinenowcast
2023-05-30,26,26,21,21,21,21,21,21,21,21,21,daily,2023-12-24,baselinenowcast
2023-05-31,22,22,15,15,15,15,15,15,15,15,15,daily,2023-12-24,baselinenowcast
2023-06-01,18,18,8,8,8,8,8,8,8,8,8,daily,2023-12-24,baselinenowcast
2023-06-02,17,17,10,10,10,10,10,10,10,10,10,daily,2023-12-24,baselinenowcast
2023-06-03,10,10,6,6,6,6,6,6,6,6,6,daily,2023-12-24,baselinenowcast
2023-06-04,15,15,8,8,8,8,8,8,8,8,8,daily,2023-12-24,baselinenowcast
2023-06-05,22,22,17,17,17,17,17,17,17,17,17,daily,2023-12-24,baselinenowcast
2023-06-06,29,29,21,21,21,21,21,21,21,21,21,daily,2023-12-24,baselinenowcast
2023-06-07,27,27,22,22,22,22,22,22,22,22,22,daily,2023-12-24,baselinenowcast
2023-06-08,21,21,11,11,11,11,11,11,11,11,11,daily,2023-12-24,baselinenowcast
2023-06-09,7,7,2,2,2,2,2,2,2,2,2,daily,2023-12-24,baselinenowcast
2023-06-10,12,12,11,11,11,11,11,11,11,11,11,daily,2023-12-24,baselinenowcast
2023-06-11,7,7,2,2,2,2,2,2,2,2,2,daily,2023-12-24,baselinenowcast
2023-06-12,15,15,10,10,10,10,10,10,10,10,10,daily,2023-12-24,baselinenowcast
2023-06-13,17,17,15,15,15,15,15,15,15,15,15,daily,2023-12-24,baselinenowcast
2023-06-14,9,9,3,3,3,3,3,3,3,3,3,daily,2023-12-24,baselinenowcast
2023-06-15,22,22,9,9,9,9,9,9,9,9,9,daily,2023-12-24,baselinenowcast
2023-06-16,17,17,17,17,17,17,17,17,17,17,17,daily,2023-12-24,baselinenowcast
2023-06-17,12,12,10,10,10,10,10,10,10,10,10,daily,2023-12-24,baselinenowcast
2023-06-18,5,5,1,1,1,1,1,1,1,1,1,daily,2023-12-24,baselinenowcast
2023-06-19,16,16,11,11,11,11,11,11,11,11,11,daily,2023-12-24,baselinenowcast
2023-06-20,17,17,10,10,10,10,10,10,10,10,10,daily,2023-12-24,baselinenowcast
2023-06-21,15,15,12,12,12,12,12,12,12,12,12,daily,2023-12-24,baselinenowcast
2023-06-22,18,18,17,17,17,17,17,17,17,17,17,daily,2023-12-24,baselinenowcast
2023-06-23,10,10,7,7,7,7,7,7,7,7,7,daily,2023-12-24,baselinenowcast
2023-06-24,8,8,6,6,6,6,6,6,6,6,6,daily,2023-12-24,baselinenowcast
2023-06-25,15,15,6,6,6,6,6,6,6,6,6,daily,2023-12-24,baselinenowcast
2023-06-26,2,2,2,2,2,2,2,2,2,2,2,daily,2023-12-24,baselinenowcast
2023-06-27,11,11,10,10,10,10,10,10,10,10,10,daily,2023-12-24,baselinenowcast
2023-06-28,15,15,12,12,12,12,12,12,12,12,12,daily,2023-12-24,baselinenowcast
2023-06-29,12,12,9,9,9,9,9,9,9,9,9,daily,2023-12-24,baselinenowcast
2023-06-30,7,7,6,6,6,6,6,6,6,6,6,daily,2023-12-24,baselinenowcast
2023-07-01,4,4,1,1,1,1,1,1,1,1,1,daily,2023-12-24,baselinenowcast
2023-07-02,8,8,2,2,2,2,2,2,2,2,2,daily,2023-12-24,baselinenowcast
2023-07-03,23,23,13,13,13,13,13,13,13,13,13,daily,2023-12-24,baselinenowcast
2023-07-04,13,13,10,10,10,10,10,10,10,10,10,daily,2023-12-24,baselinenowcast
2023-07-05,19,19,17,17,17,17,17,17,17,17,17,daily,2023-12-24,baselinenowcast
2023-07-06,14,14,8,8,8,8,8,8,8,8,8,daily,2023-12-24,baselinenowcast
2023-07-07,15,15,12,12,12,12,12,12,12,12,12,daily,2023-12-24,baselinenowcast
2023-07-08,5,5,2,2,2,2,2,2,2,2,2,daily,2023-12-24,baselinenowcast
2023-07-09,5,5,3,3,3,3,3,3,3,3,3,daily,2023-12-24,baselinenowcast
2023-07-10,13,13,10,10,10,10,10,10,10,10,10,daily,2023-12-24,baselinenowcast
2023-07-11,13,13,10,10,10,10,10,10,10,10,10,daily,2023-12-24,baselinenowcast
2023-07-12,13,13,10,10,10,10,10,10,10,10,10,daily,2023-12-24,baselinenowcast
2023-07-13,18,18,14,14,14,14,14,14,14,14,14,daily,2023-12-24,baselinenowcast
2023-07-14,10,10,9,9,9,9,9,9,9,9,9,daily,2023-12-24,baselinenowcast
2023-07-15,9,9,7,7,7,7,7,7,7,7,7,daily,2023-12-24,baselinenowcast
2023-07-16,19,19,6,6,6,6,6,6,6,6,6,daily,2023-12-24,baselinenowcast
2023-07-17,9,9,6,6,6,6,6,6,6,6,6,daily,2023-12-24,baselinenowcast
2023-07-18,22,22,16,16,16,16,16,16,16,16,16,daily,2023-12-24,baselinenowcast
2023-07-19,17,17,11,11,11,11,11,11,11,11,11,daily,2023-12-24,baselinenowcast
2023-07-20,27,27,19,19,19,19,19,19,19,19,19,daily,2023-12-24,baselinenowcast
2023-07-21,15,15,5,5,5,5,5,5,5,5,5,daily,2023-12-24,baselinenowcast
2023-07-22,6,6,3,3,3,3,3,3,3,3,3,daily,2023-12-24,baselinenowcast
2023-07-23,10,10,5,5,5,5,5,5,5,5,5,daily,2023-12-24,baselinenowcast
2023-07-24,15,15,14,14,14,14,14,14,14,14,14,daily,2023-12-24,baselinenowcast
2023-07-25,23,23,16,16,16,16,16,16,16,16,16,daily,2023-12-24,baselinenowcast
2023-07-26,15,15,10,10,10,10,10,10,10,10,10,daily,2023-12-24,baselinenowcast
2023-07-27,25,25,13,13,13,13,13,13,13,13,13,daily,2023-12-24,baselinenowcast
2023-07-28,9,9,8,8,8,8,8,8,8,8,8,daily,2023-12-24,baselinenowcast
2023-07-29,8,8,4,4,4,4,4,4,4,4,4,daily,2023-12-24,baselinenowcast
2023-07-30,6,6,3,3,3,3,3,3,3,3,3,daily,2023-12-24,baselinenowcast
2023-07-31,14,14,8,8,8,8,8,8,8,8,8,daily,2023-12-24,baselinenowcast
2023-08-01,9,9,3,3,3,3,3,3,3,3,3,daily,2023-12-24,baselinenowcast
2023-08-02,12,12,8,8,8,8,8,8,8,8,8,daily,2023-12-24,baselinenowcast
2023-08-03,21,21,15,15,15,15,15,15,15,15,15,daily,2023-12-24,baselinenowcast
2023-08-04,2,2,2,2,2,2,2,2,2,2,2,daily,2023-12-24,baselinenowcast
2023-08-05,10,10,7,7,7,7,7,7,7,7,7,daily,2023-12-24,baselinenowcast
2023-08-06,5,5,3,3,3,3,3,3,3,3,3,daily,2023-12-24,baselinenowcast
2023-08-07,15,15,7,7,7,7,7,7,7,7,7,daily,2023-12-24,baselinenowcast
2023-08-08,26,26,20,20,20,20,20,20,20,20,20,daily,2023-12-24,baselinenowcast
2023-08-09,15,15,13,13,13,13,13,13,13,13,13,daily,2023-12-24,baselinenowcast
2023-08-10,14,14,7,7,7,7,7,7,7,7,7,daily,2023-12-24,baselinenowcast
2023-08-11,16,16,13,13,13,13,13,13,13,13,13,daily,2023-12-24,baselinenowcast
2023-08-12,8,8,5,5,5,5,5,5,5,5,5,daily,2023-12-24,baselinenowcast
2023-08-13,4,4,2,2,2,2,2,2,2,2,2,daily,2023-12-24,baselinenowcast
2023-08-14,22,22,14,14,14,14,14,14,14,14,14,daily,2023-12-24,baselinenowcast
2023-08-15,16,16,13,13,13,13,13,13,13,13,13,daily,2023-12-24,baselinenowcast
2023-08-16,8,8,6,6,6,6,6,6,6,6,6,daily,2023-12-24,baselinenowcast
2023-08-17,18,18,16,16,16,16,16,16,16,16,16,daily,2023-12-24,baselinenowcast
2023-08-18,17,17,14,14,14,14,14,14,14,14,14,daily,2023-12-24,baselinenowcast
2023-08-19,11,11,5,5,5,5,5,5,5,5,5,daily,2023-12-24,baselinenowcast
2023-08-20,7,7,2,2,2,2,2,2,2,2,2,daily,2023-12-24,baselinenowcast
2023-08-21,17,17,16,16,16,16,16,16,16,16,16,daily,2023-12-24,baselinenowcast
2023-08-22,11,11,7,7,7,7,7,7,7,7,7,daily,2023-12-24,baselinenowcast
2023-08-23,18,18,5,5,5,5,5,5,5,5,5,daily,2023-12-24,baselinenowcast
2023-08-24,10,10,7,7,7,7,7,7,7,7,7,daily,2023-12-24,baselinenowcast
2023-08-25,12,12,10,10,10,10,10,10,10,10,10,daily,2023-12-24,baselinenowcast
2023-08-26,15,15,13,13,13,13,13,13,13,13,13,daily,2023-12-24,baselinenowcast
2023-08-27,6,6,3,3,3,3,3,3,3,3,3,daily,2023-12-24,baselinenowcast
2023-08-28,3,3,2,2,2,2,2,2,2,2,2,daily,2023-12-24,baselinenowcast
2023-08-29,10,10,7,7,7,7,7,7,7,7,7,daily,2023-12-24,baselinenowcast
2023-08-30,17,17,15,15,15,15,15,15,15,15,15,daily,2023-12-24,baselinenowcast
2023-08-31,12,12,4,4,4,4,4,4,4,4,4,daily,2023-12-24,baselinenowcast
2023-09-01,8,8,3,3,3,3,3,3,3,3,3,daily,2023-12-24,baselinenowcast
2023-09-02,10,10,6,6,6,6,6,6,6,6,6,daily,2023-12-24,baselinenowcast
2023-09-03,7,7,1,1,1,1,1,1,1,1,1,daily,2023-12-24,baselinenowcast
2023-09-04,16,16,9,9,9,9,9,9,9,9,9,daily,2023-12-24,baselinenowcast
2023-09-05,9,9,5,5,5,5,5,5,5,5,5,daily,2023-12-24,baselinenowcast
2023-09-06,11,11,8,8,8,8,8,8,8,8,8,daily,2023-12-24,baselinenowcast
2023-09-07,15,15,3,3,3,3,3,3,3,3,3,daily,2023-12-24,baselinenowcast
2023-09-08,13,13,7,7,7,7,7,7,7,7,7,daily,2023-12-24,baselinenowcast
2023-09-09,13,13,10,10,10,10,10,10,10,10,10,daily,2023-12-24,baselinenowcast
2023-09-10,5,5,5,5,5,5,5,5,5,5,5,daily,2023-12-24,baselinenowcast
2023-09-11,18,18,11,11,11,11,11,11,11,11,11,daily,2023-12-24,baselinenowcast
2023-09-12,14,14,8,8,8,8,8,8,8,8,8,daily,2023-12-24,baselinenowcast
2023-09-13,11,11,7,7,7,7,7,7,7,7,7,daily,2023-12-24,baselinenowcast
2023-09-14,9,9,4,4,4,4,4,4,4,4,4,daily,2023-12-24,baselinenowcast
2023-09-15,17,17,6,6,6,6,6,6,6,6,6,daily,2023-12-24,baselinenowcast
2023-09-16,10,10,7,7,7,7,7,7,7,7,7,daily,2023-12-24,baselinenowcast
2023-09-17,4,4,4,4,4,4,4,4,4,4,4,daily,2023-12-24,baselinenowcast
2023-09-18,8,8,4,4,4,4,4,4,4,4,4,daily,2023-12-24,baselinenowcast
2023-09-19,13,13,11,11,11,11,11,11,11,11,11,daily,2023-12-24,baselinenowcast
2023-09-20,19,19,16,16,16,16,16,16,16,16,16,daily,2023-12-24,baselinenowcast
2023-09-21,8,8,2,2,2,2,2,2,2,2,2,daily,2023-12-24,baselinenowcast
2023-09-22,12,12,3,3,3,3,3,3,3,3,3,daily,2023-12-24,baselinenowcast
2023-09-23,11,11,10,10,10,10,10,10,10,10,10,daily,2023-12-24,baselinenowcast
2023-09-24,4,4,0,0,0,0,0,0,0,0,0,daily,2023-12-24,baselinenowcast
2023-09-25,4,4,2,2,2,2,2,2,2,2,2,daily,2023-12-24,baselinenowcast
2023-09-26,9,9,7,7,7,7,7,7,7,7,7,daily,2023-12-24,baselinenowcast
2023-09-27,6,6,3,3,3,3,3,3,3,3,3,daily,2023-12-24,baselinenowcast
2023-09-28,15,15,9,9,9,9,9,9,9,9,9,daily,2023-12-24,baselinenowcast
2023-09-29,7,7,4,4,4,4,4,4,4,4,4,daily,2023-12-24,baselinenowcast
2023-09-30,6,6,3,3,3,3,3,3,3,3,3,daily,2023-12-24,baselinenowcast
2023-10-01,7,7,0,0,0,0,0,0,0,0,0,daily,2023-12-24,baselinenowcast
2023-10-02,4,4,2,2,2,2,2,2,2,2,2,daily,2023-12-24,baselinenowcast
2023-10-03,6,6,5,5,5,5,5,5,5,5,5,daily,2023-12-24,baselinenowcast
2023-10-04,3,3,0,0,0,0,0,0,0,0,0,daily,2023-12-24,baselinenowcast
2023-10-05,10,10,6,6,6,6,6,6,6,6,6,daily,2023-12-24,baselinenowcast
2023-10-06,12,12,3,3,3,3,3,3,3,3,3,daily,2023-12-24,baselinenowcast
2023-10-07,3,3,1,1,1,1,1,1,1,1,1,daily,2023-12-24,baselinenowcast
2023-10-08,19,19,8,8,8,8,8,8,8,8,8,daily,2023-12-24,baselinenowcast
2023-10-09,21,21,9,9,9,9,9,9,9,9,9,daily,2023-12-24,baselinenowcast
2023-10-10,8,8,4,4,4,4,4,4,4,4,4,daily,2023-12-24,baselinenowcast
2023-10-11,9,9,5,5,5,5,5,5,5,5,5,daily,2023-12-24,baselinenowcast
2023-10-12,15,15,8,8,8,8,8,8,8,8,8,daily,2023-12-24,baselinenowcast
2023-10-13,17,17,12,12,12,12,12,12,12,12,12,daily,2023-12-24,baselinenowcast
2023-10-14,5,5,3,3,3,3,3,3,3,3,3,daily,2023-12-24,baselinenowcast
2023-10-15,14,14,8,8,8,8,8,8,8,8,8,daily,2023-12-24,baselinenowcast
2023-10-16,14,14,10,10,10,10,10,10,10,10,10,daily,2023-12-24,baselinenowcast
2023-10-17,17,17,15,15,15,15,15,15,15,15,15,daily,2023-12-24,baselinenowcast
2023-10-18,17,17,10,10,10,10,10,10,10,10,10,daily,2023-12-24,baselinenowcast
2023-10-19,16,16,7,7,7,7,7,7,7,7,7,daily,2023-12-24,baselinenowcast
2023-10-20,18,18,7,7,7,7,7,7,7,7,7,daily,2023-12-24,baselinenowcast
2023-10-21,14,14,4,4,4,4,4,4,4,4,4,daily,2023-12-24,baselinenowcast
2023-10-22,7,7,1,1,1,1,1,1,1,1,1,daily,2023-12-24,baselinenowcast
2023-10-23,12,12,10,10,10,10,10,10,10,10,10,daily,2023-12-24,baselinenowcast
2023-10-24,15,15,12,12,12,12,12,12,12,12,12,daily,2023-12-24,baselinenowcast
2023-10-25,17,17,10,10,10,10,10,10,10,10,10,daily,2023-12-24,baselinenowcast
2023-10-26,16,16,11,11,11,11,11,11,11,11,11,daily,2023-12-24,baselinenowcast
2023-10-27,10,10,7,7,7,7,7,7,7,7,7,daily,2023-12-24,baselinenowcast
2023-10-28,9,9,4,4,4,4,4,4,4,4,4,daily,2023-12-24,baselinenowcast
2023-10-29,7,7,1,1,1,1,1,1,1,1,1,daily,2023-12-24,baselinenowcast
2023-10-30,16,16,10,10,10,10,10,10,10,10,10,daily,2023-12-24,baselinenowcast
2023-10-31,8,8,6,6,6,6,6,6,6,6,6,daily,2023-12-24,baselinenowcast
2023-11-01,12,12,7,7,7,7,7,7,7,7,7,daily,2023-12-24,baselinenowcast
2023-11-02,27,27,13,13,13,13,13,13,13,13,13,daily,2023-12-24,baselinenowcast
2023-11-03,18,18,12,12,12,12,12,12,12,12,12,daily,2023-12-24,baselinenowcast
2023-11-04,13,13,1,1,1,1,1,1,1,1,1,daily,2023-12-24,baselinenowcast
2023-11-05,9,9,6,6,6,6,6,6,6,6,6,daily,2023-12-24,baselinenowcast
2023-11-06,21,23,13,13,13,13,13,13,13,13,13,daily,2023-12-24,baselinenowcast
2023-11-07,13,13,11,11,11,11,11,11,11,11,11,daily,2023-12-24,baselinenowcast
2023-11-08,7,7,5,5,5,5,5,5,5,5,5,daily,2023-12-24,baselinenowcast
2023-11-09,18,20,11,11,11,11,11,11,11,11,11,daily,2023-12-24,baselinenowcast
2023-11-10,19,19,16,16,16,16,16,16,16,16,16,daily,2023-12-24,baselinenowcast
2023-11-11,11,12,10,10,10,10,10,10,10,10,10,daily,2023-12-24,baselinenowcast
2023-11-12,14,14,8,8,8,8,8,8,8,8,8,daily,2023-12-24,baselinenowcast
2023-11-13,19,21,18,18,18,18,18,18,18,18,18,daily,2023-12-24,baselinenowcast
2023-11-14,12,14,11,11,11,11,11,11,11,11,11,daily,2023-12-24,baselinenowcast
2023-11-15,14,15,12,12,12,12,12,12,12,12,12,daily,2023-12-24,baselinenowcast
2023-11-16,17,21,15,15,15,15,15,15,15,15,15,daily,2023-12-24,baselinenowcast
2023-11-17,15,15,14,14,14,14,14,14,14,14,14,daily,2023-12-24,baselinenowcast
2023-11-18,12,14,8,8,8,8,8,8,8,8,8,daily,2023-12-24,baselinenowcast
2023-11-19,14,17,13,13,13,13,13,13,13,13,13,daily,2023-12-24,baselinenowcast
2023-11-20,27,29,25,25,25,25,25,25,25,25,25,daily,2023-12-24,baselinenowcast
2023-11-21,19,20,18,18,18,18,18,18,18,18,18,daily,2023-12-24,baselinenowcast
2023-11-22,19,19,17,17,17,17,17,17,17,17,17,daily,2023-12-24,baselinenowcast
2023-11-23,9,10,9,9,9,9,9,9,9,9,9,daily,2023-12-24,baselinenowcast
2023-11-24,14,17,10,10,10,10,10,10,10,10,10,daily,2023-12-24,baselinenowcast
2023-11-25,6,7,5,5,5,5,5,5,5,5,5,daily,2023-12-24,baselinenowcast
2023-11-26,9,10,8,8,8,8,8,8,8,8,8,daily,2023-12-24,baselinenowcast
2023-11-27,25,27,24,24,24,24,24,24,24,24,24,daily,2023-12-24,baselinenowcast
2023-11-28,25,25,23,23,23,23,23,23,23,23,23,daily,2023-12-24,baselinenowcast
2023-11-29,17,17,15,15,15,15,15,15,15,15,15,daily,2023-12-24,baselinenowcast
2023-11-30,19,20,16,16,16,16,16,16,16,16,16,daily,2023-12-24,baselinenowcast
2023-12-01,16,20,14,14,14,14,14,14,14,14,14,daily,2023-12-24,baselinenowcast
2023-12-02,21,22,17,17,17,17,17,17,17,17,17,daily,2023-12-24,baselinenowcast
2023-12-03,19,23,16,16,16,16,16,16,16,16,16,daily,2023-12-24,baselinenowcast
2023-12-04,36,39,35,35,35,35,35,35,35,35,35,daily,2023-12-24,baselinenowcast
2023-12-05,46,47,46,46,46,46,46,46,46,46,46,daily,2023-12-24,baselinenowcast
2023-12-06,41,44,41,41,41,41,41,41,41,41,41,daily,2023-12-24,baselinenowcast
2023-12-07,44,50,44,44,44,44,44,44,44,44,44,daily,2023-12-24,baselinenowcast
2023-12-08,30,37,30,30,30,30,30,30,30,30,30,daily,2023-12-24,baselinenowcast
2023-12-09,26,30,24,24,24,24,24,24,24,24,24,daily,2023-12-24,baselinenowcast
2023-12-10,18,23,18,18,18,18,18,18,18,18,18,daily,2023-12-24,baselinenowcast
2023-12-11,46,52,46,46,49,46,51,46,46,46,47,daily,2023-12-24,baselinenowcast
2023-12-12,29,31,29,29,31,29,32,29,30,29,30,daily,2023-12-24,baselinenowcast
2023-12-13,33,36,33,33,36,33,38,33,33,33,34,daily,2023-12-24,baselinenowcast
2023-12-14,30,34,30,30,33,30,34.02499999999998,30,31,30,32,daily,2023-12-24,baselinenowcast
2023-12-15,40,41,41,40,44,40,46,40,42,40,43,daily,2023-12-24,baselinenowcast
2023-12-16,24,29,24,24,28,24,29,24,25,24,26,daily,2023-12-24,baselinenowcast
2023-12-17,24,26,24,24,29,24,30,24,25,24,26,daily,2023-12-24,baselinenowcast
2023-12-18,46,56,47,46,56,46,60.02499999999998,46,49,46,50,daily,2023-12-24,baselinenowcast
2023-12-19,27,33,28,27,35,27,37,27,30,27,31,daily,2023-12-24,baselinenowcast
2023-12-20,39,47,42,39,51.049999999999955,39,54,40,45,39,46,daily,2023-12-24,baselinenowcast
2023-12-21,25,36,28,25,43,25,47,26,32,25,35,daily,2023-12-24,baselinenowcast
2023-12-22,14,37,18,14,28,14,32,16,22,15,23,daily,2023-12-24,baselinenowcast
2023-12-23,7,24,14,8,28,7,32,11,18,10,21,daily,2023-12-24,baselinenowcast
2023-12-24,1,27,27,4,101,2,118.04999999999995,14,48,10,62,daily,2023-12-24,baselinenowcast
2023-04-01,24,24,21,21,21,21,21,21,21,21,21,daily,2023-12-31,baselinenowcast
2023-04-02,23,23,18,18,18,18,18,18,18,18,18,daily,2023-12-31,baselinenowcast
2023-04-03,27,27,22,22,22,22,22,22,22,22,22,daily,2023-12-31,baselinenowcast
2023-04-04,44,44,35,35,35,35,35,35,35,35,35,daily,2023-12-31,baselinenowcast
2023-04-05,38,38,31,31,31,31,31,31,31,31,31,daily,2023-12-31,baselinenowcast
2023-04-06,33,33,28,28,28,28,28,28,28,28,28,daily,2023-12-31,baselinenowcast
2023-04-07,14,14,12,12,12,12,12,12,12,12,12,daily,2023-12-31,baselinenowcast
2023-04-08,26,26,20,20,20,20,20,20,20,20,20,daily,2023-12-31,baselinenowcast
2023-04-09,31,31,25,25,25,25,25,25,25,25,25,daily,2023-12-31,baselinenowcast
2023-04-10,17,17,12,12,12,12,12,12,12,12,12,daily,2023-12-31,baselinenowcast
2023-04-11,44,44,41,41,41,41,41,41,41,41,41,daily,2023-12-31,baselinenowcast
2023-04-12,32,32,27,27,27,27,27,27,27,27,27,daily,2023-12-31,baselinenowcast
2023-04-13,31,31,27,27,27,27,27,27,27,27,27,daily,2023-12-31,baselinenowcast
2023-04-14,27,27,20,20,20,20,20,20,20,20,20,daily,2023-12-31,baselinenowcast
2023-04-15,32,32,26,26,26,26,26,26,26,26,26,daily,2023-12-31,baselinenowcast
2023-04-16,17,17,12,12,12,12,12,12,12,12,12,daily,2023-12-31,baselinenowcast
2023-04-17,31,31,28,28,28,28,28,28,28,28,28,daily,2023-12-31,baselinenowcast
2023-04-18,23,23,17,17,17,17,17,17,17,17,17,daily,2023-12-31,baselinenowcast
2023-04-19,24,24,20,20,20,20,20,20,20,20,20,daily,2023-12-31,baselinenowcast
2023-04-20,16,16,12,12,12,12,12,12,12,12,12,daily,2023-12-31,baselinenowcast
2023-04-21,25,25,19,19,19,19,19,19,19,19,19,daily,2023-12-31,baselinenowcast
2023-04-22,8,8,8,8,8,8,8,8,8,8,8,daily,2023-12-31,baselinenowcast
2023-04-23,8,8,6,6,6,6,6,6,6,6,6,daily,2023-12-31,baselinenowcast
2023-04-24,14,14,14,14,14,14,14,14,14,14,14,daily,2023-12-31,baselinenowcast
2023-04-25,24,24,19,19,19,19,19,19,19,19,19,daily,2023-12-31,baselinenowcast
2023-04-26,26,26,23,23,23,23,23,23,23,23,23,daily,2023-12-31,baselinenowcast
2023-04-27,34,34,32,32,32,32,32,32,32,32,32,daily,2023-12-31,baselinenowcast
2023-04-28,20,20,12,12,12,12,12,12,12,12,12,daily,2023-12-31,baselinenowcast
2023-04-29,15,15,14,14,14,14,14,14,14,14,14,daily,2023-12-31,baselinenowcast
2023-04-30,20,20,15,15,15,15,15,15,15,15,15,daily,2023-12-31,baselinenowcast
2023-05-01,14,14,10,10,10,10,10,10,10,10,10,daily,2023-12-31,baselinenowcast
2023-05-02,25,25,14,14,14,14,14,14,14,14,14,daily,2023-12-31,baselinenowcast
2023-05-03,27,27,19,19,19,19,19,19,19,19,19,daily,2023-12-31,baselinenowcast
2023-05-04,42,42,29,29,29,29,29,29,29,29,29,daily,2023-12-31,baselinenowcast
2023-05-05,23,23,19,19,19,19,19,19,19,19,19,daily,2023-12-31,baselinenowcast
2023-05-06,13,13,11,11,11,11,11,11,11,11,11,daily,2023-12-31,baselinenowcast
2023-05-07,20,20,14,14,14,14,14,14,14,14,14,daily,2023-12-31,baselinenowcast
2023-05-08,16,16,13,13,13,13,13,13,13,13,13,daily,2023-12-31,baselinenowcast
2023-05-09,15,15,11,11,11,11,11,11,11,11,11,daily,2023-12-31,baselinenowcast
2023-05-10,26,26,21,21,21,21,21,21,21,21,21,daily,2023-12-31,baselinenowcast
2023-05-11,19,19,15,15,15,15,15,15,15,15,15,daily,2023-12-31,baselinenowcast
2023-05-12,21,21,15,15,15,15,15,15,15,15,15,daily,2023-12-31,baselinenowcast
2023-05-13,13,13,13,13,13,13,13,13,13,13,13,daily,2023-12-31,baselinenowcast
2023-05-14,24,24,10,10,10,10,10,10,10,10,10,daily,2023-12-31,baselinenowcast
2023-05-15,21,21,12,12,12,12,12,12,12,12,12,daily,2023-12-31,baselinenowcast
2023-05-16,23,23,19,19,19,19,19,19,19,19,19,daily,2023-12-31,baselinenowcast
2023-05-17,20,20,14,14,14,14,14,14,14,14,14,daily,2023-12-31,baselinenowcast
2023-05-18,23,23,12,12,12,12,12,12,12,12,12,daily,2023-12-31,baselinenowcast
2023-05-19,14,14,7,7,7,7,7,7,7,7,7,daily,2023-12-31,baselinenowcast
2023-05-20,12,12,7,7,7,7,7,7,7,7,7,daily,2023-12-31,baselinenowcast
2023-05-21,23,23,15,15,15,15,15,15,15,15,15,daily,2023-12-31,baselinenowcast
2023-05-22,18,18,12,12,12,12,12,12,12,12,12,daily,2023-12-31,baselinenowcast
2023-05-23,17,17,15,15,15,15,15,15,15,15,15,daily,2023-12-31,baselinenowcast
2023-05-24,22,22,12,12,12,12,12,12,12,12,12,daily,2023-12-31,baselinenowcast
2023-05-25,19,19,15,15,15,15,15,15,15,15,15,daily,2023-12-31,baselinenowcast
2023-05-26,20,20,16,16,16,16,16,16,16,16,16,daily,2023-12-31,baselinenowcast
2023-05-27,11,11,2,2,2,2,2,2,2,2,2,daily,2023-12-31,baselinenowcast
2023-05-28,6,6,6,6,6,6,6,6,6,6,6,daily,2023-12-31,baselinenowcast
2023-05-29,9,9,2,2,2,2,2,2,2,2,2,daily,2023-12-31,baselinenowcast
2023-05-30,26,26,21,21,21,21,21,21,21,21,21,daily,2023-12-31,baselinenowcast
2023-05-31,22,22,15,15,15,15,15,15,15,15,15,daily,2023-12-31,baselinenowcast
2023-06-01,18,18,8,8,8,8,8,8,8,8,8,daily,2023-12-31,baselinenowcast
2023-06-02,17,17,10,10,10,10,10,10,10,10,10,daily,2023-12-31,baselinenowcast
2023-06-03,10,10,6,6,6,6,6,6,6,6,6,daily,2023-12-31,baselinenowcast
2023-06-04,15,15,8,8,8,8,8,8,8,8,8,daily,2023-12-31,baselinenowcast
2023-06-05,22,22,17,17,17,17,17,17,17,17,17,daily,2023-12-31,baselinenowcast
2023-06-06,29,29,21,21,21,21,21,21,21,21,21,daily,2023-12-31,baselinenowcast
2023-06-07,27,27,22,22,22,22,22,22,22,22,22,daily,2023-12-31,baselinenowcast
2023-06-08,21,21,11,11,11,11,11,11,11,11,11,daily,2023-12-31,baselinenowcast
2023-06-09,7,7,2,2,2,2,2,2,2,2,2,daily,2023-12-31,baselinenowcast
2023-06-10,12,12,11,11,11,11,11,11,11,11,11,daily,2023-12-31,baselinenowcast
2023-06-11,7,7,2,2,2,2,2,2,2,2,2,daily,2023-12-31,baselinenowcast
2023-06-12,15,15,10,10,10,10,10,10,10,10,10,daily,2023-12-31,baselinenowcast
2023-06-13,17,17,15,15,15,15,15,15,15,15,15,daily,2023-12-31,baselinenowcast
2023-06-14,9,9,3,3,3,3,3,3,3,3,3,daily,2023-12-31,baselinenowcast
2023-06-15,22,22,9,9,9,9,9,9,9,9,9,daily,2023-12-31,baselinenowcast
2023-06-16,17,17,17,17,17,17,17,17,17,17,17,daily,2023-12-31,baselinenowcast
2023-06-17,12,12,10,10,10,10,10,10,10,10,10,daily,2023-12-31,baselinenowcast
2023-06-18,5,5,1,1,1,1,1,1,1,1,1,daily,2023-12-31,baselinenowcast
2023-06-19,16,16,11,11,11,11,11,11,11,11,11,daily,2023-12-31,baselinenowcast
2023-06-20,17,17,10,10,10,10,10,10,10,10,10,daily,2023-12-31,baselinenowcast
2023-06-21,15,15,12,12,12,12,12,12,12,12,12,daily,2023-12-31,baselinenowcast
2023-06-22,18,18,17,17,17,17,17,17,17,17,17,daily,2023-12-31,baselinenowcast
2023-06-23,10,10,7,7,7,7,7,7,7,7,7,daily,2023-12-31,baselinenowcast
2023-06-24,8,8,6,6,6,6,6,6,6,6,6,daily,2023-12-31,baselinenowcast
2023-06-25,15,15,6,6,6,6,6,6,6,6,6,daily,2023-12-31,baselinenowcast
2023-06-26,2,2,2,2,2,2,2,2,2,2,2,daily,2023-12-31,baselinenowcast
2023-06-27,11,11,10,10,10,10,10,10,10,10,10,daily,2023-12-31,baselinenowcast
2023-06-28,15,15,12,12,12,12,12,12,12,12,12,daily,2023-12-31,baselinenowcast
2023-06-29,12,12,9,9,9,9,9,9,9,9,9,daily,2023-12-31,baselinenowcast
2023-06-30,7,7,6,6,6,6,6,6,6,6,6,daily,2023-12-31,baselinenowcast
2023-07-01,4,4,1,1,1,1,1,1,1,1,1,daily,2023-12-31,baselinenowcast
2023-07-02,8,8,2,2,2,2,2,2,2,2,2,daily,2023-12-31,baselinenowcast
2023-07-03,23,23,13,13,13,13,13,13,13,13,13,daily,2023-12-31,baselinenowcast
2023-07-04,13,13,10,10,10,10,10,10,10,10,10,daily,2023-12-31,baselinenowcast
2023-07-05,19,19,17,17,17,17,17,17,17,17,17,daily,2023-12-31,baselinenowcast
2023-07-06,14,14,8,8,8,8,8,8,8,8,8,daily,2023-12-31,baselinenowcast
2023-07-07,15,15,12,12,12,12,12,12,12,12,12,daily,2023-12-31,baselinenowcast
2023-07-08,5,5,2,2,2,2,2,2,2,2,2,daily,2023-12-31,baselinenowcast
2023-07-09,5,5,3,3,3,3,3,3,3,3,3,daily,2023-12-31,baselinenowcast
2023-07-10,13,13,10,10,10,10,10,10,10,10,10,daily,2023-12-31,baselinenowcast
2023-07-11,13,13,10,10,10,10,10,10,10,10,10,daily,2023-12-31,baselinenowcast
2023-07-12,13,13,10,10,10,10,10,10,10,10,10,daily,2023-12-31,baselinenowcast
2023-07-13,18,18,14,14,14,14,14,14,14,14,14,daily,2023-12-31,baselinenowcast
2023-07-14,10,10,9,9,9,9,9,9,9,9,9,daily,2023-12-31,baselinenowcast
2023-07-15,9,9,7,7,7,7,7,7,7,7,7,daily,2023-12-31,baselinenowcast
2023-07-16,19,19,6,6,6,6,6,6,6,6,6,daily,2023-12-31,baselinenowcast
2023-07-17,9,9,6,6,6,6,6,6,6,6,6,daily,2023-12-31,baselinenowcast
2023-07-18,22,22,16,16,16,16,16,16,16,16,16,daily,2023-12-31,baselinenowcast
2023-07-19,17,17,11,11,11,11,11,11,11,11,11,daily,2023-12-31,baselinenowcast
2023-07-20,27,27,19,19,19,19,19,19,19,19,19,daily,2023-12-31,baselinenowcast
2023-07-21,15,15,5,5,5,5,5,5,5,5,5,daily,2023-12-31,baselinenowcast
2023-07-22,6,6,3,3,3,3,3,3,3,3,3,daily,2023-12-31,baselinenowcast
2023-07-23,10,10,5,5,5,5,5,5,5,5,5,daily,2023-12-31,baselinenowcast
2023-07-24,15,15,14,14,14,14,14,14,14,14,14,daily,2023-12-31,baselinenowcast
2023-07-25,23,23,16,16,16,16,16,16,16,16,16,daily,2023-12-31,baselinenowcast
2023-07-26,15,15,10,10,10,10,10,10,10,10,10,daily,2023-12-31,baselinenowcast
2023-07-27,25,25,13,13,13,13,13,13,13,13,13,daily,2023-12-31,baselinenowcast
2023-07-28,9,9,8,8,8,8,8,8,8,8,8,daily,2023-12-31,baselinenowcast
2023-07-29,8,8,4,4,4,4,4,4,4,4,4,daily,2023-12-31,baselinenowcast
2023-07-30,6,6,3,3,3,3,3,3,3,3,3,daily,2023-12-31,baselinenowcast
2023-07-31,14,14,8,8,8,8,8,8,8,8,8,daily,2023-12-31,baselinenowcast
2023-08-01,9,9,3,3,3,3,3,3,3,3,3,daily,2023-12-31,baselinenowcast
2023-08-02,12,12,8,8,8,8,8,8,8,8,8,daily,2023-12-31,baselinenowcast
2023-08-03,21,21,15,15,15,15,15,15,15,15,15,daily,2023-12-31,baselinenowcast
2023-08-04,2,2,2,2,2,2,2,2,2,2,2,daily,2023-12-31,baselinenowcast
2023-08-05,10,10,7,7,7,7,7,7,7,7,7,daily,2023-12-31,baselinenowcast
2023-08-06,5,5,3,3,3,3,3,3,3,3,3,daily,2023-12-31,baselinenowcast
2023-08-07,15,15,7,7,7,7,7,7,7,7,7,daily,2023-12-31,baselinenowcast
2023-08-08,26,26,20,20,20,20,20,20,20,20,20,daily,2023-12-31,baselinenowcast
2023-08-09,15,15,13,13,13,13,13,13,13,13,13,daily,2023-12-31,baselinenowcast
2023-08-10,14,14,7,7,7,7,7,7,7,7,7,daily,2023-12-31,baselinenowcast
2023-08-11,16,16,13,13,13,13,13,13,13,13,13,daily,2023-12-31,baselinenowcast
2023-08-12,8,8,5,5,5,5,5,5,5,5,5,daily,2023-12-31,baselinenowcast
2023-08-13,4,4,2,2,2,2,2,2,2,2,2,daily,2023-12-31,baselinenowcast
2023-08-14,22,22,14,14,14,14,14,14,14,14,14,daily,2023-12-31,baselinenowcast
2023-08-15,16,16,13,13,13,13,13,13,13,13,13,daily,2023-12-31,baselinenowcast
2023-08-16,8,8,6,6,6,6,6,6,6,6,6,daily,2023-12-31,baselinenowcast
2023-08-17,18,18,16,16,16,16,16,16,16,16,16,daily,2023-12-31,baselinenowcast
2023-08-18,17,17,14,14,14,14,14,14,14,14,14,daily,2023-12-31,baselinenowcast
2023-08-19,11,11,5,5,5,5,5,5,5,5,5,daily,2023-12-31,baselinenowcast
2023-08-20,7,7,2,2,2,2,2,2,2,2,2,daily,2023-12-31,baselinenowcast
2023-08-21,17,17,16,16,16,16,16,16,16,16,16,daily,2023-12-31,baselinenowcast
2023-08-22,11,11,7,7,7,7,7,7,7,7,7,daily,2023-12-31,baselinenowcast
2023-08-23,18,18,5,5,5,5,5,5,5,5,5,daily,2023-12-31,baselinenowcast
2023-08-24,10,10,7,7,7,7,7,7,7,7,7,daily,2023-12-31,baselinenowcast
2023-08-25,12,12,10,10,10,10,10,10,10,10,10,daily,2023-12-31,baselinenowcast
2023-08-26,15,15,13,13,13,13,13,13,13,13,13,daily,2023-12-31,baselinenowcast
2023-08-27,6,6,3,3,3,3,3,3,3,3,3,daily,2023-12-31,baselinenowcast
2023-08-28,3,3,2,2,2,2,2,2,2,2,2,daily,2023-12-31,baselinenowcast
2023-08-29,10,10,7,7,7,7,7,7,7,7,7,daily,2023-12-31,baselinenowcast
2023-08-30,17,17,15,15,15,15,15,15,15,15,15,daily,2023-12-31,baselinenowcast
2023-08-31,12,12,4,4,4,4,4,4,4,4,4,daily,2023-12-31,baselinenowcast
2023-09-01,8,8,3,3,3,3,3,3,3,3,3,daily,2023-12-31,baselinenowcast
2023-09-02,10,10,6,6,6,6,6,6,6,6,6,daily,2023-12-31,baselinenowcast
2023-09-03,7,7,1,1,1,1,1,1,1,1,1,daily,2023-12-31,baselinenowcast
2023-09-04,16,16,9,9,9,9,9,9,9,9,9,daily,2023-12-31,baselinenowcast
2023-09-05,9,9,5,5,5,5,5,5,5,5,5,daily,2023-12-31,baselinenowcast
2023-09-06,11,11,8,8,8,8,8,8,8,8,8,daily,2023-12-31,baselinenowcast
2023-09-07,15,15,3,3,3,3,3,3,3,3,3,daily,2023-12-31,baselinenowcast
2023-09-08,13,13,7,7,7,7,7,7,7,7,7,daily,2023-12-31,baselinenowcast
2023-09-09,13,13,10,10,10,10,10,10,10,10,10,daily,2023-12-31,baselinenowcast
2023-09-10,5,5,5,5,5,5,5,5,5,5,5,daily,2023-12-31,baselinenowcast
2023-09-11,18,18,11,11,11,11,11,11,11,11,11,daily,2023-12-31,baselinenowcast
2023-09-12,14,14,8,8,8,8,8,8,8,8,8,daily,2023-12-31,baselinenowcast
2023-09-13,11,11,7,7,7,7,7,7,7,7,7,daily,2023-12-31,baselinenowcast
2023-09-14,9,9,4,4,4,4,4,4,4,4,4,daily,2023-12-31,baselinenowcast
2023-09-15,17,17,6,6,6,6,6,6,6,6,6,daily,2023-12-31,baselinenowcast
2023-09-16,10,10,7,7,7,7,7,7,7,7,7,daily,2023-12-31,baselinenowcast
2023-09-17,4,4,4,4,4,4,4,4,4,4,4,daily,2023-12-31,baselinenowcast
2023-09-18,8,8,4,4,4,4,4,4,4,4,4,daily,2023-12-31,baselinenowcast
2023-09-19,13,13,11,11,11,11,11,11,11,11,11,daily,2023-12-31,baselinenowcast
2023-09-20,19,19,16,16,16,16,16,16,16,16,16,daily,2023-12-31,baselinenowcast
2023-09-21,8,8,2,2,2,2,2,2,2,2,2,daily,2023-12-31,baselinenowcast
2023-09-22,12,12,3,3,3,3,3,3,3,3,3,daily,2023-12-31,baselinenowcast
2023-09-23,11,11,10,10,10,10,10,10,10,10,10,daily,2023-12-31,baselinenowcast
2023-09-24,4,4,0,0,0,0,0,0,0,0,0,daily,2023-12-31,baselinenowcast
2023-09-25,4,4,2,2,2,2,2,2,2,2,2,daily,2023-12-31,baselinenowcast
2023-09-26,9,9,7,7,7,7,7,7,7,7,7,daily,2023-12-31,baselinenowcast
2023-09-27,6,6,3,3,3,3,3,3,3,3,3,daily,2023-12-31,baselinenowcast
2023-09-28,15,15,9,9,9,9,9,9,9,9,9,daily,2023-12-31,baselinenowcast
2023-09-29,7,7,4,4,4,4,4,4,4,4,4,daily,2023-12-31,baselinenowcast
2023-09-30,6,6,3,3,3,3,3,3,3,3,3,daily,2023-12-31,baselinenowcast
2023-10-01,7,7,0,0,0,0,0,0,0,0,0,daily,2023-12-31,baselinenowcast
2023-10-02,4,4,2,2,2,2,2,2,2,2,2,daily,2023-12-31,baselinenowcast
2023-10-03,6,6,5,5,5,5,5,5,5,5,5,daily,2023-12-31,baselinenowcast
2023-10-04,3,3,0,0,0,0,0,0,0,0,0,daily,2023-12-31,baselinenowcast
2023-10-05,10,10,6,6,6,6,6,6,6,6,6,daily,2023-12-31,baselinenowcast
2023-10-06,12,12,3,3,3,3,3,3,3,3,3,daily,2023-12-31,baselinenowcast
2023-10-07,3,3,1,1,1,1,1,1,1,1,1,daily,2023-12-31,baselinenowcast
2023-10-08,19,19,8,8,8,8,8,8,8,8,8,daily,2023-12-31,baselinenowcast
2023-10-09,21,21,9,9,9,9,9,9,9,9,9,daily,2023-12-31,baselinenowcast
2023-10-10,8,8,4,4,4,4,4,4,4,4,4,daily,2023-12-31,baselinenowcast
2023-10-11,9,9,5,5,5,5,5,5,5,5,5,daily,2023-12-31,baselinenowcast
2023-10-12,15,15,8,8,8,8,8,8,8,8,8,daily,2023-12-31,baselinenowcast
2023-10-13,17,17,12,12,12,12,12,12,12,12,12,daily,2023-12-31,baselinenowcast
2023-10-14,5,5,3,3,3,3,3,3,3,3,3,daily,2023-12-31,baselinenowcast
2023-10-15,14,14,8,8,8,8,8,8,8,8,8,daily,2023-12-31,baselinenowcast
2023-10-16,14,14,10,10,10,10,10,10,10,10,10,daily,2023-12-31,baselinenowcast
2023-10-17,17,17,15,15,15,15,15,15,15,15,15,daily,2023-12-31,baselinenowcast
2023-10-18,17,17,10,10,10,10,10,10,10,10,10,daily,2023-12-31,baselinenowcast
2023-10-19,16,16,7,7,7,7,7,7,7,7,7,daily,2023-12-31,baselinenowcast
2023-10-20,18,18,7,7,7,7,7,7,7,7,7,daily,2023-12-31,baselinenowcast
2023-10-21,14,14,4,4,4,4,4,4,4,4,4,daily,2023-12-31,baselinenowcast
2023-10-22,7,7,1,1,1,1,1,1,1,1,1,daily,2023-12-31,baselinenowcast
2023-10-23,12,12,10,10,10,10,10,10,10,10,10,daily,2023-12-31,baselinenowcast
2023-10-24,15,15,12,12,12,12,12,12,12,12,12,daily,2023-12-31,baselinenowcast
2023-10-25,17,17,10,10,10,10,10,10,10,10,10,daily,2023-12-31,baselinenowcast
2023-10-26,16,16,11,11,11,11,11,11,11,11,11,daily,2023-12-31,baselinenowcast
2023-10-27,10,10,7,7,7,7,7,7,7,7,7,daily,2023-12-31,baselinenowcast
2023-10-28,9,9,4,4,4,4,4,4,4,4,4,daily,2023-12-31,baselinenowcast
2023-10-29,7,7,1,1,1,1,1,1,1,1,1,daily,2023-12-31,baselinenowcast
2023-10-30,16,16,10,10,10,10,10,10,10,10,10,daily,2023-12-31,baselinenowcast
2023-10-31,8,8,6,6,6,6,6,6,6,6,6,daily,2023-12-31,baselinenowcast
2023-11-01,12,12,7,7,7,7,7,7,7,7,7,daily,2023-12-31,baselinenowcast
2023-11-02,27,27,13,13,13,13,13,13,13,13,13,daily,2023-12-31,baselinenowcast
2023-11-03,18,18,12,12,12,12,12,12,12,12,12,daily,2023-12-31,baselinenowcast
2023-11-04,13,13,1,1,1,1,1,1,1,1,1,daily,2023-12-31,baselinenowcast
2023-11-05,9,9,6,6,6,6,6,6,6,6,6,daily,2023-12-31,baselinenowcast
2023-11-06,23,23,13,13,13,13,13,13,13,13,13,daily,2023-12-31,baselinenowcast
2023-11-07,13,13,11,11,11,11,11,11,11,11,11,daily,2023-12-31,baselinenowcast
2023-11-08,7,7,5,5,5,5,5,5,5,5,5,daily,2023-12-31,baselinenowcast
2023-11-09,20,20,11,11,11,11,11,11,11,11,11,daily,2023-12-31,baselinenowcast
2023-11-10,19,19,16,16,16,16,16,16,16,16,16,daily,2023-12-31,baselinenowcast
2023-11-11,12,12,10,10,10,10,10,10,10,10,10,daily,2023-12-31,baselinenowcast
2023-11-12,14,14,8,8,8,8,8,8,8,8,8,daily,2023-12-31,baselinenowcast
2023-11-13,21,21,18,18,18,18,18,18,18,18,18,daily,2023-12-31,baselinenowcast
2023-11-14,12,14,11,11,11,11,11,11,11,11,11,daily,2023-12-31,baselinenowcast
2023-11-15,15,15,12,12,12,12,12,12,12,12,12,daily,2023-12-31,baselinenowcast
2023-11-16,18,21,15,15,15,15,15,15,15,15,15,daily,2023-12-31,baselinenowcast
2023-11-17,15,15,14,14,14,14,14,14,14,14,14,daily,2023-12-31,baselinenowcast
2023-11-18,12,14,8,8,8,8,8,8,8,8,8,daily,2023-12-31,baselinenowcast
2023-11-19,17,17,13,13,13,13,13,13,13,13,13,daily,2023-12-31,baselinenowcast
2023-11-20,28,29,25,25,25,25,25,25,25,25,25,daily,2023-12-31,baselinenowcast
2023-11-21,20,20,18,18,18,18,18,18,18,18,18,daily,2023-12-31,baselinenowcast
2023-11-22,19,19,17,17,17,17,17,17,17,17,17,daily,2023-12-31,baselinenowcast
2023-11-23,9,10,9,9,9,9,9,9,9,9,9,daily,2023-12-31,baselinenowcast
2023-11-24,15,17,10,10,10,10,10,10,10,10,10,daily,2023-12-31,baselinenowcast
2023-11-25,6,7,5,5,5,5,5,5,5,5,5,daily,2023-12-31,baselinenowcast
2023-11-26,9,10,8,8,8,8,8,8,8,8,8,daily,2023-12-31,baselinenowcast
2023-11-27,27,27,24,24,24,24,24,24,24,24,24,daily,2023-12-31,baselinenowcast
2023-11-28,25,25,23,23,23,23,23,23,23,23,23,daily,2023-12-31,baselinenowcast
2023-11-29,17,17,15,15,15,15,15,15,15,15,15,daily,2023-12-31,baselinenowcast
2023-11-30,19,20,16,16,16,16,16,16,16,16,16,daily,2023-12-31,baselinenowcast
2023-12-01,18,20,14,14,14,14,14,14,14,14,14,daily,2023-12-31,baselinenowcast
2023-12-02,21,22,17,17,17,17,17,17,17,17,17,daily,2023-12-31,baselinenowcast
2023-12-03,23,23,16,16,16,16,16,16,16,16,16,daily,2023-12-31,baselinenowcast
2023-12-04,38,39,35,35,35,35,35,35,35,35,35,daily,2023-12-31,baselinenowcast
2023-12-05,47,47,46,46,46,46,46,46,46,46,46,daily,2023-12-31,baselinenowcast
2023-12-06,43,44,41,41,41,41,41,41,41,41,41,daily,2023-12-31,baselinenowcast
2023-12-07,44,50,44,44,44,44,44,44,44,44,44,daily,2023-12-31,baselinenowcast
2023-12-08,31,37,30,30,30,30,30,30,30,30,30,daily,2023-12-31,baselinenowcast
2023-12-09,27,30,24,24,24,24,24,24,24,24,24,daily,2023-12-31,baselinenowcast
2023-12-10,18,23,18,18,18,18,18,18,18,18,18,daily,2023-12-31,baselinenowcast
2023-12-11,46,52,46,46,46,46,46,46,46,46,46,daily,2023-12-31,baselinenowcast
2023-12-12,29,31,29,29,29,29,29,29,29,29,29,daily,2023-12-31,baselinenowcast
2023-12-13,33,36,33,33,33,33,33,33,33,33,33,daily,2023-12-31,baselinenowcast
2023-12-14,32,34,30,30,30,30,30,30,30,30,30,daily,2023-12-31,baselinenowcast
2023-12-15,40,41,40,40,40,40,40,40,40,40,40,daily,2023-12-31,baselinenowcast
2023-12-16,26,29,26,26,26,26,26,26,26,26,26,daily,2023-12-31,baselinenowcast
2023-12-17,26,26,26,26,26,26,26,26,26,26,26,daily,2023-12-31,baselinenowcast
2023-12-18,50,56,50,50,53,50,55,50,50,50,51,daily,2023-12-31,baselinenowcast
2023-12-19,27,33,27,27,29,27,30,27,27,27,28,daily,2023-12-31,baselinenowcast
2023-12-20,43,47,43,43,47.049999999999955,43,49,43,44,43,44,daily,2023-12-31,baselinenowcast
2023-12-21,31,36,31,31,35,31,36,31,32,31,33,daily,2023-12-31,baselinenowcast
2023-12-22,29,37,29,29,33,29,34,29,30,29,31,daily,2023-12-31,baselinenowcast
2023-12-23,19,24,19,19,22,19,22,19,20,19,20,daily,2023-12-31,baselinenowcast
2023-12-24,22,27,22,22,26,22,27,22,23,22,24,daily,2023-12-31,baselinenowcast
2023-12-25,14,18,14,14,18,14,19,14,15,14,16,daily,2023-12-31,baselinenowcast
2023-12-26,19,25,20,19,26,19,27,19,22,19,23,daily,2023-12-31,baselinenowcast
2023-12-27,17,27,19,17,24,17,25,17,20,17,21,daily,2023-12-31,baselinenowcast
2023-12-28,25,34,29,25,41,25,44,26,33,26,35,daily,2023-12-31,baselinenowcast
2023-12-29,46,65,62,48,94,47,106,54,73,52,79,daily,2023-12-31,baselinenowcast
2023-12-30,4,18,8,4,19,4,21,6,12,5,13,daily,2023-12-31,baselinenowcast
2023-12-31,2,29,31,6,98.04999999999995,4,113.04999999999995,18,55,14,63,daily,2023-12-31,baselinenowcast
2023-04-01,24,24,21,21,21,21,21,21,21,21,21,daily,2024-01-07,baselinenowcast
2023-04-02,23,23,18,18,18,18,18,18,18,18,18,daily,2024-01-07,baselinenowcast
2023-04-03,27,27,22,22,22,22,22,22,22,22,22,daily,2024-01-07,baselinenowcast
2023-04-04,44,44,35,35,35,35,35,35,35,35,35,daily,2024-01-07,baselinenowcast
2023-04-05,38,38,31,31,31,31,31,31,31,31,31,daily,2024-01-07,baselinenowcast
2023-04-06,33,33,28,28,28,28,28,28,28,28,28,daily,2024-01-07,baselinenowcast
2023-04-07,14,14,12,12,12,12,12,12,12,12,12,daily,2024-01-07,baselinenowcast
2023-04-08,26,26,20,20,20,20,20,20,20,20,20,daily,2024-01-07,baselinenowcast
2023-04-09,31,31,25,25,25,25,25,25,25,25,25,daily,2024-01-07,baselinenowcast
2023-04-10,17,17,12,12,12,12,12,12,12,12,12,daily,2024-01-07,baselinenowcast
2023-04-11,44,44,41,41,41,41,41,41,41,41,41,daily,2024-01-07,baselinenowcast
2023-04-12,32,32,27,27,27,27,27,27,27,27,27,daily,2024-01-07,baselinenowcast
2023-04-13,31,31,27,27,27,27,27,27,27,27,27,daily,2024-01-07,baselinenowcast
2023-04-14,27,27,20,20,20,20,20,20,20,20,20,daily,2024-01-07,baselinenowcast
2023-04-15,32,32,26,26,26,26,26,26,26,26,26,daily,2024-01-07,baselinenowcast
2023-04-16,17,17,12,12,12,12,12,12,12,12,12,daily,2024-01-07,baselinenowcast
2023-04-17,31,31,28,28,28,28,28,28,28,28,28,daily,2024-01-07,baselinenowcast
2023-04-18,23,23,17,17,17,17,17,17,17,17,17,daily,2024-01-07,baselinenowcast
2023-04-19,24,24,20,20,20,20,20,20,20,20,20,daily,2024-01-07,baselinenowcast
2023-04-20,16,16,12,12,12,12,12,12,12,12,12,daily,2024-01-07,baselinenowcast
2023-04-21,25,25,19,19,19,19,19,19,19,19,19,daily,2024-01-07,baselinenowcast
2023-04-22,8,8,8,8,8,8,8,8,8,8,8,daily,2024-01-07,baselinenowcast
2023-04-23,8,8,6,6,6,6,6,6,6,6,6,daily,2024-01-07,baselinenowcast
2023-04-24,14,14,14,14,14,14,14,14,14,14,14,daily,2024-01-07,baselinenowcast
2023-04-25,24,24,19,19,19,19,19,19,19,19,19,daily,2024-01-07,baselinenowcast
2023-04-26,26,26,23,23,23,23,23,23,23,23,23,daily,2024-01-07,baselinenowcast
2023-04-27,34,34,32,32,32,32,32,32,32,32,32,daily,2024-01-07,baselinenowcast
2023-04-28,20,20,12,12,12,12,12,12,12,12,12,daily,2024-01-07,baselinenowcast
2023-04-29,15,15,14,14,14,14,14,14,14,14,14,daily,2024-01-07,baselinenowcast
2023-04-30,20,20,15,15,15,15,15,15,15,15,15,daily,2024-01-07,baselinenowcast
2023-05-01,14,14,10,10,10,10,10,10,10,10,10,daily,2024-01-07,baselinenowcast
2023-05-02,25,25,14,14,14,14,14,14,14,14,14,daily,2024-01-07,baselinenowcast
2023-05-03,27,27,19,19,19,19,19,19,19,19,19,daily,2024-01-07,baselinenowcast
2023-05-04,42,42,29,29,29,29,29,29,29,29,29,daily,2024-01-07,baselinenowcast
2023-05-05,23,23,19,19,19,19,19,19,19,19,19,daily,2024-01-07,baselinenowcast
2023-05-06,13,13,11,11,11,11,11,11,11,11,11,daily,2024-01-07,baselinenowcast
2023-05-07,20,20,14,14,14,14,14,14,14,14,14,daily,2024-01-07,baselinenowcast
2023-05-08,16,16,13,13,13,13,13,13,13,13,13,daily,2024-01-07,baselinenowcast
2023-05-09,15,15,11,11,11,11,11,11,11,11,11,daily,2024-01-07,baselinenowcast
2023-05-10,26,26,21,21,21,21,21,21,21,21,21,daily,2024-01-07,baselinenowcast
2023-05-11,19,19,15,15,15,15,15,15,15,15,15,daily,2024-01-07,baselinenowcast
2023-05-12,21,21,15,15,15,15,15,15,15,15,15,daily,2024-01-07,baselinenowcast
2023-05-13,13,13,13,13,13,13,13,13,13,13,13,daily,2024-01-07,baselinenowcast
2023-05-14,24,24,10,10,10,10,10,10,10,10,10,daily,2024-01-07,baselinenowcast
2023-05-15,21,21,12,12,12,12,12,12,12,12,12,daily,2024-01-07,baselinenowcast
2023-05-16,23,23,19,19,19,19,19,19,19,19,19,daily,2024-01-07,baselinenowcast
2023-05-17,20,20,14,14,14,14,14,14,14,14,14,daily,2024-01-07,baselinenowcast
2023-05-18,23,23,12,12,12,12,12,12,12,12,12,daily,2024-01-07,baselinenowcast
2023-05-19,14,14,7,7,7,7,7,7,7,7,7,daily,2024-01-07,baselinenowcast
2023-05-20,12,12,7,7,7,7,7,7,7,7,7,daily,2024-01-07,baselinenowcast
2023-05-21,23,23,15,15,15,15,15,15,15,15,15,daily,2024-01-07,baselinenowcast
2023-05-22,18,18,12,12,12,12,12,12,12,12,12,daily,2024-01-07,baselinenowcast
2023-05-23,17,17,15,15,15,15,15,15,15,15,15,daily,2024-01-07,baselinenowcast
2023-05-24,22,22,12,12,12,12,12,12,12,12,12,daily,2024-01-07,baselinenowcast
2023-05-25,19,19,15,15,15,15,15,15,15,15,15,daily,2024-01-07,baselinenowcast
2023-05-26,20,20,16,16,16,16,16,16,16,16,16,daily,2024-01-07,baselinenowcast
2023-05-27,11,11,2,2,2,2,2,2,2,2,2,daily,2024-01-07,baselinenowcast
2023-05-28,6,6,6,6,6,6,6,6,6,6,6,daily,2024-01-07,baselinenowcast
2023-05-29,9,9,2,2,2,2,2,2,2,2,2,daily,2024-01-07,baselinenowcast
2023-05-30,26,26,21,21,21,21,21,21,21,21,21,daily,2024-01-07,baselinenowcast
2023-05-31,22,22,15,15,15,15,15,15,15,15,15,daily,2024-01-07,baselinenowcast
2023-06-01,18,18,8,8,8,8,8,8,8,8,8,daily,2024-01-07,baselinenowcast
2023-06-02,17,17,10,10,10,10,10,10,10,10,10,daily,2024-01-07,baselinenowcast
2023-06-03,10,10,6,6,6,6,6,6,6,6,6,daily,2024-01-07,baselinenowcast
2023-06-04,15,15,8,8,8,8,8,8,8,8,8,daily,2024-01-07,baselinenowcast
2023-06-05,22,22,17,17,17,17,17,17,17,17,17,daily,2024-01-07,baselinenowcast
2023-06-06,29,29,21,21,21,21,21,21,21,21,21,daily,2024-01-07,baselinenowcast
2023-06-07,27,27,22,22,22,22,22,22,22,22,22,daily,2024-01-07,baselinenowcast
2023-06-08,21,21,11,11,11,11,11,11,11,11,11,daily,2024-01-07,baselinenowcast
2023-06-09,7,7,2,2,2,2,2,2,2,2,2,daily,2024-01-07,baselinenowcast
2023-06-10,12,12,11,11,11,11,11,11,11,11,11,daily,2024-01-07,baselinenowcast
2023-06-11,7,7,2,2,2,2,2,2,2,2,2,daily,2024-01-07,baselinenowcast
2023-06-12,15,15,10,10,10,10,10,10,10,10,10,daily,2024-01-07,baselinenowcast
2023-06-13,17,17,15,15,15,15,15,15,15,15,15,daily,2024-01-07,baselinenowcast
2023-06-14,9,9,3,3,3,3,3,3,3,3,3,daily,2024-01-07,baselinenowcast
2023-06-15,22,22,9,9,9,9,9,9,9,9,9,daily,2024-01-07,baselinenowcast
2023-06-16,17,17,17,17,17,17,17,17,17,17,17,daily,2024-01-07,baselinenowcast
2023-06-17,12,12,10,10,10,10,10,10,10,10,10,daily,2024-01-07,baselinenowcast
2023-06-18,5,5,1,1,1,1,1,1,1,1,1,daily,2024-01-07,baselinenowcast
2023-06-19,16,16,11,11,11,11,11,11,11,11,11,daily,2024-01-07,baselinenowcast
2023-06-20,17,17,10,10,10,10,10,10,10,10,10,daily,2024-01-07,baselinenowcast
2023-06-21,15,15,12,12,12,12,12,12,12,12,12,daily,2024-01-07,baselinenowcast
2023-06-22,18,18,17,17,17,17,17,17,17,17,17,daily,2024-01-07,baselinenowcast
2023-06-23,10,10,7,7,7,7,7,7,7,7,7,daily,2024-01-07,baselinenowcast
2023-06-24,8,8,6,6,6,6,6,6,6,6,6,daily,2024-01-07,baselinenowcast
2023-06-25,15,15,6,6,6,6,6,6,6,6,6,daily,2024-01-07,baselinenowcast
2023-06-26,2,2,2,2,2,2,2,2,2,2,2,daily,2024-01-07,baselinenowcast
2023-06-27,11,11,10,10,10,10,10,10,10,10,10,daily,2024-01-07,baselinenowcast
2023-06-28,15,15,12,12,12,12,12,12,12,12,12,daily,2024-01-07,baselinenowcast
2023-06-29,12,12,9,9,9,9,9,9,9,9,9,daily,2024-01-07,baselinenowcast
2023-06-30,7,7,6,6,6,6,6,6,6,6,6,daily,2024-01-07,baselinenowcast
2023-07-01,4,4,1,1,1,1,1,1,1,1,1,daily,2024-01-07,baselinenowcast
2023-07-02,8,8,2,2,2,2,2,2,2,2,2,daily,2024-01-07,baselinenowcast
2023-07-03,23,23,13,13,13,13,13,13,13,13,13,daily,2024-01-07,baselinenowcast
2023-07-04,13,13,10,10,10,10,10,10,10,10,10,daily,2024-01-07,baselinenowcast
2023-07-05,19,19,17,17,17,17,17,17,17,17,17,daily,2024-01-07,baselinenowcast
2023-07-06,14,14,8,8,8,8,8,8,8,8,8,daily,2024-01-07,baselinenowcast
2023-07-07,15,15,12,12,12,12,12,12,12,12,12,daily,2024-01-07,baselinenowcast
2023-07-08,5,5,2,2,2,2,2,2,2,2,2,daily,2024-01-07,baselinenowcast
2023-07-09,5,5,3,3,3,3,3,3,3,3,3,daily,2024-01-07,baselinenowcast
2023-07-10,13,13,10,10,10,10,10,10,10,10,10,daily,2024-01-07,baselinenowcast
2023-07-11,13,13,10,10,10,10,10,10,10,10,10,daily,2024-01-07,baselinenowcast
2023-07-12,13,13,10,10,10,10,10,10,10,10,10,daily,2024-01-07,baselinenowcast
2023-07-13,18,18,14,14,14,14,14,14,14,14,14,daily,2024-01-07,baselinenowcast
2023-07-14,10,10,9,9,9,9,9,9,9,9,9,daily,2024-01-07,baselinenowcast
2023-07-15,9,9,7,7,7,7,7,7,7,7,7,daily,2024-01-07,baselinenowcast
2023-07-16,19,19,6,6,6,6,6,6,6,6,6,daily,2024-01-07,baselinenowcast
2023-07-17,9,9,6,6,6,6,6,6,6,6,6,daily,2024-01-07,baselinenowcast
2023-07-18,22,22,16,16,16,16,16,16,16,16,16,daily,2024-01-07,baselinenowcast
2023-07-19,17,17,11,11,11,11,11,11,11,11,11,daily,2024-01-07,baselinenowcast
2023-07-20,27,27,19,19,19,19,19,19,19,19,19,daily,2024-01-07,baselinenowcast
2023-07-21,15,15,5,5,5,5,5,5,5,5,5,daily,2024-01-07,baselinenowcast
2023-07-22,6,6,3,3,3,3,3,3,3,3,3,daily,2024-01-07,baselinenowcast
2023-07-23,10,10,5,5,5,5,5,5,5,5,5,daily,2024-01-07,baselinenowcast
2023-07-24,15,15,14,14,14,14,14,14,14,14,14,daily,2024-01-07,baselinenowcast
2023-07-25,23,23,16,16,16,16,16,16,16,16,16,daily,2024-01-07,baselinenowcast
2023-07-26,15,15,10,10,10,10,10,10,10,10,10,daily,2024-01-07,baselinenowcast
2023-07-27,25,25,13,13,13,13,13,13,13,13,13,daily,2024-01-07,baselinenowcast
2023-07-28,9,9,8,8,8,8,8,8,8,8,8,daily,2024-01-07,baselinenowcast
2023-07-29,8,8,4,4,4,4,4,4,4,4,4,daily,2024-01-07,baselinenowcast
2023-07-30,6,6,3,3,3,3,3,3,3,3,3,daily,2024-01-07,baselinenowcast
2023-07-31,14,14,8,8,8,8,8,8,8,8,8,daily,2024-01-07,baselinenowcast
2023-08-01,9,9,3,3,3,3,3,3,3,3,3,daily,2024-01-07,baselinenowcast
2023-08-02,12,12,8,8,8,8,8,8,8,8,8,daily,2024-01-07,baselinenowcast
2023-08-03,21,21,15,15,15,15,15,15,15,15,15,daily,2024-01-07,baselinenowcast
2023-08-04,2,2,2,2,2,2,2,2,2,2,2,daily,2024-01-07,baselinenowcast
2023-08-05,10,10,7,7,7,7,7,7,7,7,7,daily,2024-01-07,baselinenowcast
2023-08-06,5,5,3,3,3,3,3,3,3,3,3,daily,2024-01-07,baselinenowcast
2023-08-07,15,15,7,7,7,7,7,7,7,7,7,daily,2024-01-07,baselinenowcast
2023-08-08,26,26,20,20,20,20,20,20,20,20,20,daily,2024-01-07,baselinenowcast
2023-08-09,15,15,13,13,13,13,13,13,13,13,13,daily,2024-01-07,baselinenowcast
2023-08-10,14,14,7,7,7,7,7,7,7,7,7,daily,2024-01-07,baselinenowcast
2023-08-11,16,16,13,13,13,13,13,13,13,13,13,daily,2024-01-07,baselinenowcast
2023-08-12,8,8,5,5,5,5,5,5,5,5,5,daily,2024-01-07,baselinenowcast
2023-08-13,4,4,2,2,2,2,2,2,2,2,2,daily,2024-01-07,baselinenowcast
2023-08-14,22,22,14,14,14,14,14,14,14,14,14,daily,2024-01-07,baselinenowcast
2023-08-15,16,16,13,13,13,13,13,13,13,13,13,daily,2024-01-07,baselinenowcast
2023-08-16,8,8,6,6,6,6,6,6,6,6,6,daily,2024-01-07,baselinenowcast
2023-08-17,18,18,16,16,16,16,16,16,16,16,16,daily,2024-01-07,baselinenowcast
2023-08-18,17,17,14,14,14,14,14,14,14,14,14,daily,2024-01-07,baselinenowcast
2023-08-19,11,11,5,5,5,5,5,5,5,5,5,daily,2024-01-07,baselinenowcast
2023-08-20,7,7,2,2,2,2,2,2,2,2,2,daily,2024-01-07,baselinenowcast
2023-08-21,17,17,16,16,16,16,16,16,16,16,16,daily,2024-01-07,baselinenowcast
2023-08-22,11,11,7,7,7,7,7,7,7,7,7,daily,2024-01-07,baselinenowcast
2023-08-23,18,18,5,5,5,5,5,5,5,5,5,daily,2024-01-07,baselinenowcast
2023-08-24,10,10,7,7,7,7,7,7,7,7,7,daily,2024-01-07,baselinenowcast
2023-08-25,12,12,10,10,10,10,10,10,10,10,10,daily,2024-01-07,baselinenowcast
2023-08-26,15,15,13,13,13,13,13,13,13,13,13,daily,2024-01-07,baselinenowcast
2023-08-27,6,6,3,3,3,3,3,3,3,3,3,daily,2024-01-07,baselinenowcast
2023-08-28,3,3,2,2,2,2,2,2,2,2,2,daily,2024-01-07,baselinenowcast
2023-08-29,10,10,7,7,7,7,7,7,7,7,7,daily,2024-01-07,baselinenowcast
2023-08-30,17,17,15,15,15,15,15,15,15,15,15,daily,2024-01-07,baselinenowcast
2023-08-31,12,12,4,4,4,4,4,4,4,4,4,daily,2024-01-07,baselinenowcast
2023-09-01,8,8,3,3,3,3,3,3,3,3,3,daily,2024-01-07,baselinenowcast
2023-09-02,10,10,6,6,6,6,6,6,6,6,6,daily,2024-01-07,baselinenowcast
2023-09-03,7,7,1,1,1,1,1,1,1,1,1,daily,2024-01-07,baselinenowcast
2023-09-04,16,16,9,9,9,9,9,9,9,9,9,daily,2024-01-07,baselinenowcast
2023-09-05,9,9,5,5,5,5,5,5,5,5,5,daily,2024-01-07,baselinenowcast
2023-09-06,11,11,8,8,8,8,8,8,8,8,8,daily,2024-01-07,baselinenowcast
2023-09-07,15,15,3,3,3,3,3,3,3,3,3,daily,2024-01-07,baselinenowcast
2023-09-08,13,13,7,7,7,7,7,7,7,7,7,daily,2024-01-07,baselinenowcast
2023-09-09,13,13,10,10,10,10,10,10,10,10,10,daily,2024-01-07,baselinenowcast
2023-09-10,5,5,5,5,5,5,5,5,5,5,5,daily,2024-01-07,baselinenowcast
2023-09-11,18,18,11,11,11,11,11,11,11,11,11,daily,2024-01-07,baselinenowcast
2023-09-12,14,14,8,8,8,8,8,8,8,8,8,daily,2024-01-07,baselinenowcast
2023-09-13,11,11,7,7,7,7,7,7,7,7,7,daily,2024-01-07,baselinenowcast
2023-09-14,9,9,4,4,4,4,4,4,4,4,4,daily,2024-01-07,baselinenowcast
2023-09-15,17,17,6,6,6,6,6,6,6,6,6,daily,2024-01-07,baselinenowcast
2023-09-16,10,10,7,7,7,7,7,7,7,7,7,daily,2024-01-07,baselinenowcast
2023-09-17,4,4,4,4,4,4,4,4,4,4,4,daily,2024-01-07,baselinenowcast
2023-09-18,8,8,4,4,4,4,4,4,4,4,4,daily,2024-01-07,baselinenowcast
2023-09-19,13,13,11,11,11,11,11,11,11,11,11,daily,2024-01-07,baselinenowcast
2023-09-20,19,19,16,16,16,16,16,16,16,16,16,daily,2024-01-07,baselinenowcast
2023-09-21,8,8,2,2,2,2,2,2,2,2,2,daily,2024-01-07,baselinenowcast
2023-09-22,12,12,3,3,3,3,3,3,3,3,3,daily,2024-01-07,baselinenowcast
2023-09-23,11,11,10,10,10,10,10,10,10,10,10,daily,2024-01-07,baselinenowcast
2023-09-24,4,4,0,0,0,0,0,0,0,0,0,daily,2024-01-07,baselinenowcast
2023-09-25,4,4,2,2,2,2,2,2,2,2,2,daily,2024-01-07,baselinenowcast
2023-09-26,9,9,7,7,7,7,7,7,7,7,7,daily,2024-01-07,baselinenowcast
2023-09-27,6,6,3,3,3,3,3,3,3,3,3,daily,2024-01-07,baselinenowcast
2023-09-28,15,15,9,9,9,9,9,9,9,9,9,daily,2024-01-07,baselinenowcast
2023-09-29,7,7,4,4,4,4,4,4,4,4,4,daily,2024-01-07,baselinenowcast
2023-09-30,6,6,3,3,3,3,3,3,3,3,3,daily,2024-01-07,baselinenowcast
2023-10-01,7,7,0,0,0,0,0,0,0,0,0,daily,2024-01-07,baselinenowcast
2023-10-02,4,4,2,2,2,2,2,2,2,2,2,daily,2024-01-07,baselinenowcast
2023-10-03,6,6,5,5,5,5,5,5,5,5,5,daily,2024-01-07,baselinenowcast
2023-10-04,3,3,0,0,0,0,0,0,0,0,0,daily,2024-01-07,baselinenowcast
2023-10-05,10,10,6,6,6,6,6,6,6,6,6,daily,2024-01-07,baselinenowcast
2023-10-06,12,12,3,3,3,3,3,3,3,3,3,daily,2024-01-07,baselinenowcast
2023-10-07,3,3,1,1,1,1,1,1,1,1,1,daily,2024-01-07,baselinenowcast
2023-10-08,19,19,8,8,8,8,8,8,8,8,8,daily,2024-01-07,baselinenowcast
2023-10-09,21,21,9,9,9,9,9,9,9,9,9,daily,2024-01-07,baselinenowcast
2023-10-10,8,8,4,4,4,4,4,4,4,4,4,daily,2024-01-07,baselinenowcast
2023-10-11,9,9,5,5,5,5,5,5,5,5,5,daily,2024-01-07,baselinenowcast
2023-10-12,15,15,8,8,8,8,8,8,8,8,8,daily,2024-01-07,baselinenowcast
2023-10-13,17,17,12,12,12,12,12,12,12,12,12,daily,2024-01-07,baselinenowcast
2023-10-14,5,5,3,3,3,3,3,3,3,3,3,daily,2024-01-07,baselinenowcast
2023-10-15,14,14,8,8,8,8,8,8,8,8,8,daily,2024-01-07,baselinenowcast
2023-10-16,14,14,10,10,10,10,10,10,10,10,10,daily,2024-01-07,baselinenowcast
2023-10-17,17,17,15,15,15,15,15,15,15,15,15,daily,2024-01-07,baselinenowcast
2023-10-18,17,17,10,10,10,10,10,10,10,10,10,daily,2024-01-07,baselinenowcast
2023-10-19,16,16,7,7,7,7,7,7,7,7,7,daily,2024-01-07,baselinenowcast
2023-10-20,18,18,7,7,7,7,7,7,7,7,7,daily,2024-01-07,baselinenowcast
2023-10-21,14,14,4,4,4,4,4,4,4,4,4,daily,2024-01-07,baselinenowcast
2023-10-22,7,7,1,1,1,1,1,1,1,1,1,daily,2024-01-07,baselinenowcast
2023-10-23,12,12,10,10,10,10,10,10,10,10,10,daily,2024-01-07,baselinenowcast
2023-10-24,15,15,12,12,12,12,12,12,12,12,12,daily,2024-01-07,baselinenowcast
2023-10-25,17,17,10,10,10,10,10,10,10,10,10,daily,2024-01-07,baselinenowcast
2023-10-26,16,16,11,11,11,11,11,11,11,11,11,daily,2024-01-07,baselinenowcast
2023-10-27,10,10,7,7,7,7,7,7,7,7,7,daily,2024-01-07,baselinenowcast
2023-10-28,9,9,4,4,4,4,4,4,4,4,4,daily,2024-01-07,baselinenowcast
2023-10-29,7,7,1,1,1,1,1,1,1,1,1,daily,2024-01-07,baselinenowcast
2023-10-30,16,16,10,10,10,10,10,10,10,10,10,daily,2024-01-07,baselinenowcast
2023-10-31,8,8,6,6,6,6,6,6,6,6,6,daily,2024-01-07,baselinenowcast
2023-11-01,12,12,7,7,7,7,7,7,7,7,7,daily,2024-01-07,baselinenowcast
2023-11-02,27,27,13,13,13,13,13,13,13,13,13,daily,2024-01-07,baselinenowcast
2023-11-03,18,18,12,12,12,12,12,12,12,12,12,daily,2024-01-07,baselinenowcast
2023-11-04,13,13,1,1,1,1,1,1,1,1,1,daily,2024-01-07,baselinenowcast
2023-11-05,9,9,6,6,6,6,6,6,6,6,6,daily,2024-01-07,baselinenowcast
2023-11-06,23,23,13,13,13,13,13,13,13,13,13,daily,2024-01-07,baselinenowcast
2023-11-07,13,13,11,11,11,11,11,11,11,11,11,daily,2024-01-07,baselinenowcast
2023-11-08,7,7,5,5,5,5,5,5,5,5,5,daily,2024-01-07,baselinenowcast
2023-11-09,20,20,11,11,11,11,11,11,11,11,11,daily,2024-01-07,baselinenowcast
2023-11-10,19,19,16,16,16,16,16,16,16,16,16,daily,2024-01-07,baselinenowcast
2023-11-11,12,12,10,10,10,10,10,10,10,10,10,daily,2024-01-07,baselinenowcast
2023-11-12,14,14,8,8,8,8,8,8,8,8,8,daily,2024-01-07,baselinenowcast
2023-11-13,21,21,18,18,18,18,18,18,18,18,18,daily,2024-01-07,baselinenowcast
2023-11-14,14,14,11,11,11,11,11,11,11,11,11,daily,2024-01-07,baselinenowcast
2023-11-15,15,15,12,12,12,12,12,12,12,12,12,daily,2024-01-07,baselinenowcast
2023-11-16,21,21,15,15,15,15,15,15,15,15,15,daily,2024-01-07,baselinenowcast
2023-11-17,15,15,14,14,14,14,14,14,14,14,14,daily,2024-01-07,baselinenowcast
2023-11-18,14,14,8,8,8,8,8,8,8,8,8,daily,2024-01-07,baselinenowcast
2023-11-19,17,17,13,13,13,13,13,13,13,13,13,daily,2024-01-07,baselinenowcast
2023-11-20,29,29,25,25,25,25,25,25,25,25,25,daily,2024-01-07,baselinenowcast
2023-11-21,20,20,18,18,18,18,18,18,18,18,18,daily,2024-01-07,baselinenowcast
2023-11-22,19,19,17,17,17,17,17,17,17,17,17,daily,2024-01-07,baselinenowcast
2023-11-23,9,10,9,9,9,9,9,9,9,9,9,daily,2024-01-07,baselinenowcast
2023-11-24,15,17,10,10,10,10,10,10,10,10,10,daily,2024-01-07,baselinenowcast
2023-11-25,6,7,5,5,5,5,5,5,5,5,5,daily,2024-01-07,baselinenowcast
2023-11-26,9,10,8,8,8,8,8,8,8,8,8,daily,2024-01-07,baselinenowcast
2023-11-27,27,27,24,24,24,24,24,24,24,24,24,daily,2024-01-07,baselinenowcast
2023-11-28,25,25,23,23,23,23,23,23,23,23,23,daily,2024-01-07,baselinenowcast
2023-11-29,17,17,15,15,15,15,15,15,15,15,15,daily,2024-01-07,baselinenowcast
2023-11-30,20,20,16,16,16,16,16,16,16,16,16,daily,2024-01-07,baselinenowcast
2023-12-01,19,20,14,14,14,14,14,14,14,14,14,daily,2024-01-07,baselinenowcast
2023-12-02,21,22,17,17,17,17,17,17,17,17,17,daily,2024-01-07,baselinenowcast
2023-12-03,23,23,16,16,16,16,16,16,16,16,16,daily,2024-01-07,baselinenowcast
2023-12-04,39,39,35,35,35,35,35,35,35,35,35,daily,2024-01-07,baselinenowcast
2023-12-05,47,47,46,46,46,46,46,46,46,46,46,daily,2024-01-07,baselinenowcast
2023-12-06,44,44,41,41,41,41,41,41,41,41,41,daily,2024-01-07,baselinenowcast
2023-12-07,45,50,44,44,44,44,44,44,44,44,44,daily,2024-01-07,baselinenowcast
2023-12-08,31,37,30,30,30,30,30,30,30,30,30,daily,2024-01-07,baselinenowcast
2023-12-09,28,30,24,24,24,24,24,24,24,24,24,daily,2024-01-07,baselinenowcast
2023-12-10,19,23,18,18,18,18,18,18,18,18,18,daily,2024-01-07,baselinenowcast
2023-12-11,50,52,46,46,46,46,46,46,46,46,46,daily,2024-01-07,baselinenowcast
2023-12-12,30,31,29,29,29,29,29,29,29,29,29,daily,2024-01-07,baselinenowcast
2023-12-13,34,36,33,33,33,33,33,33,33,33,33,daily,2024-01-07,baselinenowcast
2023-12-14,32,34,30,30,30,30,30,30,30,30,30,daily,2024-01-07,baselinenowcast
2023-12-15,41,41,40,40,40,40,40,40,40,40,40,daily,2024-01-07,baselinenowcast
2023-12-16,27,29,26,26,26,26,26,26,26,26,26,daily,2024-01-07,baselinenowcast
2023-12-17,26,26,26,26,26,26,26,26,26,26,26,daily,2024-01-07,baselinenowcast
2023-12-18,51,56,50,50,50,50,50,50,50,50,50,daily,2024-01-07,baselinenowcast
2023-12-19,28,33,27,27,27,27,27,27,27,27,27,daily,2024-01-07,baselinenowcast
2023-12-20,43,47,43,43,43,43,43,43,43,43,43,daily,2024-01-07,baselinenowcast
2023-12-21,31,36,31,31,31,31,31,31,31,31,31,daily,2024-01-07,baselinenowcast
2023-12-22,29,37,29,29,29,29,29,29,29,29,29,daily,2024-01-07,baselinenowcast
2023-12-23,20,24,20,20,20,20,20,20,20,20,20,daily,2024-01-07,baselinenowcast
2023-12-24,22,27,22,22,22,22,22,22,22,22,22,daily,2024-01-07,baselinenowcast
2023-12-25,14,18,14,14,14,14,14,14,14,14,14,daily,2024-01-07,baselinenowcast
2023-12-26,19,25,19,19,19,19,19,19,19,19,19,daily,2024-01-07,baselinenowcast
2023-12-27,25,27,25,25,26,25,26.024999999999977,25,25,25,25,daily,2024-01-07,baselinenowcast
2023-12-28,31,34,31,31,33,31,33,31,31,31,32,daily,2024-01-07,baselinenowcast
2023-12-29,62,65,63,62,66,62,67,62,64,62,64,daily,2024-01-07,baselinenowcast
2023-12-30,11,18,11,11,12,11,13,11,11,11,12,daily,2024-01-07,baselinenowcast
2023-12-31,22,29,22,22,25,22,25,22,23,22,23,daily,2024-01-07,baselinenowcast
2024-01-01,18,20,18,18,21,18,22,18,19,18,20,daily,2024-01-07,baselinenowcast
2024-01-02,35,40,37,35,46,35,48,36,40,35,41,daily,2024-01-07,baselinenowcast
2024-01-03,48,58,52,48,64,48,67,50,56,49,58,daily,2024-01-07,baselinenowcast
2024-01-04,34,45,39,34,58.049999999999955,34,65,36,44,35,47,daily,2024-01-07,baselinenowcast
2024-01-05,15,21,20,15,29,15,32,17,23,17,25,daily,2024-01-07,baselinenowcast
2024-01-06,9,34,19,11,38,10,42.02499999999998,15,26,13,29,daily,2024-01-07,baselinenowcast
2024-01-07,2,28,27,7,79.04999999999995,5,86,16,43,13,51,daily,2024-01-07,baselinenowcast
2023-04-01,24,24,21,21,21,21,21,21,21,21,21,daily,2024-01-14,baselinenowcast
2023-04-02,23,23,18,18,18,18,18,18,18,18,18,daily,2024-01-14,baselinenowcast
2023-04-03,27,27,22,22,22,22,22,22,22,22,22,daily,2024-01-14,baselinenowcast
2023-04-04,44,44,35,35,35,35,35,35,35,35,35,daily,2024-01-14,baselinenowcast
2023-04-05,38,38,31,31,31,31,31,31,31,31,31,daily,2024-01-14,baselinenowcast
2023-04-06,33,33,28,28,28,28,28,28,28,28,28,daily,2024-01-14,baselinenowcast
2023-04-07,14,14,12,12,12,12,12,12,12,12,12,daily,2024-01-14,baselinenowcast
2023-04-08,26,26,20,20,20,20,20,20,20,20,20,daily,2024-01-14,baselinenowcast
2023-04-09,31,31,25,25,25,25,25,25,25,25,25,daily,2024-01-14,baselinenowcast
2023-04-10,17,17,12,12,12,12,12,12,12,12,12,daily,2024-01-14,baselinenowcast
2023-04-11,44,44,41,41,41,41,41,41,41,41,41,daily,2024-01-14,baselinenowcast
2023-04-12,32,32,27,27,27,27,27,27,27,27,27,daily,2024-01-14,baselinenowcast
2023-04-13,31,31,27,27,27,27,27,27,27,27,27,daily,2024-01-14,baselinenowcast
2023-04-14,27,27,20,20,20,20,20,20,20,20,20,daily,2024-01-14,baselinenowcast
2023-04-15,32,32,26,26,26,26,26,26,26,26,26,daily,2024-01-14,baselinenowcast
2023-04-16,17,17,12,12,12,12,12,12,12,12,12,daily,2024-01-14,baselinenowcast
2023-04-17,31,31,28,28,28,28,28,28,28,28,28,daily,2024-01-14,baselinenowcast
2023-04-18,23,23,17,17,17,17,17,17,17,17,17,daily,2024-01-14,baselinenowcast
2023-04-19,24,24,20,20,20,20,20,20,20,20,20,daily,2024-01-14,baselinenowcast
2023-04-20,16,16,12,12,12,12,12,12,12,12,12,daily,2024-01-14,baselinenowcast
2023-04-21,25,25,19,19,19,19,19,19,19,19,19,daily,2024-01-14,baselinenowcast
2023-04-22,8,8,8,8,8,8,8,8,8,8,8,daily,2024-01-14,baselinenowcast
2023-04-23,8,8,6,6,6,6,6,6,6,6,6,daily,2024-01-14,baselinenowcast
2023-04-24,14,14,14,14,14,14,14,14,14,14,14,daily,2024-01-14,baselinenowcast
2023-04-25,24,24,19,19,19,19,19,19,19,19,19,daily,2024-01-14,baselinenowcast
2023-04-26,26,26,23,23,23,23,23,23,23,23,23,daily,2024-01-14,baselinenowcast
2023-04-27,34,34,32,32,32,32,32,32,32,32,32,daily,2024-01-14,baselinenowcast
2023-04-28,20,20,12,12,12,12,12,12,12,12,12,daily,2024-01-14,baselinenowcast
2023-04-29,15,15,14,14,14,14,14,14,14,14,14,daily,2024-01-14,baselinenowcast
2023-04-30,20,20,15,15,15,15,15,15,15,15,15,daily,2024-01-14,baselinenowcast
2023-05-01,14,14,10,10,10,10,10,10,10,10,10,daily,2024-01-14,baselinenowcast
2023-05-02,25,25,14,14,14,14,14,14,14,14,14,daily,2024-01-14,baselinenowcast
2023-05-03,27,27,19,19,19,19,19,19,19,19,19,daily,2024-01-14,baselinenowcast
2023-05-04,42,42,29,29,29,29,29,29,29,29,29,daily,2024-01-14,baselinenowcast
2023-05-05,23,23,19,19,19,19,19,19,19,19,19,daily,2024-01-14,baselinenowcast
2023-05-06,13,13,11,11,11,11,11,11,11,11,11,daily,2024-01-14,baselinenowcast
2023-05-07,20,20,14,14,14,14,14,14,14,14,14,daily,2024-01-14,baselinenowcast
2023-05-08,16,16,13,13,13,13,13,13,13,13,13,daily,2024-01-14,baselinenowcast
2023-05-09,15,15,11,11,11,11,11,11,11,11,11,daily,2024-01-14,baselinenowcast
2023-05-10,26,26,21,21,21,21,21,21,21,21,21,daily,2024-01-14,baselinenowcast
2023-05-11,19,19,15,15,15,15,15,15,15,15,15,daily,2024-01-14,baselinenowcast
2023-05-12,21,21,15,15,15,15,15,15,15,15,15,daily,2024-01-14,baselinenowcast
2023-05-13,13,13,13,13,13,13,13,13,13,13,13,daily,2024-01-14,baselinenowcast
2023-05-14,24,24,10,10,10,10,10,10,10,10,10,daily,2024-01-14,baselinenowcast
2023-05-15,21,21,12,12,12,12,12,12,12,12,12,daily,2024-01-14,baselinenowcast
2023-05-16,23,23,19,19,19,19,19,19,19,19,19,daily,2024-01-14,baselinenowcast
2023-05-17,20,20,14,14,14,14,14,14,14,14,14,daily,2024-01-14,baselinenowcast
2023-05-18,23,23,12,12,12,12,12,12,12,12,12,daily,2024-01-14,baselinenowcast
2023-05-19,14,14,7,7,7,7,7,7,7,7,7,daily,2024-01-14,baselinenowcast
2023-05-20,12,12,7,7,7,7,7,7,7,7,7,daily,2024-01-14,baselinenowcast
2023-05-21,23,23,15,15,15,15,15,15,15,15,15,daily,2024-01-14,baselinenowcast
2023-05-22,18,18,12,12,12,12,12,12,12,12,12,daily,2024-01-14,baselinenowcast
2023-05-23,17,17,15,15,15,15,15,15,15,15,15,daily,2024-01-14,baselinenowcast
2023-05-24,22,22,12,12,12,12,12,12,12,12,12,daily,2024-01-14,baselinenowcast
2023-05-25,19,19,15,15,15,15,15,15,15,15,15,daily,2024-01-14,baselinenowcast
2023-05-26,20,20,16,16,16,16,16,16,16,16,16,daily,2024-01-14,baselinenowcast
2023-05-27,11,11,2,2,2,2,2,2,2,2,2,daily,2024-01-14,baselinenowcast
2023-05-28,6,6,6,6,6,6,6,6,6,6,6,daily,2024-01-14,baselinenowcast
2023-05-29,9,9,2,2,2,2,2,2,2,2,2,daily,2024-01-14,baselinenowcast
2023-05-30,26,26,21,21,21,21,21,21,21,21,21,daily,2024-01-14,baselinenowcast
2023-05-31,22,22,15,15,15,15,15,15,15,15,15,daily,2024-01-14,baselinenowcast
2023-06-01,18,18,8,8,8,8,8,8,8,8,8,daily,2024-01-14,baselinenowcast
2023-06-02,17,17,10,10,10,10,10,10,10,10,10,daily,2024-01-14,baselinenowcast
2023-06-03,10,10,6,6,6,6,6,6,6,6,6,daily,2024-01-14,baselinenowcast
2023-06-04,15,15,8,8,8,8,8,8,8,8,8,daily,2024-01-14,baselinenowcast
2023-06-05,22,22,17,17,17,17,17,17,17,17,17,daily,2024-01-14,baselinenowcast
2023-06-06,29,29,21,21,21,21,21,21,21,21,21,daily,2024-01-14,baselinenowcast
2023-06-07,27,27,22,22,22,22,22,22,22,22,22,daily,2024-01-14,baselinenowcast
2023-06-08,21,21,11,11,11,11,11,11,11,11,11,daily,2024-01-14,baselinenowcast
2023-06-09,7,7,2,2,2,2,2,2,2,2,2,daily,2024-01-14,baselinenowcast
2023-06-10,12,12,11,11,11,11,11,11,11,11,11,daily,2024-01-14,baselinenowcast
2023-06-11,7,7,2,2,2,2,2,2,2,2,2,daily,2024-01-14,baselinenowcast
2023-06-12,15,15,10,10,10,10,10,10,10,10,10,daily,2024-01-14,baselinenowcast
2023-06-13,17,17,15,15,15,15,15,15,15,15,15,daily,2024-01-14,baselinenowcast
2023-06-14,9,9,3,3,3,3,3,3,3,3,3,daily,2024-01-14,baselinenowcast
2023-06-15,22,22,9,9,9,9,9,9,9,9,9,daily,2024-01-14,baselinenowcast
2023-06-16,17,17,17,17,17,17,17,17,17,17,17,daily,2024-01-14,baselinenowcast
2023-06-17,12,12,10,10,10,10,10,10,10,10,10,daily,2024-01-14,baselinenowcast
2023-06-18,5,5,1,1,1,1,1,1,1,1,1,daily,2024-01-14,baselinenowcast
2023-06-19,16,16,11,11,11,11,11,11,11,11,11,daily,2024-01-14,baselinenowcast
2023-06-20,17,17,10,10,10,10,10,10,10,10,10,daily,2024-01-14,baselinenowcast
2023-06-21,15,15,12,12,12,12,12,12,12,12,12,daily,2024-01-14,baselinenowcast
2023-06-22,18,18,17,17,17,17,17,17,17,17,17,daily,2024-01-14,baselinenowcast
2023-06-23,10,10,7,7,7,7,7,7,7,7,7,daily,2024-01-14,baselinenowcast
2023-06-24,8,8,6,6,6,6,6,6,6,6,6,daily,2024-01-14,baselinenowcast
2023-06-25,15,15,6,6,6,6,6,6,6,6,6,daily,2024-01-14,baselinenowcast
2023-06-26,2,2,2,2,2,2,2,2,2,2,2,daily,2024-01-14,baselinenowcast
2023-06-27,11,11,10,10,10,10,10,10,10,10,10,daily,2024-01-14,baselinenowcast
2023-06-28,15,15,12,12,12,12,12,12,12,12,12,daily,2024-01-14,baselinenowcast
2023-06-29,12,12,9,9,9,9,9,9,9,9,9,daily,2024-01-14,baselinenowcast
2023-06-30,7,7,6,6,6,6,6,6,6,6,6,daily,2024-01-14,baselinenowcast
2023-07-01,4,4,1,1,1,1,1,1,1,1,1,daily,2024-01-14,baselinenowcast
2023-07-02,8,8,2,2,2,2,2,2,2,2,2,daily,2024-01-14,baselinenowcast
2023-07-03,23,23,13,13,13,13,13,13,13,13,13,daily,2024-01-14,baselinenowcast
2023-07-04,13,13,10,10,10,10,10,10,10,10,10,daily,2024-01-14,baselinenowcast
2023-07-05,19,19,17,17,17,17,17,17,17,17,17,daily,2024-01-14,baselinenowcast
2023-07-06,14,14,8,8,8,8,8,8,8,8,8,daily,2024-01-14,baselinenowcast
2023-07-07,15,15,12,12,12,12,12,12,12,12,12,daily,2024-01-14,baselinenowcast
2023-07-08,5,5,2,2,2,2,2,2,2,2,2,daily,2024-01-14,baselinenowcast
2023-07-09,5,5,3,3,3,3,3,3,3,3,3,daily,2024-01-14,baselinenowcast
2023-07-10,13,13,10,10,10,10,10,10,10,10,10,daily,2024-01-14,baselinenowcast
2023-07-11,13,13,10,10,10,10,10,10,10,10,10,daily,2024-01-14,baselinenowcast
2023-07-12,13,13,10,10,10,10,10,10,10,10,10,daily,2024-01-14,baselinenowcast
2023-07-13,18,18,14,14,14,14,14,14,14,14,14,daily,2024-01-14,baselinenowcast
2023-07-14,10,10,9,9,9,9,9,9,9,9,9,daily,2024-01-14,baselinenowcast
2023-07-15,9,9,7,7,7,7,7,7,7,7,7,daily,2024-01-14,baselinenowcast
2023-07-16,19,19,6,6,6,6,6,6,6,6,6,daily,2024-01-14,baselinenowcast
2023-07-17,9,9,6,6,6,6,6,6,6,6,6,daily,2024-01-14,baselinenowcast
2023-07-18,22,22,16,16,16,16,16,16,16,16,16,daily,2024-01-14,baselinenowcast
2023-07-19,17,17,11,11,11,11,11,11,11,11,11,daily,2024-01-14,baselinenowcast
2023-07-20,27,27,19,19,19,19,19,19,19,19,19,daily,2024-01-14,baselinenowcast
2023-07-21,15,15,5,5,5,5,5,5,5,5,5,daily,2024-01-14,baselinenowcast
2023-07-22,6,6,3,3,3,3,3,3,3,3,3,daily,2024-01-14,baselinenowcast
2023-07-23,10,10,5,5,5,5,5,5,5,5,5,daily,2024-01-14,baselinenowcast
2023-07-24,15,15,14,14,14,14,14,14,14,14,14,daily,2024-01-14,baselinenowcast
2023-07-25,23,23,16,16,16,16,16,16,16,16,16,daily,2024-01-14,baselinenowcast
2023-07-26,15,15,10,10,10,10,10,10,10,10,10,daily,2024-01-14,baselinenowcast
2023-07-27,25,25,13,13,13,13,13,13,13,13,13,daily,2024-01-14,baselinenowcast
2023-07-28,9,9,8,8,8,8,8,8,8,8,8,daily,2024-01-14,baselinenowcast
2023-07-29,8,8,4,4,4,4,4,4,4,4,4,daily,2024-01-14,baselinenowcast
2023-07-30,6,6,3,3,3,3,3,3,3,3,3,daily,2024-01-14,baselinenowcast
2023-07-31,14,14,8,8,8,8,8,8,8,8,8,daily,2024-01-14,baselinenowcast
2023-08-01,9,9,3,3,3,3,3,3,3,3,3,daily,2024-01-14,baselinenowcast
2023-08-02,12,12,8,8,8,8,8,8,8,8,8,daily,2024-01-14,baselinenowcast
2023-08-03,21,21,15,15,15,15,15,15,15,15,15,daily,2024-01-14,baselinenowcast
2023-08-04,2,2,2,2,2,2,2,2,2,2,2,daily,2024-01-14,baselinenowcast
2023-08-05,10,10,7,7,7,7,7,7,7,7,7,daily,2024-01-14,baselinenowcast
2023-08-06,5,5,3,3,3,3,3,3,3,3,3,daily,2024-01-14,baselinenowcast
2023-08-07,15,15,7,7,7,7,7,7,7,7,7,daily,2024-01-14,baselinenowcast
2023-08-08,26,26,20,20,20,20,20,20,20,20,20,daily,2024-01-14,baselinenowcast
2023-08-09,15,15,13,13,13,13,13,13,13,13,13,daily,2024-01-14,baselinenowcast
2023-08-10,14,14,7,7,7,7,7,7,7,7,7,daily,2024-01-14,baselinenowcast
2023-08-11,16,16,13,13,13,13,13,13,13,13,13,daily,2024-01-14,baselinenowcast
2023-08-12,8,8,5,5,5,5,5,5,5,5,5,daily,2024-01-14,baselinenowcast
2023-08-13,4,4,2,2,2,2,2,2,2,2,2,daily,2024-01-14,baselinenowcast
2023-08-14,22,22,14,14,14,14,14,14,14,14,14,daily,2024-01-14,baselinenowcast
2023-08-15,16,16,13,13,13,13,13,13,13,13,13,daily,2024-01-14,baselinenowcast
2023-08-16,8,8,6,6,6,6,6,6,6,6,6,daily,2024-01-14,baselinenowcast
2023-08-17,18,18,16,16,16,16,16,16,16,16,16,daily,2024-01-14,baselinenowcast
2023-08-18,17,17,14,14,14,14,14,14,14,14,14,daily,2024-01-14,baselinenowcast
2023-08-19,11,11,5,5,5,5,5,5,5,5,5,daily,2024-01-14,baselinenowcast
2023-08-20,7,7,2,2,2,2,2,2,2,2,2,daily,2024-01-14,baselinenowcast
2023-08-21,17,17,16,16,16,16,16,16,16,16,16,daily,2024-01-14,baselinenowcast
2023-08-22,11,11,7,7,7,7,7,7,7,7,7,daily,2024-01-14,baselinenowcast
2023-08-23,18,18,5,5,5,5,5,5,5,5,5,daily,2024-01-14,baselinenowcast
2023-08-24,10,10,7,7,7,7,7,7,7,7,7,daily,2024-01-14,baselinenowcast
2023-08-25,12,12,10,10,10,10,10,10,10,10,10,daily,2024-01-14,baselinenowcast
2023-08-26,15,15,13,13,13,13,13,13,13,13,13,daily,2024-01-14,baselinenowcast
2023-08-27,6,6,3,3,3,3,3,3,3,3,3,daily,2024-01-14,baselinenowcast
2023-08-28,3,3,2,2,2,2,2,2,2,2,2,daily,2024-01-14,baselinenowcast
2023-08-29,10,10,7,7,7,7,7,7,7,7,7,daily,2024-01-14,baselinenowcast
2023-08-30,17,17,15,15,15,15,15,15,15,15,15,daily,2024-01-14,baselinenowcast
2023-08-31,12,12,4,4,4,4,4,4,4,4,4,daily,2024-01-14,baselinenowcast
2023-09-01,8,8,3,3,3,3,3,3,3,3,3,daily,2024-01-14,baselinenowcast
2023-09-02,10,10,6,6,6,6,6,6,6,6,6,daily,2024-01-14,baselinenowcast
2023-09-03,7,7,1,1,1,1,1,1,1,1,1,daily,2024-01-14,baselinenowcast
2023-09-04,16,16,9,9,9,9,9,9,9,9,9,daily,2024-01-14,baselinenowcast
2023-09-05,9,9,5,5,5,5,5,5,5,5,5,daily,2024-01-14,baselinenowcast
2023-09-06,11,11,8,8,8,8,8,8,8,8,8,daily,2024-01-14,baselinenowcast
2023-09-07,15,15,3,3,3,3,3,3,3,3,3,daily,2024-01-14,baselinenowcast
2023-09-08,13,13,7,7,7,7,7,7,7,7,7,daily,2024-01-14,baselinenowcast
2023-09-09,13,13,10,10,10,10,10,10,10,10,10,daily,2024-01-14,baselinenowcast
2023-09-10,5,5,5,5,5,5,5,5,5,5,5,daily,2024-01-14,baselinenowcast
2023-09-11,18,18,11,11,11,11,11,11,11,11,11,daily,2024-01-14,baselinenowcast
2023-09-12,14,14,8,8,8,8,8,8,8,8,8,daily,2024-01-14,baselinenowcast
2023-09-13,11,11,7,7,7,7,7,7,7,7,7,daily,2024-01-14,baselinenowcast
2023-09-14,9,9,4,4,4,4,4,4,4,4,4,daily,2024-01-14,baselinenowcast
2023-09-15,17,17,6,6,6,6,6,6,6,6,6,daily,2024-01-14,baselinenowcast
2023-09-16,10,10,7,7,7,7,7,7,7,7,7,daily,2024-01-14,baselinenowcast
2023-09-17,4,4,4,4,4,4,4,4,4,4,4,daily,2024-01-14,baselinenowcast
2023-09-18,8,8,4,4,4,4,4,4,4,4,4,daily,2024-01-14,baselinenowcast
2023-09-19,13,13,11,11,11,11,11,11,11,11,11,daily,2024-01-14,baselinenowcast
2023-09-20,19,19,16,16,16,16,16,16,16,16,16,daily,2024-01-14,baselinenowcast
2023-09-21,8,8,2,2,2,2,2,2,2,2,2,daily,2024-01-14,baselinenowcast
2023-09-22,12,12,3,3,3,3,3,3,3,3,3,daily,2024-01-14,baselinenowcast
2023-09-23,11,11,10,10,10,10,10,10,10,10,10,daily,2024-01-14,baselinenowcast
2023-09-24,4,4,0,0,0,0,0,0,0,0,0,daily,2024-01-14,baselinenowcast
2023-09-25,4,4,2,2,2,2,2,2,2,2,2,daily,2024-01-14,baselinenowcast
2023-09-26,9,9,7,7,7,7,7,7,7,7,7,daily,2024-01-14,baselinenowcast
2023-09-27,6,6,3,3,3,3,3,3,3,3,3,daily,2024-01-14,baselinenowcast
2023-09-28,15,15,9,9,9,9,9,9,9,9,9,daily,2024-01-14,baselinenowcast
2023-09-29,7,7,4,4,4,4,4,4,4,4,4,daily,2024-01-14,baselinenowcast
2023-09-30,6,6,3,3,3,3,3,3,3,3,3,daily,2024-01-14,baselinenowcast
2023-10-01,7,7,0,0,0,0,0,0,0,0,0,daily,2024-01-14,baselinenowcast
2023-10-02,4,4,2,2,2,2,2,2,2,2,2,daily,2024-01-14,baselinenowcast
2023-10-03,6,6,5,5,5,5,5,5,5,5,5,daily,2024-01-14,baselinenowcast
2023-10-04,3,3,0,0,0,0,0,0,0,0,0,daily,2024-01-14,baselinenowcast
2023-10-05,10,10,6,6,6,6,6,6,6,6,6,daily,2024-01-14,baselinenowcast
2023-10-06,12,12,3,3,3,3,3,3,3,3,3,daily,2024-01-14,baselinenowcast
2023-10-07,3,3,1,1,1,1,1,1,1,1,1,daily,2024-01-14,baselinenowcast
2023-10-08,19,19,8,8,8,8,8,8,8,8,8,daily,2024-01-14,baselinenowcast
2023-10-09,21,21,9,9,9,9,9,9,9,9,9,daily,2024-01-14,baselinenowcast
2023-10-10,8,8,4,4,4,4,4,4,4,4,4,daily,2024-01-14,baselinenowcast
2023-10-11,9,9,5,5,5,5,5,5,5,5,5,daily,2024-01-14,baselinenowcast
2023-10-12,15,15,8,8,8,8,8,8,8,8,8,daily,2024-01-14,baselinenowcast
2023-10-13,17,17,12,12,12,12,12,12,12,12,12,daily,2024-01-14,baselinenowcast
2023-10-14,5,5,3,3,3,3,3,3,3,3,3,daily,2024-01-14,baselinenowcast
2023-10-15,14,14,8,8,8,8,8,8,8,8,8,daily,2024-01-14,baselinenowcast
2023-10-16,14,14,10,10,10,10,10,10,10,10,10,daily,2024-01-14,baselinenowcast
2023-10-17,17,17,15,15,15,15,15,15,15,15,15,daily,2024-01-14,baselinenowcast
2023-10-18,17,17,10,10,10,10,10,10,10,10,10,daily,2024-01-14,baselinenowcast
2023-10-19,16,16,7,7,7,7,7,7,7,7,7,daily,2024-01-14,baselinenowcast
2023-10-20,18,18,7,7,7,7,7,7,7,7,7,daily,2024-01-14,baselinenowcast
2023-10-21,14,14,4,4,4,4,4,4,4,4,4,daily,2024-01-14,baselinenowcast
2023-10-22,7,7,1,1,1,1,1,1,1,1,1,daily,2024-01-14,baselinenowcast
2023-10-23,12,12,10,10,10,10,10,10,10,10,10,daily,2024-01-14,baselinenowcast
2023-10-24,15,15,12,12,12,12,12,12,12,12,12,daily,2024-01-14,baselinenowcast
2023-10-25,17,17,10,10,10,10,10,10,10,10,10,daily,2024-01-14,baselinenowcast
2023-10-26,16,16,11,11,11,11,11,11,11,11,11,daily,2024-01-14,baselinenowcast
2023-10-27,10,10,7,7,7,7,7,7,7,7,7,daily,2024-01-14,baselinenowcast
2023-10-28,9,9,4,4,4,4,4,4,4,4,4,daily,2024-01-14,baselinenowcast
2023-10-29,7,7,1,1,1,1,1,1,1,1,1,daily,2024-01-14,baselinenowcast
2023-10-30,16,16,10,10,10,10,10,10,10,10,10,daily,2024-01-14,baselinenowcast
2023-10-31,8,8,6,6,6,6,6,6,6,6,6,daily,2024-01-14,baselinenowcast
2023-11-01,12,12,7,7,7,7,7,7,7,7,7,daily,2024-01-14,baselinenowcast
2023-11-02,27,27,13,13,13,13,13,13,13,13,13,daily,2024-01-14,baselinenowcast
2023-11-03,18,18,12,12,12,12,12,12,12,12,12,daily,2024-01-14,baselinenowcast
2023-11-04,13,13,1,1,1,1,1,1,1,1,1,daily,2024-01-14,baselinenowcast
2023-11-05,9,9,6,6,6,6,6,6,6,6,6,daily,2024-01-14,baselinenowcast
2023-11-06,23,23,13,13,13,13,13,13,13,13,13,daily,2024-01-14,baselinenowcast
2023-11-07,13,13,11,11,11,11,11,11,11,11,11,daily,2024-01-14,baselinenowcast
2023-11-08,7,7,5,5,5,5,5,5,5,5,5,daily,2024-01-14,baselinenowcast
2023-11-09,20,20,11,11,11,11,11,11,11,11,11,daily,2024-01-14,baselinenowcast
2023-11-10,19,19,16,16,16,16,16,16,16,16,16,daily,2024-01-14,baselinenowcast
2023-11-11,12,12,10,10,10,10,10,10,10,10,10,daily,2024-01-14,baselinenowcast
2023-11-12,14,14,8,8,8,8,8,8,8,8,8,daily,2024-01-14,baselinenowcast
2023-11-13,21,21,18,18,18,18,18,18,18,18,18,daily,2024-01-14,baselinenowcast
2023-11-14,14,14,11,11,11,11,11,11,11,11,11,daily,2024-01-14,baselinenowcast
2023-11-15,15,15,12,12,12,12,12,12,12,12,12,daily,2024-01-14,baselinenowcast
2023-11-16,21,21,15,15,15,15,15,15,15,15,15,daily,2024-01-14,baselinenowcast
2023-11-17,15,15,14,14,14,14,14,14,14,14,14,daily,2024-01-14,baselinenowcast
2023-11-18,14,14,8,8,8,8,8,8,8,8,8,daily,2024-01-14,baselinenowcast
2023-11-19,17,17,13,13,13,13,13,13,13,13,13,daily,2024-01-14,baselinenowcast
2023-11-20,29,29,25,25,25,25,25,25,25,25,25,daily,2024-01-14,baselinenowcast
2023-11-21,20,20,18,18,18,18,18,18,18,18,18,daily,2024-01-14,baselinenowcast
2023-11-22,19,19,17,17,17,17,17,17,17,17,17,daily,2024-01-14,baselinenowcast
2023-11-23,10,10,9,9,9,9,9,9,9,9,9,daily,2024-01-14,baselinenowcast
2023-11-24,17,17,10,10,10,10,10,10,10,10,10,daily,2024-01-14,baselinenowcast
2023-11-25,7,7,5,5,5,5,5,5,5,5,5,daily,2024-01-14,baselinenowcast
2023-11-26,9,10,8,8,8,8,8,8,8,8,8,daily,2024-01-14,baselinenowcast
2023-11-27,27,27,24,24,24,24,24,24,24,24,24,daily,2024-01-14,baselinenowcast
2023-11-28,25,25,23,23,23,23,23,23,23,23,23,daily,2024-01-14,baselinenowcast
2023-11-29,17,17,15,15,15,15,15,15,15,15,15,daily,2024-01-14,baselinenowcast
2023-11-30,20,20,16,16,16,16,16,16,16,16,16,daily,2024-01-14,baselinenowcast
2023-12-01,20,20,14,14,14,14,14,14,14,14,14,daily,2024-01-14,baselinenowcast
2023-12-02,21,22,17,17,17,17,17,17,17,17,17,daily,2024-01-14,baselinenowcast
2023-12-03,23,23,16,16,16,16,16,16,16,16,16,daily,2024-01-14,baselinenowcast
2023-12-04,39,39,35,35,35,35,35,35,35,35,35,daily,2024-01-14,baselinenowcast
2023-12-05,47,47,46,46,46,46,46,46,46,46,46,daily,2024-01-14,baselinenowcast
2023-12-06,44,44,41,41,41,41,41,41,41,41,41,daily,2024-01-14,baselinenowcast
2023-12-07,50,50,44,44,44,44,44,44,44,44,44,daily,2024-01-14,baselinenowcast
2023-12-08,35,37,30,30,30,30,30,30,30,30,30,daily,2024-01-14,baselinenowcast
2023-12-09,28,30,24,24,24,24,24,24,24,24,24,daily,2024-01-14,baselinenowcast
2023-12-10,21,23,18,18,18,18,18,18,18,18,18,daily,2024-01-14,baselinenowcast
2023-12-11,51,52,46,46,46,46,46,46,46,46,46,daily,2024-01-14,baselinenowcast
2023-12-12,30,31,29,29,29,29,29,29,29,29,29,daily,2024-01-14,baselinenowcast
2023-12-13,34,36,33,33,33,33,33,33,33,33,33,daily,2024-01-14,baselinenowcast
2023-12-14,33,34,30,30,30,30,30,30,30,30,30,daily,2024-01-14,baselinenowcast
2023-12-15,41,41,40,40,40,40,40,40,40,40,40,daily,2024-01-14,baselinenowcast
2023-12-16,27,29,26,26,26,26,26,26,26,26,26,daily,2024-01-14,baselinenowcast
2023-12-17,26,26,26,26,26,26,26,26,26,26,26,daily,2024-01-14,baselinenowcast
2023-12-18,51,56,50,50,50,50,50,50,50,50,50,daily,2024-01-14,baselinenowcast
2023-12-19,30,33,27,27,27,27,27,27,27,27,27,daily,2024-01-14,baselinenowcast
2023-12-20,43,47,43,43,43,43,43,43,43,43,43,daily,2024-01-14,baselinenowcast
2023-12-21,31,36,31,31,31,31,31,31,31,31,31,daily,2024-01-14,baselinenowcast
2023-12-22,32,37,29,29,29,29,29,29,29,29,29,daily,2024-01-14,baselinenowcast
2023-12-23,21,24,20,20,20,20,20,20,20,20,20,daily,2024-01-14,baselinenowcast
2023-12-24,22,27,22,22,22,22,22,22,22,22,22,daily,2024-01-14,baselinenowcast
2023-12-25,14,18,14,14,14,14,14,14,14,14,14,daily,2024-01-14,baselinenowcast
2023-12-26,20,25,19,19,19,19,19,19,19,19,19,daily,2024-01-14,baselinenowcast
2023-12-27,25,27,25,25,25,25,25,25,25,25,25,daily,2024-01-14,baselinenowcast
2023-12-28,31,34,31,31,31,31,31,31,31,31,31,daily,2024-01-14,baselinenowcast
2023-12-29,62,65,62,62,62,62,62,62,62,62,62,daily,2024-01-14,baselinenowcast
2023-12-30,11,18,11,11,11,11,11,11,11,11,11,daily,2024-01-14,baselinenowcast
2023-12-31,23,29,23,23,23,23,23,23,23,23,23,daily,2024-01-14,baselinenowcast
2024-01-01,19,20,19,19,19,19,20,19,19,19,19,daily,2024-01-14,baselinenowcast
2024-01-02,35,40,35,35,36,35,36,35,35,35,35,daily,2024-01-14,baselinenowcast
2024-01-03,49,58,49,49,51,49,53,49,49,49,49,daily,2024-01-14,baselinenowcast
2024-01-04,39,45,39,39,41,39,42,39,39,39,40,daily,2024-01-14,baselinenowcast
2024-01-05,20,21,20,20,22,20,22,20,21,20,21,daily,2024-01-14,baselinenowcast
2024-01-06,31,34,31,31,33.049999999999955,31,34,31,32,31,32,daily,2024-01-14,baselinenowcast
2024-01-07,22,28,22,22,24,22,25,22,23,22,23,daily,2024-01-14,baselinenowcast
2024-01-08,29,34,29,29,33,29,34,29,31,29,31,daily,2024-01-14,baselinenowcast
2024-01-09,16,23,17,16,22,16,23,16,18,16,19,daily,2024-01-14,baselinenowcast
2024-01-10,22,31,24,22,31,22,32,23,26,22,27,daily,2024-01-14,baselinenowcast
2024-01-11,16,39,19,16,28,16,30,17,21,16,23,daily,2024-01-14,baselinenowcast
2024-01-12,7,45,9,7,16,7,17,8,11,8,12,daily,2024-01-14,baselinenowcast
2024-01-13,0,32,0,0,2,0,3,0,1,0,1,daily,2024-01-14,baselinenowcast
2024-01-14,0,17,5,0,24,0,28.024999999999977,2,11,1,14,daily,2024-01-14,baselinenowcast
2023-04-01,24,24,21,21,21,21,21,21,21,21,21,daily,2024-01-21,baselinenowcast
2023-04-02,23,23,18,18,18,18,18,18,18,18,18,daily,2024-01-21,baselinenowcast
2023-04-03,27,27,22,22,22,22,22,22,22,22,22,daily,2024-01-21,baselinenowcast
2023-04-04,44,44,35,35,35,35,35,35,35,35,35,daily,2024-01-21,baselinenowcast
2023-04-05,38,38,31,31,31,31,31,31,31,31,31,daily,2024-01-21,baselinenowcast
2023-04-06,33,33,28,28,28,28,28,28,28,28,28,daily,2024-01-21,baselinenowcast
2023-04-07,14,14,12,12,12,12,12,12,12,12,12,daily,2024-01-21,baselinenowcast
2023-04-08,26,26,20,20,20,20,20,20,20,20,20,daily,2024-01-21,baselinenowcast
2023-04-09,31,31,25,25,25,25,25,25,25,25,25,daily,2024-01-21,baselinenowcast
2023-04-10,17,17,12,12,12,12,12,12,12,12,12,daily,2024-01-21,baselinenowcast
2023-04-11,44,44,41,41,41,41,41,41,41,41,41,daily,2024-01-21,baselinenowcast
2023-04-12,32,32,27,27,27,27,27,27,27,27,27,daily,2024-01-21,baselinenowcast
2023-04-13,31,31,27,27,27,27,27,27,27,27,27,daily,2024-01-21,baselinenowcast
2023-04-14,27,27,20,20,20,20,20,20,20,20,20,daily,2024-01-21,baselinenowcast
2023-04-15,32,32,26,26,26,26,26,26,26,26,26,daily,2024-01-21,baselinenowcast
2023-04-16,17,17,12,12,12,12,12,12,12,12,12,daily,2024-01-21,baselinenowcast
2023-04-17,31,31,28,28,28,28,28,28,28,28,28,daily,2024-01-21,baselinenowcast
2023-04-18,23,23,17,17,17,17,17,17,17,17,17,daily,2024-01-21,baselinenowcast
2023-04-19,24,24,20,20,20,20,20,20,20,20,20,daily,2024-01-21,baselinenowcast
2023-04-20,16,16,12,12,12,12,12,12,12,12,12,daily,2024-01-21,baselinenowcast
2023-04-21,25,25,19,19,19,19,19,19,19,19,19,daily,2024-01-21,baselinenowcast
2023-04-22,8,8,8,8,8,8,8,8,8,8,8,daily,2024-01-21,baselinenowcast
2023-04-23,8,8,6,6,6,6,6,6,6,6,6,daily,2024-01-21,baselinenowcast
2023-04-24,14,14,14,14,14,14,14,14,14,14,14,daily,2024-01-21,baselinenowcast
2023-04-25,24,24,19,19,19,19,19,19,19,19,19,daily,2024-01-21,baselinenowcast
2023-04-26,26,26,23,23,23,23,23,23,23,23,23,daily,2024-01-21,baselinenowcast
2023-04-27,34,34,32,32,32,32,32,32,32,32,32,daily,2024-01-21,baselinenowcast
2023-04-28,20,20,12,12,12,12,12,12,12,12,12,daily,2024-01-21,baselinenowcast
2023-04-29,15,15,14,14,14,14,14,14,14,14,14,daily,2024-01-21,baselinenowcast
2023-04-30,20,20,15,15,15,15,15,15,15,15,15,daily,2024-01-21,baselinenowcast
2023-05-01,14,14,10,10,10,10,10,10,10,10,10,daily,2024-01-21,baselinenowcast
2023-05-02,25,25,14,14,14,14,14,14,14,14,14,daily,2024-01-21,baselinenowcast
2023-05-03,27,27,19,19,19,19,19,19,19,19,19,daily,2024-01-21,baselinenowcast
2023-05-04,42,42,29,29,29,29,29,29,29,29,29,daily,2024-01-21,baselinenowcast
2023-05-05,23,23,19,19,19,19,19,19,19,19,19,daily,2024-01-21,baselinenowcast
2023-05-06,13,13,11,11,11,11,11,11,11,11,11,daily,2024-01-21,baselinenowcast
2023-05-07,20,20,14,14,14,14,14,14,14,14,14,daily,2024-01-21,baselinenowcast
2023-05-08,16,16,13,13,13,13,13,13,13,13,13,daily,2024-01-21,baselinenowcast
2023-05-09,15,15,11,11,11,11,11,11,11,11,11,daily,2024-01-21,baselinenowcast
2023-05-10,26,26,21,21,21,21,21,21,21,21,21,daily,2024-01-21,baselinenowcast
2023-05-11,19,19,15,15,15,15,15,15,15,15,15,daily,2024-01-21,baselinenowcast
2023-05-12,21,21,15,15,15,15,15,15,15,15,15,daily,2024-01-21,baselinenowcast
2023-05-13,13,13,13,13,13,13,13,13,13,13,13,daily,2024-01-21,baselinenowcast
2023-05-14,24,24,10,10,10,10,10,10,10,10,10,daily,2024-01-21,baselinenowcast
2023-05-15,21,21,12,12,12,12,12,12,12,12,12,daily,2024-01-21,baselinenowcast
2023-05-16,23,23,19,19,19,19,19,19,19,19,19,daily,2024-01-21,baselinenowcast
2023-05-17,20,20,14,14,14,14,14,14,14,14,14,daily,2024-01-21,baselinenowcast
2023-05-18,23,23,12,12,12,12,12,12,12,12,12,daily,2024-01-21,baselinenowcast
2023-05-19,14,14,7,7,7,7,7,7,7,7,7,daily,2024-01-21,baselinenowcast
2023-05-20,12,12,7,7,7,7,7,7,7,7,7,daily,2024-01-21,baselinenowcast
2023-05-21,23,23,15,15,15,15,15,15,15,15,15,daily,2024-01-21,baselinenowcast
2023-05-22,18,18,12,12,12,12,12,12,12,12,12,daily,2024-01-21,baselinenowcast
2023-05-23,17,17,15,15,15,15,15,15,15,15,15,daily,2024-01-21,baselinenowcast
2023-05-24,22,22,12,12,12,12,12,12,12,12,12,daily,2024-01-21,baselinenowcast
2023-05-25,19,19,15,15,15,15,15,15,15,15,15,daily,2024-01-21,baselinenowcast
2023-05-26,20,20,16,16,16,16,16,16,16,16,16,daily,2024-01-21,baselinenowcast
2023-05-27,11,11,2,2,2,2,2,2,2,2,2,daily,2024-01-21,baselinenowcast
2023-05-28,6,6,6,6,6,6,6,6,6,6,6,daily,2024-01-21,baselinenowcast
2023-05-29,9,9,2,2,2,2,2,2,2,2,2,daily,2024-01-21,baselinenowcast
2023-05-30,26,26,21,21,21,21,21,21,21,21,21,daily,2024-01-21,baselinenowcast
2023-05-31,22,22,15,15,15,15,15,15,15,15,15,daily,2024-01-21,baselinenowcast
2023-06-01,18,18,8,8,8,8,8,8,8,8,8,daily,2024-01-21,baselinenowcast
2023-06-02,17,17,10,10,10,10,10,10,10,10,10,daily,2024-01-21,baselinenowcast
2023-06-03,10,10,6,6,6,6,6,6,6,6,6,daily,2024-01-21,baselinenowcast
2023-06-04,15,15,8,8,8,8,8,8,8,8,8,daily,2024-01-21,baselinenowcast
2023-06-05,22,22,17,17,17,17,17,17,17,17,17,daily,2024-01-21,baselinenowcast
2023-06-06,29,29,21,21,21,21,21,21,21,21,21,daily,2024-01-21,baselinenowcast
2023-06-07,27,27,22,22,22,22,22,22,22,22,22,daily,2024-01-21,baselinenowcast
2023-06-08,21,21,11,11,11,11,11,11,11,11,11,daily,2024-01-21,baselinenowcast
2023-06-09,7,7,2,2,2,2,2,2,2,2,2,daily,2024-01-21,baselinenowcast
2023-06-10,12,12,11,11,11,11,11,11,11,11,11,daily,2024-01-21,baselinenowcast
2023-06-11,7,7,2,2,2,2,2,2,2,2,2,daily,2024-01-21,baselinenowcast
2023-06-12,15,15,10,10,10,10,10,10,10,10,10,daily,2024-01-21,baselinenowcast
2023-06-13,17,17,15,15,15,15,15,15,15,15,15,daily,2024-01-21,baselinenowcast
2023-06-14,9,9,3,3,3,3,3,3,3,3,3,daily,2024-01-21,baselinenowcast
2023-06-15,22,22,9,9,9,9,9,9,9,9,9,daily,2024-01-21,baselinenowcast
2023-06-16,17,17,17,17,17,17,17,17,17,17,17,daily,2024-01-21,baselinenowcast
2023-06-17,12,12,10,10,10,10,10,10,10,10,10,daily,2024-01-21,baselinenowcast
2023-06-18,5,5,1,1,1,1,1,1,1,1,1,daily,2024-01-21,baselinenowcast
2023-06-19,16,16,11,11,11,11,11,11,11,11,11,daily,2024-01-21,baselinenowcast
2023-06-20,17,17,10,10,10,10,10,10,10,10,10,daily,2024-01-21,baselinenowcast
2023-06-21,15,15,12,12,12,12,12,12,12,12,12,daily,2024-01-21,baselinenowcast
2023-06-22,18,18,17,17,17,17,17,17,17,17,17,daily,2024-01-21,baselinenowcast
2023-06-23,10,10,7,7,7,7,7,7,7,7,7,daily,2024-01-21,baselinenowcast
2023-06-24,8,8,6,6,6,6,6,6,6,6,6,daily,2024-01-21,baselinenowcast
2023-06-25,15,15,6,6,6,6,6,6,6,6,6,daily,2024-01-21,baselinenowcast
2023-06-26,2,2,2,2,2,2,2,2,2,2,2,daily,2024-01-21,baselinenowcast
2023-06-27,11,11,10,10,10,10,10,10,10,10,10,daily,2024-01-21,baselinenowcast
2023-06-28,15,15,12,12,12,12,12,12,12,12,12,daily,2024-01-21,baselinenowcast
2023-06-29,12,12,9,9,9,9,9,9,9,9,9,daily,2024-01-21,baselinenowcast
2023-06-30,7,7,6,6,6,6,6,6,6,6,6,daily,2024-01-21,baselinenowcast
2023-07-01,4,4,1,1,1,1,1,1,1,1,1,daily,2024-01-21,baselinenowcast
2023-07-02,8,8,2,2,2,2,2,2,2,2,2,daily,2024-01-21,baselinenowcast
2023-07-03,23,23,13,13,13,13,13,13,13,13,13,daily,2024-01-21,baselinenowcast
2023-07-04,13,13,10,10,10,10,10,10,10,10,10,daily,2024-01-21,baselinenowcast
2023-07-05,19,19,17,17,17,17,17,17,17,17,17,daily,2024-01-21,baselinenowcast
2023-07-06,14,14,8,8,8,8,8,8,8,8,8,daily,2024-01-21,baselinenowcast
2023-07-07,15,15,12,12,12,12,12,12,12,12,12,daily,2024-01-21,baselinenowcast
2023-07-08,5,5,2,2,2,2,2,2,2,2,2,daily,2024-01-21,baselinenowcast
2023-07-09,5,5,3,3,3,3,3,3,3,3,3,daily,2024-01-21,baselinenowcast
2023-07-10,13,13,10,10,10,10,10,10,10,10,10,daily,2024-01-21,baselinenowcast
2023-07-11,13,13,10,10,10,10,10,10,10,10,10,daily,2024-01-21,baselinenowcast
2023-07-12,13,13,10,10,10,10,10,10,10,10,10,daily,2024-01-21,baselinenowcast
2023-07-13,18,18,14,14,14,14,14,14,14,14,14,daily,2024-01-21,baselinenowcast
2023-07-14,10,10,9,9,9,9,9,9,9,9,9,daily,2024-01-21,baselinenowcast
2023-07-15,9,9,7,7,7,7,7,7,7,7,7,daily,2024-01-21,baselinenowcast
2023-07-16,19,19,6,6,6,6,6,6,6,6,6,daily,2024-01-21,baselinenowcast
2023-07-17,9,9,6,6,6,6,6,6,6,6,6,daily,2024-01-21,baselinenowcast
2023-07-18,22,22,16,16,16,16,16,16,16,16,16,daily,2024-01-21,baselinenowcast
2023-07-19,17,17,11,11,11,11,11,11,11,11,11,daily,2024-01-21,baselinenowcast
2023-07-20,27,27,19,19,19,19,19,19,19,19,19,daily,2024-01-21,baselinenowcast
2023-07-21,15,15,5,5,5,5,5,5,5,5,5,daily,2024-01-21,baselinenowcast
2023-07-22,6,6,3,3,3,3,3,3,3,3,3,daily,2024-01-21,baselinenowcast
2023-07-23,10,10,5,5,5,5,5,5,5,5,5,daily,2024-01-21,baselinenowcast
2023-07-24,15,15,14,14,14,14,14,14,14,14,14,daily,2024-01-21,baselinenowcast
2023-07-25,23,23,16,16,16,16,16,16,16,16,16,daily,2024-01-21,baselinenowcast
2023-07-26,15,15,10,10,10,10,10,10,10,10,10,daily,2024-01-21,baselinenowcast
2023-07-27,25,25,13,13,13,13,13,13,13,13,13,daily,2024-01-21,baselinenowcast
2023-07-28,9,9,8,8,8,8,8,8,8,8,8,daily,2024-01-21,baselinenowcast
2023-07-29,8,8,4,4,4,4,4,4,4,4,4,daily,2024-01-21,baselinenowcast
2023-07-30,6,6,3,3,3,3,3,3,3,3,3,daily,2024-01-21,baselinenowcast
2023-07-31,14,14,8,8,8,8,8,8,8,8,8,daily,2024-01-21,baselinenowcast
2023-08-01,9,9,3,3,3,3,3,3,3,3,3,daily,2024-01-21,baselinenowcast
2023-08-02,12,12,8,8,8,8,8,8,8,8,8,daily,2024-01-21,baselinenowcast
2023-08-03,21,21,15,15,15,15,15,15,15,15,15,daily,2024-01-21,baselinenowcast
2023-08-04,2,2,2,2,2,2,2,2,2,2,2,daily,2024-01-21,baselinenowcast
2023-08-05,10,10,7,7,7,7,7,7,7,7,7,daily,2024-01-21,baselinenowcast
2023-08-06,5,5,3,3,3,3,3,3,3,3,3,daily,2024-01-21,baselinenowcast
2023-08-07,15,15,7,7,7,7,7,7,7,7,7,daily,2024-01-21,baselinenowcast
2023-08-08,26,26,20,20,20,20,20,20,20,20,20,daily,2024-01-21,baselinenowcast
2023-08-09,15,15,13,13,13,13,13,13,13,13,13,daily,2024-01-21,baselinenowcast
2023-08-10,14,14,7,7,7,7,7,7,7,7,7,daily,2024-01-21,baselinenowcast
2023-08-11,16,16,13,13,13,13,13,13,13,13,13,daily,2024-01-21,baselinenowcast
2023-08-12,8,8,5,5,5,5,5,5,5,5,5,daily,2024-01-21,baselinenowcast
2023-08-13,4,4,2,2,2,2,2,2,2,2,2,daily,2024-01-21,baselinenowcast
2023-08-14,22,22,14,14,14,14,14,14,14,14,14,daily,2024-01-21,baselinenowcast
2023-08-15,16,16,13,13,13,13,13,13,13,13,13,daily,2024-01-21,baselinenowcast
2023-08-16,8,8,6,6,6,6,6,6,6,6,6,daily,2024-01-21,baselinenowcast
2023-08-17,18,18,16,16,16,16,16,16,16,16,16,daily,2024-01-21,baselinenowcast
2023-08-18,17,17,14,14,14,14,14,14,14,14,14,daily,2024-01-21,baselinenowcast
2023-08-19,11,11,5,5,5,5,5,5,5,5,5,daily,2024-01-21,baselinenowcast
2023-08-20,7,7,2,2,2,2,2,2,2,2,2,daily,2024-01-21,baselinenowcast
2023-08-21,17,17,16,16,16,16,16,16,16,16,16,daily,2024-01-21,baselinenowcast
2023-08-22,11,11,7,7,7,7,7,7,7,7,7,daily,2024-01-21,baselinenowcast
2023-08-23,18,18,5,5,5,5,5,5,5,5,5,daily,2024-01-21,baselinenowcast
2023-08-24,10,10,7,7,7,7,7,7,7,7,7,daily,2024-01-21,baselinenowcast
2023-08-25,12,12,10,10,10,10,10,10,10,10,10,daily,2024-01-21,baselinenowcast
2023-08-26,15,15,13,13,13,13,13,13,13,13,13,daily,2024-01-21,baselinenowcast
2023-08-27,6,6,3,3,3,3,3,3,3,3,3,daily,2024-01-21,baselinenowcast
2023-08-28,3,3,2,2,2,2,2,2,2,2,2,daily,2024-01-21,baselinenowcast
2023-08-29,10,10,7,7,7,7,7,7,7,7,7,daily,2024-01-21,baselinenowcast
2023-08-30,17,17,15,15,15,15,15,15,15,15,15,daily,2024-01-21,baselinenowcast
2023-08-31,12,12,4,4,4,4,4,4,4,4,4,daily,2024-01-21,baselinenowcast
2023-09-01,8,8,3,3,3,3,3,3,3,3,3,daily,2024-01-21,baselinenowcast
2023-09-02,10,10,6,6,6,6,6,6,6,6,6,daily,2024-01-21,baselinenowcast
2023-09-03,7,7,1,1,1,1,1,1,1,1,1,daily,2024-01-21,baselinenowcast
2023-09-04,16,16,9,9,9,9,9,9,9,9,9,daily,2024-01-21,baselinenowcast
2023-09-05,9,9,5,5,5,5,5,5,5,5,5,daily,2024-01-21,baselinenowcast
2023-09-06,11,11,8,8,8,8,8,8,8,8,8,daily,2024-01-21,baselinenowcast
2023-09-07,15,15,3,3,3,3,3,3,3,3,3,daily,2024-01-21,baselinenowcast
2023-09-08,13,13,7,7,7,7,7,7,7,7,7,daily,2024-01-21,baselinenowcast
2023-09-09,13,13,10,10,10,10,10,10,10,10,10,daily,2024-01-21,baselinenowcast
2023-09-10,5,5,5,5,5,5,5,5,5,5,5,daily,2024-01-21,baselinenowcast
2023-09-11,18,18,11,11,11,11,11,11,11,11,11,daily,2024-01-21,baselinenowcast
2023-09-12,14,14,8,8,8,8,8,8,8,8,8,daily,2024-01-21,baselinenowcast
2023-09-13,11,11,7,7,7,7,7,7,7,7,7,daily,2024-01-21,baselinenowcast
2023-09-14,9,9,4,4,4,4,4,4,4,4,4,daily,2024-01-21,baselinenowcast
2023-09-15,17,17,6,6,6,6,6,6,6,6,6,daily,2024-01-21,baselinenowcast
2023-09-16,10,10,7,7,7,7,7,7,7,7,7,daily,2024-01-21,baselinenowcast
2023-09-17,4,4,4,4,4,4,4,4,4,4,4,daily,2024-01-21,baselinenowcast
2023-09-18,8,8,4,4,4,4,4,4,4,4,4,daily,2024-01-21,baselinenowcast
2023-09-19,13,13,11,11,11,11,11,11,11,11,11,daily,2024-01-21,baselinenowcast
2023-09-20,19,19,16,16,16,16,16,16,16,16,16,daily,2024-01-21,baselinenowcast
2023-09-21,8,8,2,2,2,2,2,2,2,2,2,daily,2024-01-21,baselinenowcast
2023-09-22,12,12,3,3,3,3,3,3,3,3,3,daily,2024-01-21,baselinenowcast
2023-09-23,11,11,10,10,10,10,10,10,10,10,10,daily,2024-01-21,baselinenowcast
2023-09-24,4,4,0,0,0,0,0,0,0,0,0,daily,2024-01-21,baselinenowcast
2023-09-25,4,4,2,2,2,2,2,2,2,2,2,daily,2024-01-21,baselinenowcast
2023-09-26,9,9,7,7,7,7,7,7,7,7,7,daily,2024-01-21,baselinenowcast
2023-09-27,6,6,3,3,3,3,3,3,3,3,3,daily,2024-01-21,baselinenowcast
2023-09-28,15,15,9,9,9,9,9,9,9,9,9,daily,2024-01-21,baselinenowcast
2023-09-29,7,7,4,4,4,4,4,4,4,4,4,daily,2024-01-21,baselinenowcast
2023-09-30,6,6,3,3,3,3,3,3,3,3,3,daily,2024-01-21,baselinenowcast
2023-10-01,7,7,0,0,0,0,0,0,0,0,0,daily,2024-01-21,baselinenowcast
2023-10-02,4,4,2,2,2,2,2,2,2,2,2,daily,2024-01-21,baselinenowcast
2023-10-03,6,6,5,5,5,5,5,5,5,5,5,daily,2024-01-21,baselinenowcast
2023-10-04,3,3,0,0,0,0,0,0,0,0,0,daily,2024-01-21,baselinenowcast
2023-10-05,10,10,6,6,6,6,6,6,6,6,6,daily,2024-01-21,baselinenowcast
2023-10-06,12,12,3,3,3,3,3,3,3,3,3,daily,2024-01-21,baselinenowcast
2023-10-07,3,3,1,1,1,1,1,1,1,1,1,daily,2024-01-21,baselinenowcast
2023-10-08,19,19,8,8,8,8,8,8,8,8,8,daily,2024-01-21,baselinenowcast
2023-10-09,21,21,9,9,9,9,9,9,9,9,9,daily,2024-01-21,baselinenowcast
2023-10-10,8,8,4,4,4,4,4,4,4,4,4,daily,2024-01-21,baselinenowcast
2023-10-11,9,9,5,5,5,5,5,5,5,5,5,daily,2024-01-21,baselinenowcast
2023-10-12,15,15,8,8,8,8,8,8,8,8,8,daily,2024-01-21,baselinenowcast
2023-10-13,17,17,12,12,12,12,12,12,12,12,12,daily,2024-01-21,baselinenowcast
2023-10-14,5,5,3,3,3,3,3,3,3,3,3,daily,2024-01-21,baselinenowcast
2023-10-15,14,14,8,8,8,8,8,8,8,8,8,daily,2024-01-21,baselinenowcast
2023-10-16,14,14,10,10,10,10,10,10,10,10,10,daily,2024-01-21,baselinenowcast
2023-10-17,17,17,15,15,15,15,15,15,15,15,15,daily,2024-01-21,baselinenowcast
2023-10-18,17,17,10,10,10,10,10,10,10,10,10,daily,2024-01-21,baselinenowcast
2023-10-19,16,16,7,7,7,7,7,7,7,7,7,daily,2024-01-21,baselinenowcast
2023-10-20,18,18,7,7,7,7,7,7,7,7,7,daily,2024-01-21,baselinenowcast
2023-10-21,14,14,4,4,4,4,4,4,4,4,4,daily,2024-01-21,baselinenowcast
2023-10-22,7,7,1,1,1,1,1,1,1,1,1,daily,2024-01-21,baselinenowcast
2023-10-23,12,12,10,10,10,10,10,10,10,10,10,daily,2024-01-21,baselinenowcast
2023-10-24,15,15,12,12,12,12,12,12,12,12,12,daily,2024-01-21,baselinenowcast
2023-10-25,17,17,10,10,10,10,10,10,10,10,10,daily,2024-01-21,baselinenowcast
2023-10-26,16,16,11,11,11,11,11,11,11,11,11,daily,2024-01-21,baselinenowcast
2023-10-27,10,10,7,7,7,7,7,7,7,7,7,daily,2024-01-21,baselinenowcast
2023-10-28,9,9,4,4,4,4,4,4,4,4,4,daily,2024-01-21,baselinenowcast
2023-10-29,7,7,1,1,1,1,1,1,1,1,1,daily,2024-01-21,baselinenowcast
2023-10-30,16,16,10,10,10,10,10,10,10,10,10,daily,2024-01-21,baselinenowcast
2023-10-31,8,8,6,6,6,6,6,6,6,6,6,daily,2024-01-21,baselinenowcast
2023-11-01,12,12,7,7,7,7,7,7,7,7,7,daily,2024-01-21,baselinenowcast
2023-11-02,27,27,13,13,13,13,13,13,13,13,13,daily,2024-01-21,baselinenowcast
2023-11-03,18,18,12,12,12,12,12,12,12,12,12,daily,2024-01-21,baselinenowcast
2023-11-04,13,13,1,1,1,1,1,1,1,1,1,daily,2024-01-21,baselinenowcast
2023-11-05,9,9,6,6,6,6,6,6,6,6,6,daily,2024-01-21,baselinenowcast
2023-11-06,23,23,13,13,13,13,13,13,13,13,13,daily,2024-01-21,baselinenowcast
2023-11-07,13,13,11,11,11,11,11,11,11,11,11,daily,2024-01-21,baselinenowcast
2023-11-08,7,7,5,5,5,5,5,5,5,5,5,daily,2024-01-21,baselinenowcast
2023-11-09,20,20,11,11,11,11,11,11,11,11,11,daily,2024-01-21,baselinenowcast
2023-11-10,19,19,16,16,16,16,16,16,16,16,16,daily,2024-01-21,baselinenowcast
2023-11-11,12,12,10,10,10,10,10,10,10,10,10,daily,2024-01-21,baselinenowcast
2023-11-12,14,14,8,8,8,8,8,8,8,8,8,daily,2024-01-21,baselinenowcast
2023-11-13,21,21,18,18,18,18,18,18,18,18,18,daily,2024-01-21,baselinenowcast
2023-11-14,14,14,11,11,11,11,11,11,11,11,11,daily,2024-01-21,baselinenowcast
2023-11-15,15,15,12,12,12,12,12,12,12,12,12,daily,2024-01-21,baselinenowcast
2023-11-16,21,21,15,15,15,15,15,15,15,15,15,daily,2024-01-21,baselinenowcast
2023-11-17,15,15,14,14,14,14,14,14,14,14,14,daily,2024-01-21,baselinenowcast
2023-11-18,14,14,8,8,8,8,8,8,8,8,8,daily,2024-01-21,baselinenowcast
2023-11-19,17,17,13,13,13,13,13,13,13,13,13,daily,2024-01-21,baselinenowcast
2023-11-20,29,29,25,25,25,25,25,25,25,25,25,daily,2024-01-21,baselinenowcast
2023-11-21,20,20,18,18,18,18,18,18,18,18,18,daily,2024-01-21,baselinenowcast
2023-11-22,19,19,17,17,17,17,17,17,17,17,17,daily,2024-01-21,baselinenowcast
2023-11-23,10,10,9,9,9,9,9,9,9,9,9,daily,2024-01-21,baselinenowcast
2023-11-24,17,17,10,10,10,10,10,10,10,10,10,daily,2024-01-21,baselinenowcast
2023-11-25,7,7,5,5,5,5,5,5,5,5,5,daily,2024-01-21,baselinenowcast
2023-11-26,10,10,8,8,8,8,8,8,8,8,8,daily,2024-01-21,baselinenowcast
2023-11-27,27,27,24,24,24,24,24,24,24,24,24,daily,2024-01-21,baselinenowcast
2023-11-28,25,25,23,23,23,23,23,23,23,23,23,daily,2024-01-21,baselinenowcast
2023-11-29,17,17,15,15,15,15,15,15,15,15,15,daily,2024-01-21,baselinenowcast
2023-11-30,20,20,16,16,16,16,16,16,16,16,16,daily,2024-01-21,baselinenowcast
2023-12-01,20,20,14,14,14,14,14,14,14,14,14,daily,2024-01-21,baselinenowcast
2023-12-02,22,22,17,17,17,17,17,17,17,17,17,daily,2024-01-21,baselinenowcast
2023-12-03,23,23,16,16,16,16,16,16,16,16,16,daily,2024-01-21,baselinenowcast
2023-12-04,39,39,35,35,35,35,35,35,35,35,35,daily,2024-01-21,baselinenowcast
2023-12-05,47,47,46,46,46,46,46,46,46,46,46,daily,2024-01-21,baselinenowcast
2023-12-06,44,44,41,41,41,41,41,41,41,41,41,daily,2024-01-21,baselinenowcast
2023-12-07,50,50,44,44,44,44,44,44,44,44,44,daily,2024-01-21,baselinenowcast
2023-12-08,37,37,30,30,30,30,30,30,30,30,30,daily,2024-01-21,baselinenowcast
2023-12-09,28,30,24,24,24,24,24,24,24,24,24,daily,2024-01-21,baselinenowcast
2023-12-10,21,23,18,18,18,18,18,18,18,18,18,daily,2024-01-21,baselinenowcast
2023-12-11,52,52,46,46,46,46,46,46,46,46,46,daily,2024-01-21,baselinenowcast
2023-12-12,30,31,29,29,29,29,29,29,29,29,29,daily,2024-01-21,baselinenowcast
2023-12-13,34,36,33,33,33,33,33,33,33,33,33,daily,2024-01-21,baselinenowcast
2023-12-14,34,34,30,30,30,30,30,30,30,30,30,daily,2024-01-21,baselinenowcast
2023-12-15,41,41,40,40,40,40,40,40,40,40,40,daily,2024-01-21,baselinenowcast
2023-12-16,28,29,26,26,26,26,26,26,26,26,26,daily,2024-01-21,baselinenowcast
2023-12-17,26,26,26,26,26,26,26,26,26,26,26,daily,2024-01-21,baselinenowcast
2023-12-18,53,56,50,50,50,50,50,50,50,50,50,daily,2024-01-21,baselinenowcast
2023-12-19,32,33,27,27,27,27,27,27,27,27,27,daily,2024-01-21,baselinenowcast
2023-12-20,43,47,43,43,43,43,43,43,43,43,43,daily,2024-01-21,baselinenowcast
2023-12-21,31,36,31,31,31,31,31,31,31,31,31,daily,2024-01-21,baselinenowcast
2023-12-22,32,37,29,29,29,29,29,29,29,29,29,daily,2024-01-21,baselinenowcast
2023-12-23,21,24,20,20,20,20,20,20,20,20,20,daily,2024-01-21,baselinenowcast
2023-12-24,26,27,22,22,22,22,22,22,22,22,22,daily,2024-01-21,baselinenowcast
2023-12-25,17,18,14,14,14,14,14,14,14,14,14,daily,2024-01-21,baselinenowcast
2023-12-26,22,25,19,19,19,19,19,19,19,19,19,daily,2024-01-21,baselinenowcast
2023-12-27,25,27,25,25,25,25,25,25,25,25,25,daily,2024-01-21,baselinenowcast
2023-12-28,31,34,31,31,31,31,31,31,31,31,31,daily,2024-01-21,baselinenowcast
2023-12-29,62,65,62,62,62,62,62,62,62,62,62,daily,2024-01-21,baselinenowcast
2023-12-30,12,18,11,11,11,11,11,11,11,11,11,daily,2024-01-21,baselinenowcast
2023-12-31,24,29,23,23,23,23,23,23,23,23,23,daily,2024-01-21,baselinenowcast
2024-01-01,19,20,19,19,19,19,19,19,19,19,19,daily,2024-01-21,baselinenowcast
2024-01-02,35,40,35,35,35,35,35,35,35,35,35,daily,2024-01-21,baselinenowcast
2024-01-03,51,58,51,51,51,51,51,51,51,51,51,daily,2024-01-21,baselinenowcast
2024-01-04,39,45,39,39,39,39,39,39,39,39,39,daily,2024-01-21,baselinenowcast
2024-01-05,20,21,20,20,20,20,20,20,20,20,20,daily,2024-01-21,baselinenowcast
2024-01-06,32,34,32,32,32,32,32,32,32,32,32,daily,2024-01-21,baselinenowcast
2024-01-07,23,28,23,23,23,23,23,23,23,23,23,daily,2024-01-21,baselinenowcast
2024-01-08,29,34,29,29,30,29,31,29,29,29,29,daily,2024-01-21,baselinenowcast
2024-01-09,17,23,17,17,18,17,18,17,17,17,17,daily,2024-01-21,baselinenowcast
2024-01-10,25,31,25,25,27,25,27,25,25,25,26,daily,2024-01-21,baselinenowcast
2024-01-11,31,39,31,31,33,31,33,31,32,31,32,daily,2024-01-21,baselinenowcast
2024-01-12,39,45,39,39,41,39,42,39,40,39,40,daily,2024-01-21,baselinenowcast
2024-01-13,29,32,29,29,31,29,31,29,30,29,30,daily,2024-01-21,baselinenowcast
2024-01-14,12,17,12,12,13,12,14,12,12,12,13,daily,2024-01-21,baselinenowcast
2024-01-15,39,41,40,39,43,39,43,39,41,39,41,daily,2024-01-21,baselinenowcast
2024-01-16,43,48,44,43,52,43,54,43,46,43,48,daily,2024-01-21,baselinenowcast
2024-01-17,47,54,50,47,61,47,63.02499999999998,48,54,48,56,daily,2024-01-21,baselinenowcast
2024-01-18,24,35,27,24,42,24,47,25,31,24,34,daily,2024-01-21,baselinenowcast
2024-01-19,23,41,31,23,51.049999999999955,23,58.02499999999998,26,36.25,25,40,daily,2024-01-21,baselinenowcast
2024-01-20,10,35,18,10,53.09999999999991,10,68,12,29,11,35,daily,2024-01-21,baselinenowcast
2024-01-21,3,28,28.5,7,80,6,94,17,45,13,53,daily,2024-01-21,baselinenowcast
2023-04-01,24,24,21,21,21,21,21,21,21,21,21,daily,2024-01-28,baselinenowcast
2023-04-02,23,23,18,18,18,18,18,18,18,18,18,daily,2024-01-28,baselinenowcast
2023-04-03,27,27,22,22,22,22,22,22,22,22,22,daily,2024-01-28,baselinenowcast
2023-04-04,44,44,35,35,35,35,35,35,35,35,35,daily,2024-01-28,baselinenowcast
2023-04-05,38,38,31,31,31,31,31,31,31,31,31,daily,2024-01-28,baselinenowcast
2023-04-06,33,33,28,28,28,28,28,28,28,28,28,daily,2024-01-28,baselinenowcast
2023-04-07,14,14,12,12,12,12,12,12,12,12,12,daily,2024-01-28,baselinenowcast
2023-04-08,26,26,20,20,20,20,20,20,20,20,20,daily,2024-01-28,baselinenowcast
2023-04-09,31,31,25,25,25,25,25,25,25,25,25,daily,2024-01-28,baselinenowcast
2023-04-10,17,17,12,12,12,12,12,12,12,12,12,daily,2024-01-28,baselinenowcast
2023-04-11,44,44,41,41,41,41,41,41,41,41,41,daily,2024-01-28,baselinenowcast
2023-04-12,32,32,27,27,27,27,27,27,27,27,27,daily,2024-01-28,baselinenowcast
2023-04-13,31,31,27,27,27,27,27,27,27,27,27,daily,2024-01-28,baselinenowcast
2023-04-14,27,27,20,20,20,20,20,20,20,20,20,daily,2024-01-28,baselinenowcast
2023-04-15,32,32,26,26,26,26,26,26,26,26,26,daily,2024-01-28,baselinenowcast
2023-04-16,17,17,12,12,12,12,12,12,12,12,12,daily,2024-01-28,baselinenowcast
2023-04-17,31,31,28,28,28,28,28,28,28,28,28,daily,2024-01-28,baselinenowcast
2023-04-18,23,23,17,17,17,17,17,17,17,17,17,daily,2024-01-28,baselinenowcast
2023-04-19,24,24,20,20,20,20,20,20,20,20,20,daily,2024-01-28,baselinenowcast
2023-04-20,16,16,12,12,12,12,12,12,12,12,12,daily,2024-01-28,baselinenowcast
2023-04-21,25,25,19,19,19,19,19,19,19,19,19,daily,2024-01-28,baselinenowcast
2023-04-22,8,8,8,8,8,8,8,8,8,8,8,daily,2024-01-28,baselinenowcast
2023-04-23,8,8,6,6,6,6,6,6,6,6,6,daily,2024-01-28,baselinenowcast
2023-04-24,14,14,14,14,14,14,14,14,14,14,14,daily,2024-01-28,baselinenowcast
2023-04-25,24,24,19,19,19,19,19,19,19,19,19,daily,2024-01-28,baselinenowcast
2023-04-26,26,26,23,23,23,23,23,23,23,23,23,daily,2024-01-28,baselinenowcast
2023-04-27,34,34,32,32,32,32,32,32,32,32,32,daily,2024-01-28,baselinenowcast
2023-04-28,20,20,12,12,12,12,12,12,12,12,12,daily,2024-01-28,baselinenowcast
2023-04-29,15,15,14,14,14,14,14,14,14,14,14,daily,2024-01-28,baselinenowcast
2023-04-30,20,20,15,15,15,15,15,15,15,15,15,daily,2024-01-28,baselinenowcast
2023-05-01,14,14,10,10,10,10,10,10,10,10,10,daily,2024-01-28,baselinenowcast
2023-05-02,25,25,14,14,14,14,14,14,14,14,14,daily,2024-01-28,baselinenowcast
2023-05-03,27,27,19,19,19,19,19,19,19,19,19,daily,2024-01-28,baselinenowcast
2023-05-04,42,42,29,29,29,29,29,29,29,29,29,daily,2024-01-28,baselinenowcast
2023-05-05,23,23,19,19,19,19,19,19,19,19,19,daily,2024-01-28,baselinenowcast
2023-05-06,13,13,11,11,11,11,11,11,11,11,11,daily,2024-01-28,baselinenowcast
2023-05-07,20,20,14,14,14,14,14,14,14,14,14,daily,2024-01-28,baselinenowcast
2023-05-08,16,16,13,13,13,13,13,13,13,13,13,daily,2024-01-28,baselinenowcast
2023-05-09,15,15,11,11,11,11,11,11,11,11,11,daily,2024-01-28,baselinenowcast
2023-05-10,26,26,21,21,21,21,21,21,21,21,21,daily,2024-01-28,baselinenowcast
2023-05-11,19,19,15,15,15,15,15,15,15,15,15,daily,2024-01-28,baselinenowcast
2023-05-12,21,21,15,15,15,15,15,15,15,15,15,daily,2024-01-28,baselinenowcast
2023-05-13,13,13,13,13,13,13,13,13,13,13,13,daily,2024-01-28,baselinenowcast
2023-05-14,24,24,10,10,10,10,10,10,10,10,10,daily,2024-01-28,baselinenowcast
2023-05-15,21,21,12,12,12,12,12,12,12,12,12,daily,2024-01-28,baselinenowcast
2023-05-16,23,23,19,19,19,19,19,19,19,19,19,daily,2024-01-28,baselinenowcast
2023-05-17,20,20,14,14,14,14,14,14,14,14,14,daily,2024-01-28,baselinenowcast
2023-05-18,23,23,12,12,12,12,12,12,12,12,12,daily,2024-01-28,baselinenowcast
2023-05-19,14,14,7,7,7,7,7,7,7,7,7,daily,2024-01-28,baselinenowcast
2023-05-20,12,12,7,7,7,7,7,7,7,7,7,daily,2024-01-28,baselinenowcast
2023-05-21,23,23,15,15,15,15,15,15,15,15,15,daily,2024-01-28,baselinenowcast
2023-05-22,18,18,12,12,12,12,12,12,12,12,12,daily,2024-01-28,baselinenowcast
2023-05-23,17,17,15,15,15,15,15,15,15,15,15,daily,2024-01-28,baselinenowcast
2023-05-24,22,22,12,12,12,12,12,12,12,12,12,daily,2024-01-28,baselinenowcast
2023-05-25,19,19,15,15,15,15,15,15,15,15,15,daily,2024-01-28,baselinenowcast
2023-05-26,20,20,16,16,16,16,16,16,16,16,16,daily,2024-01-28,baselinenowcast
2023-05-27,11,11,2,2,2,2,2,2,2,2,2,daily,2024-01-28,baselinenowcast
2023-05-28,6,6,6,6,6,6,6,6,6,6,6,daily,2024-01-28,baselinenowcast
2023-05-29,9,9,2,2,2,2,2,2,2,2,2,daily,2024-01-28,baselinenowcast
2023-05-30,26,26,21,21,21,21,21,21,21,21,21,daily,2024-01-28,baselinenowcast
2023-05-31,22,22,15,15,15,15,15,15,15,15,15,daily,2024-01-28,baselinenowcast
2023-06-01,18,18,8,8,8,8,8,8,8,8,8,daily,2024-01-28,baselinenowcast
2023-06-02,17,17,10,10,10,10,10,10,10,10,10,daily,2024-01-28,baselinenowcast
2023-06-03,10,10,6,6,6,6,6,6,6,6,6,daily,2024-01-28,baselinenowcast
2023-06-04,15,15,8,8,8,8,8,8,8,8,8,daily,2024-01-28,baselinenowcast
2023-06-05,22,22,17,17,17,17,17,17,17,17,17,daily,2024-01-28,baselinenowcast
2023-06-06,29,29,21,21,21,21,21,21,21,21,21,daily,2024-01-28,baselinenowcast
2023-06-07,27,27,22,22,22,22,22,22,22,22,22,daily,2024-01-28,baselinenowcast
2023-06-08,21,21,11,11,11,11,11,11,11,11,11,daily,2024-01-28,baselinenowcast
2023-06-09,7,7,2,2,2,2,2,2,2,2,2,daily,2024-01-28,baselinenowcast
2023-06-10,12,12,11,11,11,11,11,11,11,11,11,daily,2024-01-28,baselinenowcast
2023-06-11,7,7,2,2,2,2,2,2,2,2,2,daily,2024-01-28,baselinenowcast
2023-06-12,15,15,10,10,10,10,10,10,10,10,10,daily,2024-01-28,baselinenowcast
2023-06-13,17,17,15,15,15,15,15,15,15,15,15,daily,2024-01-28,baselinenowcast
2023-06-14,9,9,3,3,3,3,3,3,3,3,3,daily,2024-01-28,baselinenowcast
2023-06-15,22,22,9,9,9,9,9,9,9,9,9,daily,2024-01-28,baselinenowcast
2023-06-16,17,17,17,17,17,17,17,17,17,17,17,daily,2024-01-28,baselinenowcast
2023-06-17,12,12,10,10,10,10,10,10,10,10,10,daily,2024-01-28,baselinenowcast
2023-06-18,5,5,1,1,1,1,1,1,1,1,1,daily,2024-01-28,baselinenowcast
2023-06-19,16,16,11,11,11,11,11,11,11,11,11,daily,2024-01-28,baselinenowcast
2023-06-20,17,17,10,10,10,10,10,10,10,10,10,daily,2024-01-28,baselinenowcast
2023-06-21,15,15,12,12,12,12,12,12,12,12,12,daily,2024-01-28,baselinenowcast
2023-06-22,18,18,17,17,17,17,17,17,17,17,17,daily,2024-01-28,baselinenowcast
2023-06-23,10,10,7,7,7,7,7,7,7,7,7,daily,2024-01-28,baselinenowcast
2023-06-24,8,8,6,6,6,6,6,6,6,6,6,daily,2024-01-28,baselinenowcast
2023-06-25,15,15,6,6,6,6,6,6,6,6,6,daily,2024-01-28,baselinenowcast
2023-06-26,2,2,2,2,2,2,2,2,2,2,2,daily,2024-01-28,baselinenowcast
2023-06-27,11,11,10,10,10,10,10,10,10,10,10,daily,2024-01-28,baselinenowcast
2023-06-28,15,15,12,12,12,12,12,12,12,12,12,daily,2024-01-28,baselinenowcast
2023-06-29,12,12,9,9,9,9,9,9,9,9,9,daily,2024-01-28,baselinenowcast
2023-06-30,7,7,6,6,6,6,6,6,6,6,6,daily,2024-01-28,baselinenowcast
2023-07-01,4,4,1,1,1,1,1,1,1,1,1,daily,2024-01-28,baselinenowcast
2023-07-02,8,8,2,2,2,2,2,2,2,2,2,daily,2024-01-28,baselinenowcast
2023-07-03,23,23,13,13,13,13,13,13,13,13,13,daily,2024-01-28,baselinenowcast
2023-07-04,13,13,10,10,10,10,10,10,10,10,10,daily,2024-01-28,baselinenowcast
2023-07-05,19,19,17,17,17,17,17,17,17,17,17,daily,2024-01-28,baselinenowcast
2023-07-06,14,14,8,8,8,8,8,8,8,8,8,daily,2024-01-28,baselinenowcast
2023-07-07,15,15,12,12,12,12,12,12,12,12,12,daily,2024-01-28,baselinenowcast
2023-07-08,5,5,2,2,2,2,2,2,2,2,2,daily,2024-01-28,baselinenowcast
2023-07-09,5,5,3,3,3,3,3,3,3,3,3,daily,2024-01-28,baselinenowcast
2023-07-10,13,13,10,10,10,10,10,10,10,10,10,daily,2024-01-28,baselinenowcast
2023-07-11,13,13,10,10,10,10,10,10,10,10,10,daily,2024-01-28,baselinenowcast
2023-07-12,13,13,10,10,10,10,10,10,10,10,10,daily,2024-01-28,baselinenowcast
2023-07-13,18,18,14,14,14,14,14,14,14,14,14,daily,2024-01-28,baselinenowcast
2023-07-14,10,10,9,9,9,9,9,9,9,9,9,daily,2024-01-28,baselinenowcast
2023-07-15,9,9,7,7,7,7,7,7,7,7,7,daily,2024-01-28,baselinenowcast
2023-07-16,19,19,6,6,6,6,6,6,6,6,6,daily,2024-01-28,baselinenowcast
2023-07-17,9,9,6,6,6,6,6,6,6,6,6,daily,2024-01-28,baselinenowcast
2023-07-18,22,22,16,16,16,16,16,16,16,16,16,daily,2024-01-28,baselinenowcast
2023-07-19,17,17,11,11,11,11,11,11,11,11,11,daily,2024-01-28,baselinenowcast
2023-07-20,27,27,19,19,19,19,19,19,19,19,19,daily,2024-01-28,baselinenowcast
2023-07-21,15,15,5,5,5,5,5,5,5,5,5,daily,2024-01-28,baselinenowcast
2023-07-22,6,6,3,3,3,3,3,3,3,3,3,daily,2024-01-28,baselinenowcast
2023-07-23,10,10,5,5,5,5,5,5,5,5,5,daily,2024-01-28,baselinenowcast
2023-07-24,15,15,14,14,14,14,14,14,14,14,14,daily,2024-01-28,baselinenowcast
2023-07-25,23,23,16,16,16,16,16,16,16,16,16,daily,2024-01-28,baselinenowcast
2023-07-26,15,15,10,10,10,10,10,10,10,10,10,daily,2024-01-28,baselinenowcast
2023-07-27,25,25,13,13,13,13,13,13,13,13,13,daily,2024-01-28,baselinenowcast
2023-07-28,9,9,8,8,8,8,8,8,8,8,8,daily,2024-01-28,baselinenowcast
2023-07-29,8,8,4,4,4,4,4,4,4,4,4,daily,2024-01-28,baselinenowcast
2023-07-30,6,6,3,3,3,3,3,3,3,3,3,daily,2024-01-28,baselinenowcast
2023-07-31,14,14,8,8,8,8,8,8,8,8,8,daily,2024-01-28,baselinenowcast
2023-08-01,9,9,3,3,3,3,3,3,3,3,3,daily,2024-01-28,baselinenowcast
2023-08-02,12,12,8,8,8,8,8,8,8,8,8,daily,2024-01-28,baselinenowcast
2023-08-03,21,21,15,15,15,15,15,15,15,15,15,daily,2024-01-28,baselinenowcast
2023-08-04,2,2,2,2,2,2,2,2,2,2,2,daily,2024-01-28,baselinenowcast
2023-08-05,10,10,7,7,7,7,7,7,7,7,7,daily,2024-01-28,baselinenowcast
2023-08-06,5,5,3,3,3,3,3,3,3,3,3,daily,2024-01-28,baselinenowcast
2023-08-07,15,15,7,7,7,7,7,7,7,7,7,daily,2024-01-28,baselinenowcast
2023-08-08,26,26,20,20,20,20,20,20,20,20,20,daily,2024-01-28,baselinenowcast
2023-08-09,15,15,13,13,13,13,13,13,13,13,13,daily,2024-01-28,baselinenowcast
2023-08-10,14,14,7,7,7,7,7,7,7,7,7,daily,2024-01-28,baselinenowcast
2023-08-11,16,16,13,13,13,13,13,13,13,13,13,daily,2024-01-28,baselinenowcast
2023-08-12,8,8,5,5,5,5,5,5,5,5,5,daily,2024-01-28,baselinenowcast
2023-08-13,4,4,2,2,2,2,2,2,2,2,2,daily,2024-01-28,baselinenowcast
2023-08-14,22,22,14,14,14,14,14,14,14,14,14,daily,2024-01-28,baselinenowcast
2023-08-15,16,16,13,13,13,13,13,13,13,13,13,daily,2024-01-28,baselinenowcast
2023-08-16,8,8,6,6,6,6,6,6,6,6,6,daily,2024-01-28,baselinenowcast
2023-08-17,18,18,16,16,16,16,16,16,16,16,16,daily,2024-01-28,baselinenowcast
2023-08-18,17,17,14,14,14,14,14,14,14,14,14,daily,2024-01-28,baselinenowcast
2023-08-19,11,11,5,5,5,5,5,5,5,5,5,daily,2024-01-28,baselinenowcast
2023-08-20,7,7,2,2,2,2,2,2,2,2,2,daily,2024-01-28,baselinenowcast
2023-08-21,17,17,16,16,16,16,16,16,16,16,16,daily,2024-01-28,baselinenowcast
2023-08-22,11,11,7,7,7,7,7,7,7,7,7,daily,2024-01-28,baselinenowcast
2023-08-23,18,18,5,5,5,5,5,5,5,5,5,daily,2024-01-28,baselinenowcast
2023-08-24,10,10,7,7,7,7,7,7,7,7,7,daily,2024-01-28,baselinenowcast
2023-08-25,12,12,10,10,10,10,10,10,10,10,10,daily,2024-01-28,baselinenowcast
2023-08-26,15,15,13,13,13,13,13,13,13,13,13,daily,2024-01-28,baselinenowcast
2023-08-27,6,6,3,3,3,3,3,3,3,3,3,daily,2024-01-28,baselinenowcast
2023-08-28,3,3,2,2,2,2,2,2,2,2,2,daily,2024-01-28,baselinenowcast
2023-08-29,10,10,7,7,7,7,7,7,7,7,7,daily,2024-01-28,baselinenowcast
2023-08-30,17,17,15,15,15,15,15,15,15,15,15,daily,2024-01-28,baselinenowcast
2023-08-31,12,12,4,4,4,4,4,4,4,4,4,daily,2024-01-28,baselinenowcast
2023-09-01,8,8,3,3,3,3,3,3,3,3,3,daily,2024-01-28,baselinenowcast
2023-09-02,10,10,6,6,6,6,6,6,6,6,6,daily,2024-01-28,baselinenowcast
2023-09-03,7,7,1,1,1,1,1,1,1,1,1,daily,2024-01-28,baselinenowcast
2023-09-04,16,16,9,9,9,9,9,9,9,9,9,daily,2024-01-28,baselinenowcast
2023-09-05,9,9,5,5,5,5,5,5,5,5,5,daily,2024-01-28,baselinenowcast
2023-09-06,11,11,8,8,8,8,8,8,8,8,8,daily,2024-01-28,baselinenowcast
2023-09-07,15,15,3,3,3,3,3,3,3,3,3,daily,2024-01-28,baselinenowcast
2023-09-08,13,13,7,7,7,7,7,7,7,7,7,daily,2024-01-28,baselinenowcast
2023-09-09,13,13,10,10,10,10,10,10,10,10,10,daily,2024-01-28,baselinenowcast
2023-09-10,5,5,5,5,5,5,5,5,5,5,5,daily,2024-01-28,baselinenowcast
2023-09-11,18,18,11,11,11,11,11,11,11,11,11,daily,2024-01-28,baselinenowcast
2023-09-12,14,14,8,8,8,8,8,8,8,8,8,daily,2024-01-28,baselinenowcast
2023-09-13,11,11,7,7,7,7,7,7,7,7,7,daily,2024-01-28,baselinenowcast
2023-09-14,9,9,4,4,4,4,4,4,4,4,4,daily,2024-01-28,baselinenowcast
2023-09-15,17,17,6,6,6,6,6,6,6,6,6,daily,2024-01-28,baselinenowcast
2023-09-16,10,10,7,7,7,7,7,7,7,7,7,daily,2024-01-28,baselinenowcast
2023-09-17,4,4,4,4,4,4,4,4,4,4,4,daily,2024-01-28,baselinenowcast
2023-09-18,8,8,4,4,4,4,4,4,4,4,4,daily,2024-01-28,baselinenowcast
2023-09-19,13,13,11,11,11,11,11,11,11,11,11,daily,2024-01-28,baselinenowcast
2023-09-20,19,19,16,16,16,16,16,16,16,16,16,daily,2024-01-28,baselinenowcast
2023-09-21,8,8,2,2,2,2,2,2,2,2,2,daily,2024-01-28,baselinenowcast
2023-09-22,12,12,3,3,3,3,3,3,3,3,3,daily,2024-01-28,baselinenowcast
2023-09-23,11,11,10,10,10,10,10,10,10,10,10,daily,2024-01-28,baselinenowcast
2023-09-24,4,4,0,0,0,0,0,0,0,0,0,daily,2024-01-28,baselinenowcast
2023-09-25,4,4,2,2,2,2,2,2,2,2,2,daily,2024-01-28,baselinenowcast
2023-09-26,9,9,7,7,7,7,7,7,7,7,7,daily,2024-01-28,baselinenowcast
2023-09-27,6,6,3,3,3,3,3,3,3,3,3,daily,2024-01-28,baselinenowcast
2023-09-28,15,15,9,9,9,9,9,9,9,9,9,daily,2024-01-28,baselinenowcast
2023-09-29,7,7,4,4,4,4,4,4,4,4,4,daily,2024-01-28,baselinenowcast
2023-09-30,6,6,3,3,3,3,3,3,3,3,3,daily,2024-01-28,baselinenowcast
2023-10-01,7,7,0,0,0,0,0,0,0,0,0,daily,2024-01-28,baselinenowcast
2023-10-02,4,4,2,2,2,2,2,2,2,2,2,daily,2024-01-28,baselinenowcast
2023-10-03,6,6,5,5,5,5,5,5,5,5,5,daily,2024-01-28,baselinenowcast
2023-10-04,3,3,0,0,0,0,0,0,0,0,0,daily,2024-01-28,baselinenowcast
2023-10-05,10,10,6,6,6,6,6,6,6,6,6,daily,2024-01-28,baselinenowcast
2023-10-06,12,12,3,3,3,3,3,3,3,3,3,daily,2024-01-28,baselinenowcast
2023-10-07,3,3,1,1,1,1,1,1,1,1,1,daily,2024-01-28,baselinenowcast
2023-10-08,19,19,8,8,8,8,8,8,8,8,8,daily,2024-01-28,baselinenowcast
2023-10-09,21,21,9,9,9,9,9,9,9,9,9,daily,2024-01-28,baselinenowcast
2023-10-10,8,8,4,4,4,4,4,4,4,4,4,daily,2024-01-28,baselinenowcast
2023-10-11,9,9,5,5,5,5,5,5,5,5,5,daily,2024-01-28,baselinenowcast
2023-10-12,15,15,8,8,8,8,8,8,8,8,8,daily,2024-01-28,baselinenowcast
2023-10-13,17,17,12,12,12,12,12,12,12,12,12,daily,2024-01-28,baselinenowcast
2023-10-14,5,5,3,3,3,3,3,3,3,3,3,daily,2024-01-28,baselinenowcast
2023-10-15,14,14,8,8,8,8,8,8,8,8,8,daily,2024-01-28,baselinenowcast
2023-10-16,14,14,10,10,10,10,10,10,10,10,10,daily,2024-01-28,baselinenowcast
2023-10-17,17,17,15,15,15,15,15,15,15,15,15,daily,2024-01-28,baselinenowcast
2023-10-18,17,17,10,10,10,10,10,10,10,10,10,daily,2024-01-28,baselinenowcast
2023-10-19,16,16,7,7,7,7,7,7,7,7,7,daily,2024-01-28,baselinenowcast
2023-10-20,18,18,7,7,7,7,7,7,7,7,7,daily,2024-01-28,baselinenowcast
2023-10-21,14,14,4,4,4,4,4,4,4,4,4,daily,2024-01-28,baselinenowcast
2023-10-22,7,7,1,1,1,1,1,1,1,1,1,daily,2024-01-28,baselinenowcast
2023-10-23,12,12,10,10,10,10,10,10,10,10,10,daily,2024-01-28,baselinenowcast
2023-10-24,15,15,12,12,12,12,12,12,12,12,12,daily,2024-01-28,baselinenowcast
2023-10-25,17,17,10,10,10,10,10,10,10,10,10,daily,2024-01-28,baselinenowcast
2023-10-26,16,16,11,11,11,11,11,11,11,11,11,daily,2024-01-28,baselinenowcast
2023-10-27,10,10,7,7,7,7,7,7,7,7,7,daily,2024-01-28,baselinenowcast
2023-10-28,9,9,4,4,4,4,4,4,4,4,4,daily,2024-01-28,baselinenowcast
2023-10-29,7,7,1,1,1,1,1,1,1,1,1,daily,2024-01-28,baselinenowcast
2023-10-30,16,16,10,10,10,10,10,10,10,10,10,daily,2024-01-28,baselinenowcast
2023-10-31,8,8,6,6,6,6,6,6,6,6,6,daily,2024-01-28,baselinenowcast
2023-11-01,12,12,7,7,7,7,7,7,7,7,7,daily,2024-01-28,baselinenowcast
2023-11-02,27,27,13,13,13,13,13,13,13,13,13,daily,2024-01-28,baselinenowcast
2023-11-03,18,18,12,12,12,12,12,12,12,12,12,daily,2024-01-28,baselinenowcast
2023-11-04,13,13,1,1,1,1,1,1,1,1,1,daily,2024-01-28,baselinenowcast
2023-11-05,9,9,6,6,6,6,6,6,6,6,6,daily,2024-01-28,baselinenowcast
2023-11-06,23,23,13,13,13,13,13,13,13,13,13,daily,2024-01-28,baselinenowcast
2023-11-07,13,13,11,11,11,11,11,11,11,11,11,daily,2024-01-28,baselinenowcast
2023-11-08,7,7,5,5,5,5,5,5,5,5,5,daily,2024-01-28,baselinenowcast
2023-11-09,20,20,11,11,11,11,11,11,11,11,11,daily,2024-01-28,baselinenowcast
2023-11-10,19,19,16,16,16,16,16,16,16,16,16,daily,2024-01-28,baselinenowcast
2023-11-11,12,12,10,10,10,10,10,10,10,10,10,daily,2024-01-28,baselinenowcast
2023-11-12,14,14,8,8,8,8,8,8,8,8,8,daily,2024-01-28,baselinenowcast
2023-11-13,21,21,18,18,18,18,18,18,18,18,18,daily,2024-01-28,baselinenowcast
2023-11-14,14,14,11,11,11,11,11,11,11,11,11,daily,2024-01-28,baselinenowcast
2023-11-15,15,15,12,12,12,12,12,12,12,12,12,daily,2024-01-28,baselinenowcast
2023-11-16,21,21,15,15,15,15,15,15,15,15,15,daily,2024-01-28,baselinenowcast
2023-11-17,15,15,14,14,14,14,14,14,14,14,14,daily,2024-01-28,baselinenowcast
2023-11-18,14,14,8,8,8,8,8,8,8,8,8,daily,2024-01-28,baselinenowcast
2023-11-19,17,17,13,13,13,13,13,13,13,13,13,daily,2024-01-28,baselinenowcast
2023-11-20,29,29,25,25,25,25,25,25,25,25,25,daily,2024-01-28,baselinenowcast
2023-11-21,20,20,18,18,18,18,18,18,18,18,18,daily,2024-01-28,baselinenowcast
2023-11-22,19,19,17,17,17,17,17,17,17,17,17,daily,2024-01-28,baselinenowcast
2023-11-23,10,10,9,9,9,9,9,9,9,9,9,daily,2024-01-28,baselinenowcast
2023-11-24,17,17,10,10,10,10,10,10,10,10,10,daily,2024-01-28,baselinenowcast
2023-11-25,7,7,5,5,5,5,5,5,5,5,5,daily,2024-01-28,baselinenowcast
2023-11-26,10,10,8,8,8,8,8,8,8,8,8,daily,2024-01-28,baselinenowcast
2023-11-27,27,27,24,24,24,24,24,24,24,24,24,daily,2024-01-28,baselinenowcast
2023-11-28,25,25,23,23,23,23,23,23,23,23,23,daily,2024-01-28,baselinenowcast
2023-11-29,17,17,15,15,15,15,15,15,15,15,15,daily,2024-01-28,baselinenowcast
2023-11-30,20,20,16,16,16,16,16,16,16,16,16,daily,2024-01-28,baselinenowcast
2023-12-01,20,20,14,14,14,14,14,14,14,14,14,daily,2024-01-28,baselinenowcast
2023-12-02,22,22,17,17,17,17,17,17,17,17,17,daily,2024-01-28,baselinenowcast
2023-12-03,23,23,16,16,16,16,16,16,16,16,16,daily,2024-01-28,baselinenowcast
2023-12-04,39,39,35,35,35,35,35,35,35,35,35,daily,2024-01-28,baselinenowcast
2023-12-05,47,47,46,46,46,46,46,46,46,46,46,daily,2024-01-28,baselinenowcast
2023-12-06,44,44,41,41,41,41,41,41,41,41,41,daily,2024-01-28,baselinenowcast
2023-12-07,50,50,44,44,44,44,44,44,44,44,44,daily,2024-01-28,baselinenowcast
2023-12-08,37,37,30,30,30,30,30,30,30,30,30,daily,2024-01-28,baselinenowcast
2023-12-09,30,30,24,24,24,24,24,24,24,24,24,daily,2024-01-28,baselinenowcast
2023-12-10,23,23,18,18,18,18,18,18,18,18,18,daily,2024-01-28,baselinenowcast
2023-12-11,52,52,46,46,46,46,46,46,46,46,46,daily,2024-01-28,baselinenowcast
2023-12-12,30,31,29,29,29,29,29,29,29,29,29,daily,2024-01-28,baselinenowcast
2023-12-13,36,36,33,33,33,33,33,33,33,33,33,daily,2024-01-28,baselinenowcast
2023-12-14,34,34,30,30,30,30,30,30,30,30,30,daily,2024-01-28,baselinenowcast
2023-12-15,41,41,40,40,40,40,40,40,40,40,40,daily,2024-01-28,baselinenowcast
2023-12-16,29,29,26,26,26,26,26,26,26,26,26,daily,2024-01-28,baselinenowcast
2023-12-17,26,26,26,26,26,26,26,26,26,26,26,daily,2024-01-28,baselinenowcast
2023-12-18,53,56,50,50,50,50,50,50,50,50,50,daily,2024-01-28,baselinenowcast
2023-12-19,32,33,27,27,27,27,27,27,27,27,27,daily,2024-01-28,baselinenowcast
2023-12-20,47,47,43,43,43,43,43,43,43,43,43,daily,2024-01-28,baselinenowcast
2023-12-21,32,36,31,31,31,31,31,31,31,31,31,daily,2024-01-28,baselinenowcast
2023-12-22,33,37,29,29,29,29,29,29,29,29,29,daily,2024-01-28,baselinenowcast
2023-12-23,22,24,20,20,20,20,20,20,20,20,20,daily,2024-01-28,baselinenowcast
2023-12-24,26,27,22,22,22,22,22,22,22,22,22,daily,2024-01-28,baselinenowcast
2023-12-25,18,18,14,14,14,14,14,14,14,14,14,daily,2024-01-28,baselinenowcast
2023-12-26,22,25,19,19,19,19,19,19,19,19,19,daily,2024-01-28,baselinenowcast
2023-12-27,25,27,25,25,25,25,25,25,25,25,25,daily,2024-01-28,baselinenowcast
2023-12-28,32,34,31,31,31,31,31,31,31,31,31,daily,2024-01-28,baselinenowcast
2023-12-29,65,65,62,62,62,62,62,62,62,62,62,daily,2024-01-28,baselinenowcast
2023-12-30,18,18,11,11,11,11,11,11,11,11,11,daily,2024-01-28,baselinenowcast
2023-12-31,24,29,23,23,23,23,23,23,23,23,23,daily,2024-01-28,baselinenowcast
2024-01-01,20,20,19,19,19,19,19,19,19,19,19,daily,2024-01-28,baselinenowcast
2024-01-02,35,40,35,35,35,35,35,35,35,35,35,daily,2024-01-28,baselinenowcast
2024-01-03,54,58,51,51,51,51,51,51,51,51,51,daily,2024-01-28,baselinenowcast
2024-01-04,43,45,39,39,39,39,39,39,39,39,39,daily,2024-01-28,baselinenowcast
2024-01-05,20,21,20,20,20,20,20,20,20,20,20,daily,2024-01-28,baselinenowcast
2024-01-06,32,34,32,32,32,32,32,32,32,32,32,daily,2024-01-28,baselinenowcast
2024-01-07,23,28,23,23,23,23,23,23,23,23,23,daily,2024-01-28,baselinenowcast
2024-01-08,29,34,29,29,29,29,29,29,29,29,29,daily,2024-01-28,baselinenowcast
2024-01-09,17,23,17,17,17,17,17,17,17,17,17,daily,2024-01-28,baselinenowcast
2024-01-10,26,31,26,26,26,26,26,26,26,26,26,daily,2024-01-28,baselinenowcast
2024-01-11,35,39,34,34,34,34,34,34,34,34,34,daily,2024-01-28,baselinenowcast
2024-01-12,40,45,40,40,40,40,40,40,40,40,40,daily,2024-01-28,baselinenowcast
2024-01-13,30,32,29,29,29,29,29,29,29,29,29,daily,2024-01-28,baselinenowcast
2024-01-14,14,17,14,14,14,14,14,14,14,14,14,daily,2024-01-28,baselinenowcast
2024-01-15,39,41,39,39,40,39,41,39,39,39,40,daily,2024-01-28,baselinenowcast
2024-01-16,44,48,44,44,48,44,49,44,45,44,45,daily,2024-01-28,baselinenowcast
2024-01-17,52,54,53,52,57,52,58,52,54,52,55,daily,2024-01-28,baselinenowcast
2024-01-18,26,35,26,26,29,26,29,26,27,26,27,daily,2024-01-28,baselinenowcast
2024-01-19,36,41,37,36,39,36,39,36,38,36,38,daily,2024-01-28,baselinenowcast
2024-01-20,26,35,27,26,29,26,30,26,27,26,28,daily,2024-01-28,baselinenowcast
2024-01-21,25,28,25,25,29,25,29,25,26,25,27,daily,2024-01-28,baselinenowcast
2024-01-22,60,61,61,60,68,60,70,60,63,60,65,daily,2024-01-28,baselinenowcast
2024-01-23,33,39,34,33,39,33,40,33,36,33,36,daily,2024-01-28,baselinenowcast
2024-01-24,51,58,55,51,65,51,68,53,58,52,59,daily,2024-01-28,baselinenowcast
2024-01-25,29,41,33,29,46,29,50,31,38,30,40,daily,2024-01-28,baselinenowcast
2024-01-26,18,33,24,18,39,18,44,20,29,19,32,daily,2024-01-28,baselinenowcast
2024-01-27,7,29,14,7,40,7,52,9,22,8,26,daily,2024-01-28,baselinenowcast
2024-01-28,6,35,58,11,230.04999999999995,9,272.2499999999998,31,106.25,23.830000000000013,133.16999999999996,daily,2024-01-28,baselinenowcast
2023-04-01,24,24,21,21,21,21,21,21,21,21,21,daily,2024-02-04,baselinenowcast
2023-04-02,23,23,18,18,18,18,18,18,18,18,18,daily,2024-02-04,baselinenowcast
2023-04-03,27,27,22,22,22,22,22,22,22,22,22,daily,2024-02-04,baselinenowcast
2023-04-04,44,44,35,35,35,35,35,35,35,35,35,daily,2024-02-04,baselinenowcast
2023-04-05,38,38,31,31,31,31,31,31,31,31,31,daily,2024-02-04,baselinenowcast
2023-04-06,33,33,28,28,28,28,28,28,28,28,28,daily,2024-02-04,baselinenowcast
2023-04-07,14,14,12,12,12,12,12,12,12,12,12,daily,2024-02-04,baselinenowcast
2023-04-08,26,26,20,20,20,20,20,20,20,20,20,daily,2024-02-04,baselinenowcast
2023-04-09,31,31,25,25,25,25,25,25,25,25,25,daily,2024-02-04,baselinenowcast
2023-04-10,17,17,12,12,12,12,12,12,12,12,12,daily,2024-02-04,baselinenowcast
2023-04-11,44,44,41,41,41,41,41,41,41,41,41,daily,2024-02-04,baselinenowcast
2023-04-12,32,32,27,27,27,27,27,27,27,27,27,daily,2024-02-04,baselinenowcast
2023-04-13,31,31,27,27,27,27,27,27,27,27,27,daily,2024-02-04,baselinenowcast
2023-04-14,27,27,20,20,20,20,20,20,20,20,20,daily,2024-02-04,baselinenowcast
2023-04-15,32,32,26,26,26,26,26,26,26,26,26,daily,2024-02-04,baselinenowcast
2023-04-16,17,17,12,12,12,12,12,12,12,12,12,daily,2024-02-04,baselinenowcast
2023-04-17,31,31,28,28,28,28,28,28,28,28,28,daily,2024-02-04,baselinenowcast
2023-04-18,23,23,17,17,17,17,17,17,17,17,17,daily,2024-02-04,baselinenowcast
2023-04-19,24,24,20,20,20,20,20,20,20,20,20,daily,2024-02-04,baselinenowcast
2023-04-20,16,16,12,12,12,12,12,12,12,12,12,daily,2024-02-04,baselinenowcast
2023-04-21,25,25,19,19,19,19,19,19,19,19,19,daily,2024-02-04,baselinenowcast
2023-04-22,8,8,8,8,8,8,8,8,8,8,8,daily,2024-02-04,baselinenowcast
2023-04-23,8,8,6,6,6,6,6,6,6,6,6,daily,2024-02-04,baselinenowcast
2023-04-24,14,14,14,14,14,14,14,14,14,14,14,daily,2024-02-04,baselinenowcast
2023-04-25,24,24,19,19,19,19,19,19,19,19,19,daily,2024-02-04,baselinenowcast
2023-04-26,26,26,23,23,23,23,23,23,23,23,23,daily,2024-02-04,baselinenowcast
2023-04-27,34,34,32,32,32,32,32,32,32,32,32,daily,2024-02-04,baselinenowcast
2023-04-28,20,20,12,12,12,12,12,12,12,12,12,daily,2024-02-04,baselinenowcast
2023-04-29,15,15,14,14,14,14,14,14,14,14,14,daily,2024-02-04,baselinenowcast
2023-04-30,20,20,15,15,15,15,15,15,15,15,15,daily,2024-02-04,baselinenowcast
2023-05-01,14,14,10,10,10,10,10,10,10,10,10,daily,2024-02-04,baselinenowcast
2023-05-02,25,25,14,14,14,14,14,14,14,14,14,daily,2024-02-04,baselinenowcast
2023-05-03,27,27,19,19,19,19,19,19,19,19,19,daily,2024-02-04,baselinenowcast
2023-05-04,42,42,29,29,29,29,29,29,29,29,29,daily,2024-02-04,baselinenowcast
2023-05-05,23,23,19,19,19,19,19,19,19,19,19,daily,2024-02-04,baselinenowcast
2023-05-06,13,13,11,11,11,11,11,11,11,11,11,daily,2024-02-04,baselinenowcast
2023-05-07,20,20,14,14,14,14,14,14,14,14,14,daily,2024-02-04,baselinenowcast
2023-05-08,16,16,13,13,13,13,13,13,13,13,13,daily,2024-02-04,baselinenowcast
2023-05-09,15,15,11,11,11,11,11,11,11,11,11,daily,2024-02-04,baselinenowcast
2023-05-10,26,26,21,21,21,21,21,21,21,21,21,daily,2024-02-04,baselinenowcast
2023-05-11,19,19,15,15,15,15,15,15,15,15,15,daily,2024-02-04,baselinenowcast
2023-05-12,21,21,15,15,15,15,15,15,15,15,15,daily,2024-02-04,baselinenowcast
2023-05-13,13,13,13,13,13,13,13,13,13,13,13,daily,2024-02-04,baselinenowcast
2023-05-14,24,24,10,10,10,10,10,10,10,10,10,daily,2024-02-04,baselinenowcast
2023-05-15,21,21,12,12,12,12,12,12,12,12,12,daily,2024-02-04,baselinenowcast
2023-05-16,23,23,19,19,19,19,19,19,19,19,19,daily,2024-02-04,baselinenowcast
2023-05-17,20,20,14,14,14,14,14,14,14,14,14,daily,2024-02-04,baselinenowcast
2023-05-18,23,23,12,12,12,12,12,12,12,12,12,daily,2024-02-04,baselinenowcast
2023-05-19,14,14,7,7,7,7,7,7,7,7,7,daily,2024-02-04,baselinenowcast
2023-05-20,12,12,7,7,7,7,7,7,7,7,7,daily,2024-02-04,baselinenowcast
2023-05-21,23,23,15,15,15,15,15,15,15,15,15,daily,2024-02-04,baselinenowcast
2023-05-22,18,18,12,12,12,12,12,12,12,12,12,daily,2024-02-04,baselinenowcast
2023-05-23,17,17,15,15,15,15,15,15,15,15,15,daily,2024-02-04,baselinenowcast
2023-05-24,22,22,12,12,12,12,12,12,12,12,12,daily,2024-02-04,baselinenowcast
2023-05-25,19,19,15,15,15,15,15,15,15,15,15,daily,2024-02-04,baselinenowcast
2023-05-26,20,20,16,16,16,16,16,16,16,16,16,daily,2024-02-04,baselinenowcast
2023-05-27,11,11,2,2,2,2,2,2,2,2,2,daily,2024-02-04,baselinenowcast
2023-05-28,6,6,6,6,6,6,6,6,6,6,6,daily,2024-02-04,baselinenowcast
2023-05-29,9,9,2,2,2,2,2,2,2,2,2,daily,2024-02-04,baselinenowcast
2023-05-30,26,26,21,21,21,21,21,21,21,21,21,daily,2024-02-04,baselinenowcast
2023-05-31,22,22,15,15,15,15,15,15,15,15,15,daily,2024-02-04,baselinenowcast
2023-06-01,18,18,8,8,8,8,8,8,8,8,8,daily,2024-02-04,baselinenowcast
2023-06-02,17,17,10,10,10,10,10,10,10,10,10,daily,2024-02-04,baselinenowcast
2023-06-03,10,10,6,6,6,6,6,6,6,6,6,daily,2024-02-04,baselinenowcast
2023-06-04,15,15,8,8,8,8,8,8,8,8,8,daily,2024-02-04,baselinenowcast
2023-06-05,22,22,17,17,17,17,17,17,17,17,17,daily,2024-02-04,baselinenowcast
2023-06-06,29,29,21,21,21,21,21,21,21,21,21,daily,2024-02-04,baselinenowcast
2023-06-07,27,27,22,22,22,22,22,22,22,22,22,daily,2024-02-04,baselinenowcast
2023-06-08,21,21,11,11,11,11,11,11,11,11,11,daily,2024-02-04,baselinenowcast
2023-06-09,7,7,2,2,2,2,2,2,2,2,2,daily,2024-02-04,baselinenowcast
2023-06-10,12,12,11,11,11,11,11,11,11,11,11,daily,2024-02-04,baselinenowcast
2023-06-11,7,7,2,2,2,2,2,2,2,2,2,daily,2024-02-04,baselinenowcast
2023-06-12,15,15,10,10,10,10,10,10,10,10,10,daily,2024-02-04,baselinenowcast
2023-06-13,17,17,15,15,15,15,15,15,15,15,15,daily,2024-02-04,baselinenowcast
2023-06-14,9,9,3,3,3,3,3,3,3,3,3,daily,2024-02-04,baselinenowcast
2023-06-15,22,22,9,9,9,9,9,9,9,9,9,daily,2024-02-04,baselinenowcast
2023-06-16,17,17,17,17,17,17,17,17,17,17,17,daily,2024-02-04,baselinenowcast
2023-06-17,12,12,10,10,10,10,10,10,10,10,10,daily,2024-02-04,baselinenowcast
2023-06-18,5,5,1,1,1,1,1,1,1,1,1,daily,2024-02-04,baselinenowcast
2023-06-19,16,16,11,11,11,11,11,11,11,11,11,daily,2024-02-04,baselinenowcast
2023-06-20,17,17,10,10,10,10,10,10,10,10,10,daily,2024-02-04,baselinenowcast
2023-06-21,15,15,12,12,12,12,12,12,12,12,12,daily,2024-02-04,baselinenowcast
2023-06-22,18,18,17,17,17,17,17,17,17,17,17,daily,2024-02-04,baselinenowcast
2023-06-23,10,10,7,7,7,7,7,7,7,7,7,daily,2024-02-04,baselinenowcast
2023-06-24,8,8,6,6,6,6,6,6,6,6,6,daily,2024-02-04,baselinenowcast
2023-06-25,15,15,6,6,6,6,6,6,6,6,6,daily,2024-02-04,baselinenowcast
2023-06-26,2,2,2,2,2,2,2,2,2,2,2,daily,2024-02-04,baselinenowcast
2023-06-27,11,11,10,10,10,10,10,10,10,10,10,daily,2024-02-04,baselinenowcast
2023-06-28,15,15,12,12,12,12,12,12,12,12,12,daily,2024-02-04,baselinenowcast
2023-06-29,12,12,9,9,9,9,9,9,9,9,9,daily,2024-02-04,baselinenowcast
2023-06-30,7,7,6,6,6,6,6,6,6,6,6,daily,2024-02-04,baselinenowcast
2023-07-01,4,4,1,1,1,1,1,1,1,1,1,daily,2024-02-04,baselinenowcast
2023-07-02,8,8,2,2,2,2,2,2,2,2,2,daily,2024-02-04,baselinenowcast
2023-07-03,23,23,13,13,13,13,13,13,13,13,13,daily,2024-02-04,baselinenowcast
2023-07-04,13,13,10,10,10,10,10,10,10,10,10,daily,2024-02-04,baselinenowcast
2023-07-05,19,19,17,17,17,17,17,17,17,17,17,daily,2024-02-04,baselinenowcast
2023-07-06,14,14,8,8,8,8,8,8,8,8,8,daily,2024-02-04,baselinenowcast
2023-07-07,15,15,12,12,12,12,12,12,12,12,12,daily,2024-02-04,baselinenowcast
2023-07-08,5,5,2,2,2,2,2,2,2,2,2,daily,2024-02-04,baselinenowcast
2023-07-09,5,5,3,3,3,3,3,3,3,3,3,daily,2024-02-04,baselinenowcast
2023-07-10,13,13,10,10,10,10,10,10,10,10,10,daily,2024-02-04,baselinenowcast
2023-07-11,13,13,10,10,10,10,10,10,10,10,10,daily,2024-02-04,baselinenowcast
2023-07-12,13,13,10,10,10,10,10,10,10,10,10,daily,2024-02-04,baselinenowcast
2023-07-13,18,18,14,14,14,14,14,14,14,14,14,daily,2024-02-04,baselinenowcast
2023-07-14,10,10,9,9,9,9,9,9,9,9,9,daily,2024-02-04,baselinenowcast
2023-07-15,9,9,7,7,7,7,7,7,7,7,7,daily,2024-02-04,baselinenowcast
2023-07-16,19,19,6,6,6,6,6,6,6,6,6,daily,2024-02-04,baselinenowcast
2023-07-17,9,9,6,6,6,6,6,6,6,6,6,daily,2024-02-04,baselinenowcast
2023-07-18,22,22,16,16,16,16,16,16,16,16,16,daily,2024-02-04,baselinenowcast
2023-07-19,17,17,11,11,11,11,11,11,11,11,11,daily,2024-02-04,baselinenowcast
2023-07-20,27,27,19,19,19,19,19,19,19,19,19,daily,2024-02-04,baselinenowcast
2023-07-21,15,15,5,5,5,5,5,5,5,5,5,daily,2024-02-04,baselinenowcast
2023-07-22,6,6,3,3,3,3,3,3,3,3,3,daily,2024-02-04,baselinenowcast
2023-07-23,10,10,5,5,5,5,5,5,5,5,5,daily,2024-02-04,baselinenowcast
2023-07-24,15,15,14,14,14,14,14,14,14,14,14,daily,2024-02-04,baselinenowcast
2023-07-25,23,23,16,16,16,16,16,16,16,16,16,daily,2024-02-04,baselinenowcast
2023-07-26,15,15,10,10,10,10,10,10,10,10,10,daily,2024-02-04,baselinenowcast
2023-07-27,25,25,13,13,13,13,13,13,13,13,13,daily,2024-02-04,baselinenowcast
2023-07-28,9,9,8,8,8,8,8,8,8,8,8,daily,2024-02-04,baselinenowcast
2023-07-29,8,8,4,4,4,4,4,4,4,4,4,daily,2024-02-04,baselinenowcast
2023-07-30,6,6,3,3,3,3,3,3,3,3,3,daily,2024-02-04,baselinenowcast
2023-07-31,14,14,8,8,8,8,8,8,8,8,8,daily,2024-02-04,baselinenowcast
2023-08-01,9,9,3,3,3,3,3,3,3,3,3,daily,2024-02-04,baselinenowcast
2023-08-02,12,12,8,8,8,8,8,8,8,8,8,daily,2024-02-04,baselinenowcast
2023-08-03,21,21,15,15,15,15,15,15,15,15,15,daily,2024-02-04,baselinenowcast
2023-08-04,2,2,2,2,2,2,2,2,2,2,2,daily,2024-02-04,baselinenowcast
2023-08-05,10,10,7,7,7,7,7,7,7,7,7,daily,2024-02-04,baselinenowcast
2023-08-06,5,5,3,3,3,3,3,3,3,3,3,daily,2024-02-04,baselinenowcast
2023-08-07,15,15,7,7,7,7,7,7,7,7,7,daily,2024-02-04,baselinenowcast
2023-08-08,26,26,20,20,20,20,20,20,20,20,20,daily,2024-02-04,baselinenowcast
2023-08-09,15,15,13,13,13,13,13,13,13,13,13,daily,2024-02-04,baselinenowcast
2023-08-10,14,14,7,7,7,7,7,7,7,7,7,daily,2024-02-04,baselinenowcast
2023-08-11,16,16,13,13,13,13,13,13,13,13,13,daily,2024-02-04,baselinenowcast
2023-08-12,8,8,5,5,5,5,5,5,5,5,5,daily,2024-02-04,baselinenowcast
2023-08-13,4,4,2,2,2,2,2,2,2,2,2,daily,2024-02-04,baselinenowcast
2023-08-14,22,22,14,14,14,14,14,14,14,14,14,daily,2024-02-04,baselinenowcast
2023-08-15,16,16,13,13,13,13,13,13,13,13,13,daily,2024-02-04,baselinenowcast
2023-08-16,8,8,6,6,6,6,6,6,6,6,6,daily,2024-02-04,baselinenowcast
2023-08-17,18,18,16,16,16,16,16,16,16,16,16,daily,2024-02-04,baselinenowcast
2023-08-18,17,17,14,14,14,14,14,14,14,14,14,daily,2024-02-04,baselinenowcast
2023-08-19,11,11,5,5,5,5,5,5,5,5,5,daily,2024-02-04,baselinenowcast
2023-08-20,7,7,2,2,2,2,2,2,2,2,2,daily,2024-02-04,baselinenowcast
2023-08-21,17,17,16,16,16,16,16,16,16,16,16,daily,2024-02-04,baselinenowcast
2023-08-22,11,11,7,7,7,7,7,7,7,7,7,daily,2024-02-04,baselinenowcast
2023-08-23,18,18,5,5,5,5,5,5,5,5,5,daily,2024-02-04,baselinenowcast
2023-08-24,10,10,7,7,7,7,7,7,7,7,7,daily,2024-02-04,baselinenowcast
2023-08-25,12,12,10,10,10,10,10,10,10,10,10,daily,2024-02-04,baselinenowcast
2023-08-26,15,15,13,13,13,13,13,13,13,13,13,daily,2024-02-04,baselinenowcast
2023-08-27,6,6,3,3,3,3,3,3,3,3,3,daily,2024-02-04,baselinenowcast
2023-08-28,3,3,2,2,2,2,2,2,2,2,2,daily,2024-02-04,baselinenowcast
2023-08-29,10,10,7,7,7,7,7,7,7,7,7,daily,2024-02-04,baselinenowcast
2023-08-30,17,17,15,15,15,15,15,15,15,15,15,daily,2024-02-04,baselinenowcast
2023-08-31,12,12,4,4,4,4,4,4,4,4,4,daily,2024-02-04,baselinenowcast
2023-09-01,8,8,3,3,3,3,3,3,3,3,3,daily,2024-02-04,baselinenowcast
2023-09-02,10,10,6,6,6,6,6,6,6,6,6,daily,2024-02-04,baselinenowcast
2023-09-03,7,7,1,1,1,1,1,1,1,1,1,daily,2024-02-04,baselinenowcast
2023-09-04,16,16,9,9,9,9,9,9,9,9,9,daily,2024-02-04,baselinenowcast
2023-09-05,9,9,5,5,5,5,5,5,5,5,5,daily,2024-02-04,baselinenowcast
2023-09-06,11,11,8,8,8,8,8,8,8,8,8,daily,2024-02-04,baselinenowcast
2023-09-07,15,15,3,3,3,3,3,3,3,3,3,daily,2024-02-04,baselinenowcast
2023-09-08,13,13,7,7,7,7,7,7,7,7,7,daily,2024-02-04,baselinenowcast
2023-09-09,13,13,10,10,10,10,10,10,10,10,10,daily,2024-02-04,baselinenowcast
2023-09-10,5,5,5,5,5,5,5,5,5,5,5,daily,2024-02-04,baselinenowcast
2023-09-11,18,18,11,11,11,11,11,11,11,11,11,daily,2024-02-04,baselinenowcast
2023-09-12,14,14,8,8,8,8,8,8,8,8,8,daily,2024-02-04,baselinenowcast
2023-09-13,11,11,7,7,7,7,7,7,7,7,7,daily,2024-02-04,baselinenowcast
2023-09-14,9,9,4,4,4,4,4,4,4,4,4,daily,2024-02-04,baselinenowcast
2023-09-15,17,17,6,6,6,6,6,6,6,6,6,daily,2024-02-04,baselinenowcast
2023-09-16,10,10,7,7,7,7,7,7,7,7,7,daily,2024-02-04,baselinenowcast
2023-09-17,4,4,4,4,4,4,4,4,4,4,4,daily,2024-02-04,baselinenowcast
2023-09-18,8,8,4,4,4,4,4,4,4,4,4,daily,2024-02-04,baselinenowcast
2023-09-19,13,13,11,11,11,11,11,11,11,11,11,daily,2024-02-04,baselinenowcast
2023-09-20,19,19,16,16,16,16,16,16,16,16,16,daily,2024-02-04,baselinenowcast
2023-09-21,8,8,2,2,2,2,2,2,2,2,2,daily,2024-02-04,baselinenowcast
2023-09-22,12,12,3,3,3,3,3,3,3,3,3,daily,2024-02-04,baselinenowcast
2023-09-23,11,11,10,10,10,10,10,10,10,10,10,daily,2024-02-04,baselinenowcast
2023-09-24,4,4,0,0,0,0,0,0,0,0,0,daily,2024-02-04,baselinenowcast
2023-09-25,4,4,2,2,2,2,2,2,2,2,2,daily,2024-02-04,baselinenowcast
2023-09-26,9,9,7,7,7,7,7,7,7,7,7,daily,2024-02-04,baselinenowcast
2023-09-27,6,6,3,3,3,3,3,3,3,3,3,daily,2024-02-04,baselinenowcast
2023-09-28,15,15,9,9,9,9,9,9,9,9,9,daily,2024-02-04,baselinenowcast
2023-09-29,7,7,4,4,4,4,4,4,4,4,4,daily,2024-02-04,baselinenowcast
2023-09-30,6,6,3,3,3,3,3,3,3,3,3,daily,2024-02-04,baselinenowcast
2023-10-01,7,7,0,0,0,0,0,0,0,0,0,daily,2024-02-04,baselinenowcast
2023-10-02,4,4,2,2,2,2,2,2,2,2,2,daily,2024-02-04,baselinenowcast
2023-10-03,6,6,5,5,5,5,5,5,5,5,5,daily,2024-02-04,baselinenowcast
2023-10-04,3,3,0,0,0,0,0,0,0,0,0,daily,2024-02-04,baselinenowcast
2023-10-05,10,10,6,6,6,6,6,6,6,6,6,daily,2024-02-04,baselinenowcast
2023-10-06,12,12,3,3,3,3,3,3,3,3,3,daily,2024-02-04,baselinenowcast
2023-10-07,3,3,1,1,1,1,1,1,1,1,1,daily,2024-02-04,baselinenowcast
2023-10-08,19,19,8,8,8,8,8,8,8,8,8,daily,2024-02-04,baselinenowcast
2023-10-09,21,21,9,9,9,9,9,9,9,9,9,daily,2024-02-04,baselinenowcast
2023-10-10,8,8,4,4,4,4,4,4,4,4,4,daily,2024-02-04,baselinenowcast
2023-10-11,9,9,5,5,5,5,5,5,5,5,5,daily,2024-02-04,baselinenowcast
2023-10-12,15,15,8,8,8,8,8,8,8,8,8,daily,2024-02-04,baselinenowcast
2023-10-13,17,17,12,12,12,12,12,12,12,12,12,daily,2024-02-04,baselinenowcast
2023-10-14,5,5,3,3,3,3,3,3,3,3,3,daily,2024-02-04,baselinenowcast
2023-10-15,14,14,8,8,8,8,8,8,8,8,8,daily,2024-02-04,baselinenowcast
2023-10-16,14,14,10,10,10,10,10,10,10,10,10,daily,2024-02-04,baselinenowcast
2023-10-17,17,17,15,15,15,15,15,15,15,15,15,daily,2024-02-04,baselinenowcast
2023-10-18,17,17,10,10,10,10,10,10,10,10,10,daily,2024-02-04,baselinenowcast
2023-10-19,16,16,7,7,7,7,7,7,7,7,7,daily,2024-02-04,baselinenowcast
2023-10-20,18,18,7,7,7,7,7,7,7,7,7,daily,2024-02-04,baselinenowcast
2023-10-21,14,14,4,4,4,4,4,4,4,4,4,daily,2024-02-04,baselinenowcast
2023-10-22,7,7,1,1,1,1,1,1,1,1,1,daily,2024-02-04,baselinenowcast
2023-10-23,12,12,10,10,10,10,10,10,10,10,10,daily,2024-02-04,baselinenowcast
2023-10-24,15,15,12,12,12,12,12,12,12,12,12,daily,2024-02-04,baselinenowcast
2023-10-25,17,17,10,10,10,10,10,10,10,10,10,daily,2024-02-04,baselinenowcast
2023-10-26,16,16,11,11,11,11,11,11,11,11,11,daily,2024-02-04,baselinenowcast
2023-10-27,10,10,7,7,7,7,7,7,7,7,7,daily,2024-02-04,baselinenowcast
2023-10-28,9,9,4,4,4,4,4,4,4,4,4,daily,2024-02-04,baselinenowcast
2023-10-29,7,7,1,1,1,1,1,1,1,1,1,daily,2024-02-04,baselinenowcast
2023-10-30,16,16,10,10,10,10,10,10,10,10,10,daily,2024-02-04,baselinenowcast
2023-10-31,8,8,6,6,6,6,6,6,6,6,6,daily,2024-02-04,baselinenowcast
2023-11-01,12,12,7,7,7,7,7,7,7,7,7,daily,2024-02-04,baselinenowcast
2023-11-02,27,27,13,13,13,13,13,13,13,13,13,daily,2024-02-04,baselinenowcast
2023-11-03,18,18,12,12,12,12,12,12,12,12,12,daily,2024-02-04,baselinenowcast
2023-11-04,13,13,1,1,1,1,1,1,1,1,1,daily,2024-02-04,baselinenowcast
2023-11-05,9,9,6,6,6,6,6,6,6,6,6,daily,2024-02-04,baselinenowcast
2023-11-06,23,23,13,13,13,13,13,13,13,13,13,daily,2024-02-04,baselinenowcast
2023-11-07,13,13,11,11,11,11,11,11,11,11,11,daily,2024-02-04,baselinenowcast
2023-11-08,7,7,5,5,5,5,5,5,5,5,5,daily,2024-02-04,baselinenowcast
2023-11-09,20,20,11,11,11,11,11,11,11,11,11,daily,2024-02-04,baselinenowcast
2023-11-10,19,19,16,16,16,16,16,16,16,16,16,daily,2024-02-04,baselinenowcast
2023-11-11,12,12,10,10,10,10,10,10,10,10,10,daily,2024-02-04,baselinenowcast
2023-11-12,14,14,8,8,8,8,8,8,8,8,8,daily,2024-02-04,baselinenowcast
2023-11-13,21,21,18,18,18,18,18,18,18,18,18,daily,2024-02-04,baselinenowcast
2023-11-14,14,14,11,11,11,11,11,11,11,11,11,daily,2024-02-04,baselinenowcast
2023-11-15,15,15,12,12,12,12,12,12,12,12,12,daily,2024-02-04,baselinenowcast
2023-11-16,21,21,15,15,15,15,15,15,15,15,15,daily,2024-02-04,baselinenowcast
2023-11-17,15,15,14,14,14,14,14,14,14,14,14,daily,2024-02-04,baselinenowcast
2023-11-18,14,14,8,8,8,8,8,8,8,8,8,daily,2024-02-04,baselinenowcast
2023-11-19,17,17,13,13,13,13,13,13,13,13,13,daily,2024-02-04,baselinenowcast
2023-11-20,29,29,25,25,25,25,25,25,25,25,25,daily,2024-02-04,baselinenowcast
2023-11-21,20,20,18,18,18,18,18,18,18,18,18,daily,2024-02-04,baselinenowcast
2023-11-22,19,19,17,17,17,17,17,17,17,17,17,daily,2024-02-04,baselinenowcast
2023-11-23,10,10,9,9,9,9,9,9,9,9,9,daily,2024-02-04,baselinenowcast
2023-11-24,17,17,10,10,10,10,10,10,10,10,10,daily,2024-02-04,baselinenowcast
2023-11-25,7,7,5,5,5,5,5,5,5,5,5,daily,2024-02-04,baselinenowcast
2023-11-26,10,10,8,8,8,8,8,8,8,8,8,daily,2024-02-04,baselinenowcast
2023-11-27,27,27,24,24,24,24,24,24,24,24,24,daily,2024-02-04,baselinenowcast
2023-11-28,25,25,23,23,23,23,23,23,23,23,23,daily,2024-02-04,baselinenowcast
2023-11-29,17,17,15,15,15,15,15,15,15,15,15,daily,2024-02-04,baselinenowcast
2023-11-30,20,20,16,16,16,16,16,16,16,16,16,daily,2024-02-04,baselinenowcast
2023-12-01,20,20,14,14,14,14,14,14,14,14,14,daily,2024-02-04,baselinenowcast
2023-12-02,22,22,17,17,17,17,17,17,17,17,17,daily,2024-02-04,baselinenowcast
2023-12-03,23,23,16,16,16,16,16,16,16,16,16,daily,2024-02-04,baselinenowcast
2023-12-04,39,39,35,35,35,35,35,35,35,35,35,daily,2024-02-04,baselinenowcast
2023-12-05,47,47,46,46,46,46,46,46,46,46,46,daily,2024-02-04,baselinenowcast
2023-12-06,44,44,41,41,41,41,41,41,41,41,41,daily,2024-02-04,baselinenowcast
2023-12-07,50,50,44,44,44,44,44,44,44,44,44,daily,2024-02-04,baselinenowcast
2023-12-08,37,37,30,30,30,30,30,30,30,30,30,daily,2024-02-04,baselinenowcast
2023-12-09,30,30,24,24,24,24,24,24,24,24,24,daily,2024-02-04,baselinenowcast
2023-12-10,23,23,18,18,18,18,18,18,18,18,18,daily,2024-02-04,baselinenowcast
2023-12-11,52,52,46,46,46,46,46,46,46,46,46,daily,2024-02-04,baselinenowcast
2023-12-12,31,31,29,29,29,29,29,29,29,29,29,daily,2024-02-04,baselinenowcast
2023-12-13,36,36,33,33,33,33,33,33,33,33,33,daily,2024-02-04,baselinenowcast
2023-12-14,34,34,30,30,30,30,30,30,30,30,30,daily,2024-02-04,baselinenowcast
2023-12-15,41,41,40,40,40,40,40,40,40,40,40,daily,2024-02-04,baselinenowcast
2023-12-16,29,29,26,26,26,26,26,26,26,26,26,daily,2024-02-04,baselinenowcast
2023-12-17,26,26,26,26,26,26,26,26,26,26,26,daily,2024-02-04,baselinenowcast
2023-12-18,55,56,50,50,50,50,50,50,50,50,50,daily,2024-02-04,baselinenowcast
2023-12-19,33,33,27,27,27,27,27,27,27,27,27,daily,2024-02-04,baselinenowcast
2023-12-20,47,47,43,43,43,43,43,43,43,43,43,daily,2024-02-04,baselinenowcast
2023-12-21,34,36,31,31,31,31,31,31,31,31,31,daily,2024-02-04,baselinenowcast
2023-12-22,37,37,29,29,29,29,29,29,29,29,29,daily,2024-02-04,baselinenowcast
2023-12-23,23,24,20,20,20,20,20,20,20,20,20,daily,2024-02-04,baselinenowcast
2023-12-24,26,27,22,22,22,22,22,22,22,22,22,daily,2024-02-04,baselinenowcast
2023-12-25,18,18,14,14,14,14,14,14,14,14,14,daily,2024-02-04,baselinenowcast
2023-12-26,23,25,19,19,19,19,19,19,19,19,19,daily,2024-02-04,baselinenowcast
2023-12-27,25,27,25,25,25,25,25,25,25,25,25,daily,2024-02-04,baselinenowcast
2023-12-28,32,34,31,31,31,31,31,31,31,31,31,daily,2024-02-04,baselinenowcast
2023-12-29,65,65,62,62,62,62,62,62,62,62,62,daily,2024-02-04,baselinenowcast
2023-12-30,18,18,11,11,11,11,11,11,11,11,11,daily,2024-02-04,baselinenowcast
2023-12-31,25,29,23,23,23,23,23,23,23,23,23,daily,2024-02-04,baselinenowcast
2024-01-01,20,20,19,19,19,19,19,19,19,19,19,daily,2024-02-04,baselinenowcast
2024-01-02,37,40,35,35,35,35,35,35,35,35,35,daily,2024-02-04,baselinenowcast
2024-01-03,57,58,51,51,51,51,51,51,51,51,51,daily,2024-02-04,baselinenowcast
2024-01-04,43,45,39,39,39,39,39,39,39,39,39,daily,2024-02-04,baselinenowcast
2024-01-05,20,21,20,20,20,20,20,20,20,20,20,daily,2024-02-04,baselinenowcast
2024-01-06,32,34,32,32,32,32,32,32,32,32,32,daily,2024-02-04,baselinenowcast
2024-01-07,25,28,23,23,23,23,23,23,23,23,23,daily,2024-02-04,baselinenowcast
2024-01-08,30,34,29,29,29,29,29,29,29,29,29,daily,2024-02-04,baselinenowcast
2024-01-09,17,23,17,17,17,17,17,17,17,17,17,daily,2024-02-04,baselinenowcast
2024-01-10,30,31,26,26,26,26,26,26,26,26,26,daily,2024-02-04,baselinenowcast
2024-01-11,35,39,34,34,34,34,34,34,34,34,34,daily,2024-02-04,baselinenowcast
2024-01-12,40,45,40,40,40,40,40,40,40,40,40,daily,2024-02-04,baselinenowcast
2024-01-13,30,32,29,29,29,29,29,29,29,29,29,daily,2024-02-04,baselinenowcast
2024-01-14,16,17,14,14,14,14,14,14,14,14,14,daily,2024-02-04,baselinenowcast
2024-01-15,39,41,39,39,39,39,39,39,39,39,39,daily,2024-02-04,baselinenowcast
2024-01-16,44,48,44,44,44,44,44,44,44,44,44,daily,2024-02-04,baselinenowcast
2024-01-17,52,54,52,52,52,52,52,52,52,52,52,daily,2024-02-04,baselinenowcast
2024-01-18,30,35,30,30,30,30,30,30,30,30,30,daily,2024-02-04,baselinenowcast
2024-01-19,36,41,36,36,36,36,36,36,36,36,36,daily,2024-02-04,baselinenowcast
2024-01-20,28,35,28,28,28,28,28,28,28,28,28,daily,2024-02-04,baselinenowcast
2024-01-21,26,28,26,26,26,26,26,26,26,26,26,daily,2024-02-04,baselinenowcast
2024-01-22,61,61,61,61,62,61,63,61,61,61,62,daily,2024-02-04,baselinenowcast
2024-01-23,33,39,33,33,35,33,36,33,33,33,34,daily,2024-02-04,baselinenowcast
2024-01-24,54,58,54,54,58,54,59,54,56,54,56,daily,2024-02-04,baselinenowcast
2024-01-25,37,41,38,37,41,37,42,37,39,37,39,daily,2024-02-04,baselinenowcast
2024-01-26,32,33,32,32,35,32,36,32,33,32,34,daily,2024-02-04,baselinenowcast
2024-01-27,24,29,24,24,27,24,28,24,25,24,26,daily,2024-02-04,baselinenowcast
2024-01-28,30,35,31,30,34,30,35,30,32,30,32,daily,2024-02-04,baselinenowcast
2024-01-29,33,46,34,33,37,33,38,33,35,33,35,daily,2024-02-04,baselinenowcast
2024-01-30,40,46,42,40,47,40,48,40,43,40,44,daily,2024-02-04,baselinenowcast
2024-01-31,35,41,37,35,43,35,44.02499999999998,36,39,36,40,daily,2024-02-04,baselinenowcast
2024-02-01,28,38,31,28,45,28,48,29,35.25,29,38,daily,2024-02-04,baselinenowcast
2024-02-02,22,36,27,22,48,22,55,24,33,23,37,daily,2024-02-04,baselinenowcast
2024-02-03,16,39,33,16,90,16,110.07499999999993,21,50,19,62,daily,2024-02-04,baselinenowcast
2024-02-04,4,31,46.5,7,176.24999999999977,6,224.04999999999995,22,88,16,109,daily,2024-02-04,baselinenowcast
2023-04-01,24,24,21,21,21,21,21,21,21,21,21,daily,2024-02-11,baselinenowcast
2023-04-02,23,23,18,18,18,18,18,18,18,18,18,daily,2024-02-11,baselinenowcast
2023-04-03,27,27,22,22,22,22,22,22,22,22,22,daily,2024-02-11,baselinenowcast
2023-04-04,44,44,35,35,35,35,35,35,35,35,35,daily,2024-02-11,baselinenowcast
2023-04-05,38,38,31,31,31,31,31,31,31,31,31,daily,2024-02-11,baselinenowcast
2023-04-06,33,33,28,28,28,28,28,28,28,28,28,daily,2024-02-11,baselinenowcast
2023-04-07,14,14,12,12,12,12,12,12,12,12,12,daily,2024-02-11,baselinenowcast
2023-04-08,26,26,20,20,20,20,20,20,20,20,20,daily,2024-02-11,baselinenowcast
2023-04-09,31,31,25,25,25,25,25,25,25,25,25,daily,2024-02-11,baselinenowcast
2023-04-10,17,17,12,12,12,12,12,12,12,12,12,daily,2024-02-11,baselinenowcast
2023-04-11,44,44,41,41,41,41,41,41,41,41,41,daily,2024-02-11,baselinenowcast
2023-04-12,32,32,27,27,27,27,27,27,27,27,27,daily,2024-02-11,baselinenowcast
2023-04-13,31,31,27,27,27,27,27,27,27,27,27,daily,2024-02-11,baselinenowcast
2023-04-14,27,27,20,20,20,20,20,20,20,20,20,daily,2024-02-11,baselinenowcast
2023-04-15,32,32,26,26,26,26,26,26,26,26,26,daily,2024-02-11,baselinenowcast
2023-04-16,17,17,12,12,12,12,12,12,12,12,12,daily,2024-02-11,baselinenowcast
2023-04-17,31,31,28,28,28,28,28,28,28,28,28,daily,2024-02-11,baselinenowcast
2023-04-18,23,23,17,17,17,17,17,17,17,17,17,daily,2024-02-11,baselinenowcast
2023-04-19,24,24,20,20,20,20,20,20,20,20,20,daily,2024-02-11,baselinenowcast
2023-04-20,16,16,12,12,12,12,12,12,12,12,12,daily,2024-02-11,baselinenowcast
2023-04-21,25,25,19,19,19,19,19,19,19,19,19,daily,2024-02-11,baselinenowcast
2023-04-22,8,8,8,8,8,8,8,8,8,8,8,daily,2024-02-11,baselinenowcast
2023-04-23,8,8,6,6,6,6,6,6,6,6,6,daily,2024-02-11,baselinenowcast
2023-04-24,14,14,14,14,14,14,14,14,14,14,14,daily,2024-02-11,baselinenowcast
2023-04-25,24,24,19,19,19,19,19,19,19,19,19,daily,2024-02-11,baselinenowcast
2023-04-26,26,26,23,23,23,23,23,23,23,23,23,daily,2024-02-11,baselinenowcast
2023-04-27,34,34,32,32,32,32,32,32,32,32,32,daily,2024-02-11,baselinenowcast
2023-04-28,20,20,12,12,12,12,12,12,12,12,12,daily,2024-02-11,baselinenowcast
2023-04-29,15,15,14,14,14,14,14,14,14,14,14,daily,2024-02-11,baselinenowcast
2023-04-30,20,20,15,15,15,15,15,15,15,15,15,daily,2024-02-11,baselinenowcast
2023-05-01,14,14,10,10,10,10,10,10,10,10,10,daily,2024-02-11,baselinenowcast
2023-05-02,25,25,14,14,14,14,14,14,14,14,14,daily,2024-02-11,baselinenowcast
2023-05-03,27,27,19,19,19,19,19,19,19,19,19,daily,2024-02-11,baselinenowcast
2023-05-04,42,42,29,29,29,29,29,29,29,29,29,daily,2024-02-11,baselinenowcast
2023-05-05,23,23,19,19,19,19,19,19,19,19,19,daily,2024-02-11,baselinenowcast
2023-05-06,13,13,11,11,11,11,11,11,11,11,11,daily,2024-02-11,baselinenowcast
2023-05-07,20,20,14,14,14,14,14,14,14,14,14,daily,2024-02-11,baselinenowcast
2023-05-08,16,16,13,13,13,13,13,13,13,13,13,daily,2024-02-11,baselinenowcast
2023-05-09,15,15,11,11,11,11,11,11,11,11,11,daily,2024-02-11,baselinenowcast
2023-05-10,26,26,21,21,21,21,21,21,21,21,21,daily,2024-02-11,baselinenowcast
2023-05-11,19,19,15,15,15,15,15,15,15,15,15,daily,2024-02-11,baselinenowcast
2023-05-12,21,21,15,15,15,15,15,15,15,15,15,daily,2024-02-11,baselinenowcast
2023-05-13,13,13,13,13,13,13,13,13,13,13,13,daily,2024-02-11,baselinenowcast
2023-05-14,24,24,10,10,10,10,10,10,10,10,10,daily,2024-02-11,baselinenowcast
2023-05-15,21,21,12,12,12,12,12,12,12,12,12,daily,2024-02-11,baselinenowcast
2023-05-16,23,23,19,19,19,19,19,19,19,19,19,daily,2024-02-11,baselinenowcast
2023-05-17,20,20,14,14,14,14,14,14,14,14,14,daily,2024-02-11,baselinenowcast
2023-05-18,23,23,12,12,12,12,12,12,12,12,12,daily,2024-02-11,baselinenowcast
2023-05-19,14,14,7,7,7,7,7,7,7,7,7,daily,2024-02-11,baselinenowcast
2023-05-20,12,12,7,7,7,7,7,7,7,7,7,daily,2024-02-11,baselinenowcast
2023-05-21,23,23,15,15,15,15,15,15,15,15,15,daily,2024-02-11,baselinenowcast
2023-05-22,18,18,12,12,12,12,12,12,12,12,12,daily,2024-02-11,baselinenowcast
2023-05-23,17,17,15,15,15,15,15,15,15,15,15,daily,2024-02-11,baselinenowcast
2023-05-24,22,22,12,12,12,12,12,12,12,12,12,daily,2024-02-11,baselinenowcast
2023-05-25,19,19,15,15,15,15,15,15,15,15,15,daily,2024-02-11,baselinenowcast
2023-05-26,20,20,16,16,16,16,16,16,16,16,16,daily,2024-02-11,baselinenowcast
2023-05-27,11,11,2,2,2,2,2,2,2,2,2,daily,2024-02-11,baselinenowcast
2023-05-28,6,6,6,6,6,6,6,6,6,6,6,daily,2024-02-11,baselinenowcast
2023-05-29,9,9,2,2,2,2,2,2,2,2,2,daily,2024-02-11,baselinenowcast
2023-05-30,26,26,21,21,21,21,21,21,21,21,21,daily,2024-02-11,baselinenowcast
2023-05-31,22,22,15,15,15,15,15,15,15,15,15,daily,2024-02-11,baselinenowcast
2023-06-01,18,18,8,8,8,8,8,8,8,8,8,daily,2024-02-11,baselinenowcast
2023-06-02,17,17,10,10,10,10,10,10,10,10,10,daily,2024-02-11,baselinenowcast
2023-06-03,10,10,6,6,6,6,6,6,6,6,6,daily,2024-02-11,baselinenowcast
2023-06-04,15,15,8,8,8,8,8,8,8,8,8,daily,2024-02-11,baselinenowcast
2023-06-05,22,22,17,17,17,17,17,17,17,17,17,daily,2024-02-11,baselinenowcast
2023-06-06,29,29,21,21,21,21,21,21,21,21,21,daily,2024-02-11,baselinenowcast
2023-06-07,27,27,22,22,22,22,22,22,22,22,22,daily,2024-02-11,baselinenowcast
2023-06-08,21,21,11,11,11,11,11,11,11,11,11,daily,2024-02-11,baselinenowcast
2023-06-09,7,7,2,2,2,2,2,2,2,2,2,daily,2024-02-11,baselinenowcast
2023-06-10,12,12,11,11,11,11,11,11,11,11,11,daily,2024-02-11,baselinenowcast
2023-06-11,7,7,2,2,2,2,2,2,2,2,2,daily,2024-02-11,baselinenowcast
2023-06-12,15,15,10,10,10,10,10,10,10,10,10,daily,2024-02-11,baselinenowcast
2023-06-13,17,17,15,15,15,15,15,15,15,15,15,daily,2024-02-11,baselinenowcast
2023-06-14,9,9,3,3,3,3,3,3,3,3,3,daily,2024-02-11,baselinenowcast
2023-06-15,22,22,9,9,9,9,9,9,9,9,9,daily,2024-02-11,baselinenowcast
2023-06-16,17,17,17,17,17,17,17,17,17,17,17,daily,2024-02-11,baselinenowcast
2023-06-17,12,12,10,10,10,10,10,10,10,10,10,daily,2024-02-11,baselinenowcast
2023-06-18,5,5,1,1,1,1,1,1,1,1,1,daily,2024-02-11,baselinenowcast
2023-06-19,16,16,11,11,11,11,11,11,11,11,11,daily,2024-02-11,baselinenowcast
2023-06-20,17,17,10,10,10,10,10,10,10,10,10,daily,2024-02-11,baselinenowcast
2023-06-21,15,15,12,12,12,12,12,12,12,12,12,daily,2024-02-11,baselinenowcast
2023-06-22,18,18,17,17,17,17,17,17,17,17,17,daily,2024-02-11,baselinenowcast
2023-06-23,10,10,7,7,7,7,7,7,7,7,7,daily,2024-02-11,baselinenowcast
2023-06-24,8,8,6,6,6,6,6,6,6,6,6,daily,2024-02-11,baselinenowcast
2023-06-25,15,15,6,6,6,6,6,6,6,6,6,daily,2024-02-11,baselinenowcast
2023-06-26,2,2,2,2,2,2,2,2,2,2,2,daily,2024-02-11,baselinenowcast
2023-06-27,11,11,10,10,10,10,10,10,10,10,10,daily,2024-02-11,baselinenowcast
2023-06-28,15,15,12,12,12,12,12,12,12,12,12,daily,2024-02-11,baselinenowcast
2023-06-29,12,12,9,9,9,9,9,9,9,9,9,daily,2024-02-11,baselinenowcast
2023-06-30,7,7,6,6,6,6,6,6,6,6,6,daily,2024-02-11,baselinenowcast
2023-07-01,4,4,1,1,1,1,1,1,1,1,1,daily,2024-02-11,baselinenowcast
2023-07-02,8,8,2,2,2,2,2,2,2,2,2,daily,2024-02-11,baselinenowcast
2023-07-03,23,23,13,13,13,13,13,13,13,13,13,daily,2024-02-11,baselinenowcast
2023-07-04,13,13,10,10,10,10,10,10,10,10,10,daily,2024-02-11,baselinenowcast
2023-07-05,19,19,17,17,17,17,17,17,17,17,17,daily,2024-02-11,baselinenowcast
2023-07-06,14,14,8,8,8,8,8,8,8,8,8,daily,2024-02-11,baselinenowcast
2023-07-07,15,15,12,12,12,12,12,12,12,12,12,daily,2024-02-11,baselinenowcast
2023-07-08,5,5,2,2,2,2,2,2,2,2,2,daily,2024-02-11,baselinenowcast
2023-07-09,5,5,3,3,3,3,3,3,3,3,3,daily,2024-02-11,baselinenowcast
2023-07-10,13,13,10,10,10,10,10,10,10,10,10,daily,2024-02-11,baselinenowcast
2023-07-11,13,13,10,10,10,10,10,10,10,10,10,daily,2024-02-11,baselinenowcast
2023-07-12,13,13,10,10,10,10,10,10,10,10,10,daily,2024-02-11,baselinenowcast
2023-07-13,18,18,14,14,14,14,14,14,14,14,14,daily,2024-02-11,baselinenowcast
2023-07-14,10,10,9,9,9,9,9,9,9,9,9,daily,2024-02-11,baselinenowcast
2023-07-15,9,9,7,7,7,7,7,7,7,7,7,daily,2024-02-11,baselinenowcast
2023-07-16,19,19,6,6,6,6,6,6,6,6,6,daily,2024-02-11,baselinenowcast
2023-07-17,9,9,6,6,6,6,6,6,6,6,6,daily,2024-02-11,baselinenowcast
2023-07-18,22,22,16,16,16,16,16,16,16,16,16,daily,2024-02-11,baselinenowcast
2023-07-19,17,17,11,11,11,11,11,11,11,11,11,daily,2024-02-11,baselinenowcast
2023-07-20,27,27,19,19,19,19,19,19,19,19,19,daily,2024-02-11,baselinenowcast
2023-07-21,15,15,5,5,5,5,5,5,5,5,5,daily,2024-02-11,baselinenowcast
2023-07-22,6,6,3,3,3,3,3,3,3,3,3,daily,2024-02-11,baselinenowcast
2023-07-23,10,10,5,5,5,5,5,5,5,5,5,daily,2024-02-11,baselinenowcast
2023-07-24,15,15,14,14,14,14,14,14,14,14,14,daily,2024-02-11,baselinenowcast
2023-07-25,23,23,16,16,16,16,16,16,16,16,16,daily,2024-02-11,baselinenowcast
2023-07-26,15,15,10,10,10,10,10,10,10,10,10,daily,2024-02-11,baselinenowcast
2023-07-27,25,25,13,13,13,13,13,13,13,13,13,daily,2024-02-11,baselinenowcast
2023-07-28,9,9,8,8,8,8,8,8,8,8,8,daily,2024-02-11,baselinenowcast
2023-07-29,8,8,4,4,4,4,4,4,4,4,4,daily,2024-02-11,baselinenowcast
2023-07-30,6,6,3,3,3,3,3,3,3,3,3,daily,2024-02-11,baselinenowcast
2023-07-31,14,14,8,8,8,8,8,8,8,8,8,daily,2024-02-11,baselinenowcast
2023-08-01,9,9,3,3,3,3,3,3,3,3,3,daily,2024-02-11,baselinenowcast
2023-08-02,12,12,8,8,8,8,8,8,8,8,8,daily,2024-02-11,baselinenowcast
2023-08-03,21,21,15,15,15,15,15,15,15,15,15,daily,2024-02-11,baselinenowcast
2023-08-04,2,2,2,2,2,2,2,2,2,2,2,daily,2024-02-11,baselinenowcast
2023-08-05,10,10,7,7,7,7,7,7,7,7,7,daily,2024-02-11,baselinenowcast
2023-08-06,5,5,3,3,3,3,3,3,3,3,3,daily,2024-02-11,baselinenowcast
2023-08-07,15,15,7,7,7,7,7,7,7,7,7,daily,2024-02-11,baselinenowcast
2023-08-08,26,26,20,20,20,20,20,20,20,20,20,daily,2024-02-11,baselinenowcast
2023-08-09,15,15,13,13,13,13,13,13,13,13,13,daily,2024-02-11,baselinenowcast
2023-08-10,14,14,7,7,7,7,7,7,7,7,7,daily,2024-02-11,baselinenowcast
2023-08-11,16,16,13,13,13,13,13,13,13,13,13,daily,2024-02-11,baselinenowcast
2023-08-12,8,8,5,5,5,5,5,5,5,5,5,daily,2024-02-11,baselinenowcast
2023-08-13,4,4,2,2,2,2,2,2,2,2,2,daily,2024-02-11,baselinenowcast
2023-08-14,22,22,14,14,14,14,14,14,14,14,14,daily,2024-02-11,baselinenowcast
2023-08-15,16,16,13,13,13,13,13,13,13,13,13,daily,2024-02-11,baselinenowcast
2023-08-16,8,8,6,6,6,6,6,6,6,6,6,daily,2024-02-11,baselinenowcast
2023-08-17,18,18,16,16,16,16,16,16,16,16,16,daily,2024-02-11,baselinenowcast
2023-08-18,17,17,14,14,14,14,14,14,14,14,14,daily,2024-02-11,baselinenowcast
2023-08-19,11,11,5,5,5,5,5,5,5,5,5,daily,2024-02-11,baselinenowcast
2023-08-20,7,7,2,2,2,2,2,2,2,2,2,daily,2024-02-11,baselinenowcast
2023-08-21,17,17,16,16,16,16,16,16,16,16,16,daily,2024-02-11,baselinenowcast
2023-08-22,11,11,7,7,7,7,7,7,7,7,7,daily,2024-02-11,baselinenowcast
2023-08-23,18,18,5,5,5,5,5,5,5,5,5,daily,2024-02-11,baselinenowcast
2023-08-24,10,10,7,7,7,7,7,7,7,7,7,daily,2024-02-11,baselinenowcast
2023-08-25,12,12,10,10,10,10,10,10,10,10,10,daily,2024-02-11,baselinenowcast
2023-08-26,15,15,13,13,13,13,13,13,13,13,13,daily,2024-02-11,baselinenowcast
2023-08-27,6,6,3,3,3,3,3,3,3,3,3,daily,2024-02-11,baselinenowcast
2023-08-28,3,3,2,2,2,2,2,2,2,2,2,daily,2024-02-11,baselinenowcast
2023-08-29,10,10,7,7,7,7,7,7,7,7,7,daily,2024-02-11,baselinenowcast
2023-08-30,17,17,15,15,15,15,15,15,15,15,15,daily,2024-02-11,baselinenowcast
2023-08-31,12,12,4,4,4,4,4,4,4,4,4,daily,2024-02-11,baselinenowcast
2023-09-01,8,8,3,3,3,3,3,3,3,3,3,daily,2024-02-11,baselinenowcast
2023-09-02,10,10,6,6,6,6,6,6,6,6,6,daily,2024-02-11,baselinenowcast
2023-09-03,7,7,1,1,1,1,1,1,1,1,1,daily,2024-02-11,baselinenowcast
2023-09-04,16,16,9,9,9,9,9,9,9,9,9,daily,2024-02-11,baselinenowcast
2023-09-05,9,9,5,5,5,5,5,5,5,5,5,daily,2024-02-11,baselinenowcast
2023-09-06,11,11,8,8,8,8,8,8,8,8,8,daily,2024-02-11,baselinenowcast
2023-09-07,15,15,3,3,3,3,3,3,3,3,3,daily,2024-02-11,baselinenowcast
2023-09-08,13,13,7,7,7,7,7,7,7,7,7,daily,2024-02-11,baselinenowcast
2023-09-09,13,13,10,10,10,10,10,10,10,10,10,daily,2024-02-11,baselinenowcast
2023-09-10,5,5,5,5,5,5,5,5,5,5,5,daily,2024-02-11,baselinenowcast
2023-09-11,18,18,11,11,11,11,11,11,11,11,11,daily,2024-02-11,baselinenowcast
2023-09-12,14,14,8,8,8,8,8,8,8,8,8,daily,2024-02-11,baselinenowcast
2023-09-13,11,11,7,7,7,7,7,7,7,7,7,daily,2024-02-11,baselinenowcast
2023-09-14,9,9,4,4,4,4,4,4,4,4,4,daily,2024-02-11,baselinenowcast
2023-09-15,17,17,6,6,6,6,6,6,6,6,6,daily,2024-02-11,baselinenowcast
2023-09-16,10,10,7,7,7,7,7,7,7,7,7,daily,2024-02-11,baselinenowcast
2023-09-17,4,4,4,4,4,4,4,4,4,4,4,daily,2024-02-11,baselinenowcast
2023-09-18,8,8,4,4,4,4,4,4,4,4,4,daily,2024-02-11,baselinenowcast
2023-09-19,13,13,11,11,11,11,11,11,11,11,11,daily,2024-02-11,baselinenowcast
2023-09-20,19,19,16,16,16,16,16,16,16,16,16,daily,2024-02-11,baselinenowcast
2023-09-21,8,8,2,2,2,2,2,2,2,2,2,daily,2024-02-11,baselinenowcast
2023-09-22,12,12,3,3,3,3,3,3,3,3,3,daily,2024-02-11,baselinenowcast
2023-09-23,11,11,10,10,10,10,10,10,10,10,10,daily,2024-02-11,baselinenowcast
2023-09-24,4,4,0,0,0,0,0,0,0,0,0,daily,2024-02-11,baselinenowcast
2023-09-25,4,4,2,2,2,2,2,2,2,2,2,daily,2024-02-11,baselinenowcast
2023-09-26,9,9,7,7,7,7,7,7,7,7,7,daily,2024-02-11,baselinenowcast
2023-09-27,6,6,3,3,3,3,3,3,3,3,3,daily,2024-02-11,baselinenowcast
2023-09-28,15,15,9,9,9,9,9,9,9,9,9,daily,2024-02-11,baselinenowcast
2023-09-29,7,7,4,4,4,4,4,4,4,4,4,daily,2024-02-11,baselinenowcast
2023-09-30,6,6,3,3,3,3,3,3,3,3,3,daily,2024-02-11,baselinenowcast
2023-10-01,7,7,0,0,0,0,0,0,0,0,0,daily,2024-02-11,baselinenowcast
2023-10-02,4,4,2,2,2,2,2,2,2,2,2,daily,2024-02-11,baselinenowcast
2023-10-03,6,6,5,5,5,5,5,5,5,5,5,daily,2024-02-11,baselinenowcast
2023-10-04,3,3,0,0,0,0,0,0,0,0,0,daily,2024-02-11,baselinenowcast
2023-10-05,10,10,6,6,6,6,6,6,6,6,6,daily,2024-02-11,baselinenowcast
2023-10-06,12,12,3,3,3,3,3,3,3,3,3,daily,2024-02-11,baselinenowcast
2023-10-07,3,3,1,1,1,1,1,1,1,1,1,daily,2024-02-11,baselinenowcast
2023-10-08,19,19,8,8,8,8,8,8,8,8,8,daily,2024-02-11,baselinenowcast
2023-10-09,21,21,9,9,9,9,9,9,9,9,9,daily,2024-02-11,baselinenowcast
2023-10-10,8,8,4,4,4,4,4,4,4,4,4,daily,2024-02-11,baselinenowcast
2023-10-11,9,9,5,5,5,5,5,5,5,5,5,daily,2024-02-11,baselinenowcast
2023-10-12,15,15,8,8,8,8,8,8,8,8,8,daily,2024-02-11,baselinenowcast
2023-10-13,17,17,12,12,12,12,12,12,12,12,12,daily,2024-02-11,baselinenowcast
2023-10-14,5,5,3,3,3,3,3,3,3,3,3,daily,2024-02-11,baselinenowcast
2023-10-15,14,14,8,8,8,8,8,8,8,8,8,daily,2024-02-11,baselinenowcast
2023-10-16,14,14,10,10,10,10,10,10,10,10,10,daily,2024-02-11,baselinenowcast
2023-10-17,17,17,15,15,15,15,15,15,15,15,15,daily,2024-02-11,baselinenowcast
2023-10-18,17,17,10,10,10,10,10,10,10,10,10,daily,2024-02-11,baselinenowcast
2023-10-19,16,16,7,7,7,7,7,7,7,7,7,daily,2024-02-11,baselinenowcast
2023-10-20,18,18,7,7,7,7,7,7,7,7,7,daily,2024-02-11,baselinenowcast
2023-10-21,14,14,4,4,4,4,4,4,4,4,4,daily,2024-02-11,baselinenowcast
2023-10-22,7,7,1,1,1,1,1,1,1,1,1,daily,2024-02-11,baselinenowcast
2023-10-23,12,12,10,10,10,10,10,10,10,10,10,daily,2024-02-11,baselinenowcast
2023-10-24,15,15,12,12,12,12,12,12,12,12,12,daily,2024-02-11,baselinenowcast
2023-10-25,17,17,10,10,10,10,10,10,10,10,10,daily,2024-02-11,baselinenowcast
2023-10-26,16,16,11,11,11,11,11,11,11,11,11,daily,2024-02-11,baselinenowcast
2023-10-27,10,10,7,7,7,7,7,7,7,7,7,daily,2024-02-11,baselinenowcast
2023-10-28,9,9,4,4,4,4,4,4,4,4,4,daily,2024-02-11,baselinenowcast
2023-10-29,7,7,1,1,1,1,1,1,1,1,1,daily,2024-02-11,baselinenowcast
2023-10-30,16,16,10,10,10,10,10,10,10,10,10,daily,2024-02-11,baselinenowcast
2023-10-31,8,8,6,6,6,6,6,6,6,6,6,daily,2024-02-11,baselinenowcast
2023-11-01,12,12,7,7,7,7,7,7,7,7,7,daily,2024-02-11,baselinenowcast
2023-11-02,27,27,13,13,13,13,13,13,13,13,13,daily,2024-02-11,baselinenowcast
2023-11-03,18,18,12,12,12,12,12,12,12,12,12,daily,2024-02-11,baselinenowcast
2023-11-04,13,13,1,1,1,1,1,1,1,1,1,daily,2024-02-11,baselinenowcast
2023-11-05,9,9,6,6,6,6,6,6,6,6,6,daily,2024-02-11,baselinenowcast
2023-11-06,23,23,13,13,13,13,13,13,13,13,13,daily,2024-02-11,baselinenowcast
2023-11-07,13,13,11,11,11,11,11,11,11,11,11,daily,2024-02-11,baselinenowcast
2023-11-08,7,7,5,5,5,5,5,5,5,5,5,daily,2024-02-11,baselinenowcast
2023-11-09,20,20,11,11,11,11,11,11,11,11,11,daily,2024-02-11,baselinenowcast
2023-11-10,19,19,16,16,16,16,16,16,16,16,16,daily,2024-02-11,baselinenowcast
2023-11-11,12,12,10,10,10,10,10,10,10,10,10,daily,2024-02-11,baselinenowcast
2023-11-12,14,14,8,8,8,8,8,8,8,8,8,daily,2024-02-11,baselinenowcast
2023-11-13,21,21,18,18,18,18,18,18,18,18,18,daily,2024-02-11,baselinenowcast
2023-11-14,14,14,11,11,11,11,11,11,11,11,11,daily,2024-02-11,baselinenowcast
2023-11-15,15,15,12,12,12,12,12,12,12,12,12,daily,2024-02-11,baselinenowcast
2023-11-16,21,21,15,15,15,15,15,15,15,15,15,daily,2024-02-11,baselinenowcast
2023-11-17,15,15,14,14,14,14,14,14,14,14,14,daily,2024-02-11,baselinenowcast
2023-11-18,14,14,8,8,8,8,8,8,8,8,8,daily,2024-02-11,baselinenowcast
2023-11-19,17,17,13,13,13,13,13,13,13,13,13,daily,2024-02-11,baselinenowcast
2023-11-20,29,29,25,25,25,25,25,25,25,25,25,daily,2024-02-11,baselinenowcast
2023-11-21,20,20,18,18,18,18,18,18,18,18,18,daily,2024-02-11,baselinenowcast
2023-11-22,19,19,17,17,17,17,17,17,17,17,17,daily,2024-02-11,baselinenowcast
2023-11-23,10,10,9,9,9,9,9,9,9,9,9,daily,2024-02-11,baselinenowcast
2023-11-24,17,17,10,10,10,10,10,10,10,10,10,daily,2024-02-11,baselinenowcast
2023-11-25,7,7,5,5,5,5,5,5,5,5,5,daily,2024-02-11,baselinenowcast
2023-11-26,10,10,8,8,8,8,8,8,8,8,8,daily,2024-02-11,baselinenowcast
2023-11-27,27,27,24,24,24,24,24,24,24,24,24,daily,2024-02-11,baselinenowcast
2023-11-28,25,25,23,23,23,23,23,23,23,23,23,daily,2024-02-11,baselinenowcast
2023-11-29,17,17,15,15,15,15,15,15,15,15,15,daily,2024-02-11,baselinenowcast
2023-11-30,20,20,16,16,16,16,16,16,16,16,16,daily,2024-02-11,baselinenowcast
2023-12-01,20,20,14,14,14,14,14,14,14,14,14,daily,2024-02-11,baselinenowcast
2023-12-02,22,22,17,17,17,17,17,17,17,17,17,daily,2024-02-11,baselinenowcast
2023-12-03,23,23,16,16,16,16,16,16,16,16,16,daily,2024-02-11,baselinenowcast
2023-12-04,39,39,35,35,35,35,35,35,35,35,35,daily,2024-02-11,baselinenowcast
2023-12-05,47,47,46,46,46,46,46,46,46,46,46,daily,2024-02-11,baselinenowcast
2023-12-06,44,44,41,41,41,41,41,41,41,41,41,daily,2024-02-11,baselinenowcast
2023-12-07,50,50,44,44,44,44,44,44,44,44,44,daily,2024-02-11,baselinenowcast
2023-12-08,37,37,30,30,30,30,30,30,30,30,30,daily,2024-02-11,baselinenowcast
2023-12-09,30,30,24,24,24,24,24,24,24,24,24,daily,2024-02-11,baselinenowcast
2023-12-10,23,23,18,18,18,18,18,18,18,18,18,daily,2024-02-11,baselinenowcast
2023-12-11,52,52,46,46,46,46,46,46,46,46,46,daily,2024-02-11,baselinenowcast
2023-12-12,31,31,29,29,29,29,29,29,29,29,29,daily,2024-02-11,baselinenowcast
2023-12-13,36,36,33,33,33,33,33,33,33,33,33,daily,2024-02-11,baselinenowcast
2023-12-14,34,34,30,30,30,30,30,30,30,30,30,daily,2024-02-11,baselinenowcast
2023-12-15,41,41,40,40,40,40,40,40,40,40,40,daily,2024-02-11,baselinenowcast
2023-12-16,29,29,26,26,26,26,26,26,26,26,26,daily,2024-02-11,baselinenowcast
2023-12-17,26,26,26,26,26,26,26,26,26,26,26,daily,2024-02-11,baselinenowcast
2023-12-18,56,56,50,50,50,50,50,50,50,50,50,daily,2024-02-11,baselinenowcast
2023-12-19,33,33,27,27,27,27,27,27,27,27,27,daily,2024-02-11,baselinenowcast
2023-12-20,47,47,43,43,43,43,43,43,43,43,43,daily,2024-02-11,baselinenowcast
2023-12-21,36,36,31,31,31,31,31,31,31,31,31,daily,2024-02-11,baselinenowcast
2023-12-22,37,37,29,29,29,29,29,29,29,29,29,daily,2024-02-11,baselinenowcast
2023-12-23,24,24,20,20,20,20,20,20,20,20,20,daily,2024-02-11,baselinenowcast
2023-12-24,27,27,22,22,22,22,22,22,22,22,22,daily,2024-02-11,baselinenowcast
2023-12-25,18,18,14,14,14,14,14,14,14,14,14,daily,2024-02-11,baselinenowcast
2023-12-26,25,25,19,19,19,19,19,19,19,19,19,daily,2024-02-11,baselinenowcast
2023-12-27,27,27,25,25,25,25,25,25,25,25,25,daily,2024-02-11,baselinenowcast
2023-12-28,34,34,31,31,31,31,31,31,31,31,31,daily,2024-02-11,baselinenowcast
2023-12-29,65,65,62,62,62,62,62,62,62,62,62,daily,2024-02-11,baselinenowcast
2023-12-30,18,18,11,11,11,11,11,11,11,11,11,daily,2024-02-11,baselinenowcast
2023-12-31,28,29,23,23,23,23,23,23,23,23,23,daily,2024-02-11,baselinenowcast
2024-01-01,20,20,19,19,19,19,19,19,19,19,19,daily,2024-02-11,baselinenowcast
2024-01-02,38,40,35,35,35,35,35,35,35,35,35,daily,2024-02-11,baselinenowcast
2024-01-03,58,58,51,51,51,51,51,51,51,51,51,daily,2024-02-11,baselinenowcast
2024-01-04,43,45,39,39,39,39,39,39,39,39,39,daily,2024-02-11,baselinenowcast
2024-01-05,20,21,20,20,20,20,20,20,20,20,20,daily,2024-02-11,baselinenowcast
2024-01-06,33,34,32,32,32,32,32,32,32,32,32,daily,2024-02-11,baselinenowcast
2024-01-07,25,28,23,23,23,23,23,23,23,23,23,daily,2024-02-11,baselinenowcast
2024-01-08,32,34,29,29,29,29,29,29,29,29,29,daily,2024-02-11,baselinenowcast
2024-01-09,17,23,17,17,17,17,17,17,17,17,17,daily,2024-02-11,baselinenowcast
2024-01-10,31,31,26,26,26,26,26,26,26,26,26,daily,2024-02-11,baselinenowcast
2024-01-11,35,39,34,34,34,34,34,34,34,34,34,daily,2024-02-11,baselinenowcast
2024-01-12,43,45,40,40,40,40,40,40,40,40,40,daily,2024-02-11,baselinenowcast
2024-01-13,31,32,29,29,29,29,29,29,29,29,29,daily,2024-02-11,baselinenowcast
2024-01-14,16,17,14,14,14,14,14,14,14,14,14,daily,2024-02-11,baselinenowcast
2024-01-15,39,41,39,39,39,39,39,39,39,39,39,daily,2024-02-11,baselinenowcast
2024-01-16,45,48,44,44,44,44,44,44,44,44,44,daily,2024-02-11,baselinenowcast
2024-01-17,53,54,52,52,52,52,52,52,52,52,52,daily,2024-02-11,baselinenowcast
2024-01-18,33,35,30,30,30,30,30,30,30,30,30,daily,2024-02-11,baselinenowcast
2024-01-19,38,41,36,36,36,36,36,36,36,36,36,daily,2024-02-11,baselinenowcast
2024-01-20,29,35,28,28,28,28,28,28,28,28,28,daily,2024-02-11,baselinenowcast
2024-01-21,27,28,26,26,26,26,26,26,26,26,26,daily,2024-02-11,baselinenowcast
2024-01-22,61,61,61,61,61,61,61,61,61,61,61,daily,2024-02-11,baselinenowcast
2024-01-23,33,39,33,33,33,33,33,33,33,33,33,daily,2024-02-11,baselinenowcast
2024-01-24,56,58,54,54,54,54,54,54,54,54,54,daily,2024-02-11,baselinenowcast
2024-01-25,37,41,37,37,37,37,37,37,37,37,37,daily,2024-02-11,baselinenowcast
2024-01-26,33,33,32,32,32,32,32,32,32,32,32,daily,2024-02-11,baselinenowcast
2024-01-27,24,29,24,24,24,24,24,24,24,24,24,daily,2024-02-11,baselinenowcast
2024-01-28,30,35,30,30,30,30,30,30,30,30,30,daily,2024-02-11,baselinenowcast
2024-01-29,40,46,40,40,40,40,40,40,40,40,40,daily,2024-02-11,baselinenowcast
2024-01-30,40,46,40,40,40,40,40,40,40,40,40,daily,2024-02-11,baselinenowcast
2024-01-31,36,41,36,36,37,36,38,36,36,36,36,daily,2024-02-11,baselinenowcast
2024-02-01,36,38,36,36,38,36,39,36,37,36,37,daily,2024-02-11,baselinenowcast
2024-02-02,35,36,35,35,37,35,38,35,36,35,36,daily,2024-02-11,baselinenowcast
2024-02-03,32,39,32,32,35,32,37,32,33,32,34,daily,2024-02-11,baselinenowcast
2024-02-04,22,31,22,22,25,22,26,22,23,22,23,daily,2024-02-11,baselinenowcast
2024-02-05,31,35,31,31,36,31,37,31,33,31,33,daily,2024-02-11,baselinenowcast
2024-02-06,21,27,21,21,25,21,26,21,23,21,23,daily,2024-02-11,baselinenowcast
2024-02-07,32,33,34,32,39,32,41,33,36,32,37,daily,2024-02-11,baselinenowcast
2024-02-08,20,28,22,20,31,20,32.02499999999998,20,24,20,25.16999999999996,daily,2024-02-11,baselinenowcast
2024-02-09,19,44,22,19,35,19,38.02499999999998,20,26,20,28,daily,2024-02-11,baselinenowcast
2024-02-10,3,18,6,3,19,3,22,4,9,3,12,daily,2024-02-11,baselinenowcast
2024-02-11,1,40,16,2,58,1,71,8,29,6,35,daily,2024-02-11,baselinenowcast
2023-04-01,24,24,21,21,21,21,21,21,21,21,21,daily,2024-02-18,baselinenowcast
2023-04-02,23,23,18,18,18,18,18,18,18,18,18,daily,2024-02-18,baselinenowcast
2023-04-03,27,27,22,22,22,22,22,22,22,22,22,daily,2024-02-18,baselinenowcast
2023-04-04,44,44,35,35,35,35,35,35,35,35,35,daily,2024-02-18,baselinenowcast
2023-04-05,38,38,31,31,31,31,31,31,31,31,31,daily,2024-02-18,baselinenowcast
2023-04-06,33,33,28,28,28,28,28,28,28,28,28,daily,2024-02-18,baselinenowcast
2023-04-07,14,14,12,12,12,12,12,12,12,12,12,daily,2024-02-18,baselinenowcast
2023-04-08,26,26,20,20,20,20,20,20,20,20,20,daily,2024-02-18,baselinenowcast
2023-04-09,31,31,25,25,25,25,25,25,25,25,25,daily,2024-02-18,baselinenowcast
2023-04-10,17,17,12,12,12,12,12,12,12,12,12,daily,2024-02-18,baselinenowcast
2023-04-11,44,44,41,41,41,41,41,41,41,41,41,daily,2024-02-18,baselinenowcast
2023-04-12,32,32,27,27,27,27,27,27,27,27,27,daily,2024-02-18,baselinenowcast
2023-04-13,31,31,27,27,27,27,27,27,27,27,27,daily,2024-02-18,baselinenowcast
2023-04-14,27,27,20,20,20,20,20,20,20,20,20,daily,2024-02-18,baselinenowcast
2023-04-15,32,32,26,26,26,26,26,26,26,26,26,daily,2024-02-18,baselinenowcast
2023-04-16,17,17,12,12,12,12,12,12,12,12,12,daily,2024-02-18,baselinenowcast
2023-04-17,31,31,28,28,28,28,28,28,28,28,28,daily,2024-02-18,baselinenowcast
2023-04-18,23,23,17,17,17,17,17,17,17,17,17,daily,2024-02-18,baselinenowcast
2023-04-19,24,24,20,20,20,20,20,20,20,20,20,daily,2024-02-18,baselinenowcast
2023-04-20,16,16,12,12,12,12,12,12,12,12,12,daily,2024-02-18,baselinenowcast
2023-04-21,25,25,19,19,19,19,19,19,19,19,19,daily,2024-02-18,baselinenowcast
2023-04-22,8,8,8,8,8,8,8,8,8,8,8,daily,2024-02-18,baselinenowcast
2023-04-23,8,8,6,6,6,6,6,6,6,6,6,daily,2024-02-18,baselinenowcast
2023-04-24,14,14,14,14,14,14,14,14,14,14,14,daily,2024-02-18,baselinenowcast
2023-04-25,24,24,19,19,19,19,19,19,19,19,19,daily,2024-02-18,baselinenowcast
2023-04-26,26,26,23,23,23,23,23,23,23,23,23,daily,2024-02-18,baselinenowcast
2023-04-27,34,34,32,32,32,32,32,32,32,32,32,daily,2024-02-18,baselinenowcast
2023-04-28,20,20,12,12,12,12,12,12,12,12,12,daily,2024-02-18,baselinenowcast
2023-04-29,15,15,14,14,14,14,14,14,14,14,14,daily,2024-02-18,baselinenowcast
2023-04-30,20,20,15,15,15,15,15,15,15,15,15,daily,2024-02-18,baselinenowcast
2023-05-01,14,14,10,10,10,10,10,10,10,10,10,daily,2024-02-18,baselinenowcast
2023-05-02,25,25,14,14,14,14,14,14,14,14,14,daily,2024-02-18,baselinenowcast
2023-05-03,27,27,19,19,19,19,19,19,19,19,19,daily,2024-02-18,baselinenowcast
2023-05-04,42,42,29,29,29,29,29,29,29,29,29,daily,2024-02-18,baselinenowcast
2023-05-05,23,23,19,19,19,19,19,19,19,19,19,daily,2024-02-18,baselinenowcast
2023-05-06,13,13,11,11,11,11,11,11,11,11,11,daily,2024-02-18,baselinenowcast
2023-05-07,20,20,14,14,14,14,14,14,14,14,14,daily,2024-02-18,baselinenowcast
2023-05-08,16,16,13,13,13,13,13,13,13,13,13,daily,2024-02-18,baselinenowcast
2023-05-09,15,15,11,11,11,11,11,11,11,11,11,daily,2024-02-18,baselinenowcast
2023-05-10,26,26,21,21,21,21,21,21,21,21,21,daily,2024-02-18,baselinenowcast
2023-05-11,19,19,15,15,15,15,15,15,15,15,15,daily,2024-02-18,baselinenowcast
2023-05-12,21,21,15,15,15,15,15,15,15,15,15,daily,2024-02-18,baselinenowcast
2023-05-13,13,13,13,13,13,13,13,13,13,13,13,daily,2024-02-18,baselinenowcast
2023-05-14,24,24,10,10,10,10,10,10,10,10,10,daily,2024-02-18,baselinenowcast
2023-05-15,21,21,12,12,12,12,12,12,12,12,12,daily,2024-02-18,baselinenowcast
2023-05-16,23,23,19,19,19,19,19,19,19,19,19,daily,2024-02-18,baselinenowcast
2023-05-17,20,20,14,14,14,14,14,14,14,14,14,daily,2024-02-18,baselinenowcast
2023-05-18,23,23,12,12,12,12,12,12,12,12,12,daily,2024-02-18,baselinenowcast
2023-05-19,14,14,7,7,7,7,7,7,7,7,7,daily,2024-02-18,baselinenowcast
2023-05-20,12,12,7,7,7,7,7,7,7,7,7,daily,2024-02-18,baselinenowcast
2023-05-21,23,23,15,15,15,15,15,15,15,15,15,daily,2024-02-18,baselinenowcast
2023-05-22,18,18,12,12,12,12,12,12,12,12,12,daily,2024-02-18,baselinenowcast
2023-05-23,17,17,15,15,15,15,15,15,15,15,15,daily,2024-02-18,baselinenowcast
2023-05-24,22,22,12,12,12,12,12,12,12,12,12,daily,2024-02-18,baselinenowcast
2023-05-25,19,19,15,15,15,15,15,15,15,15,15,daily,2024-02-18,baselinenowcast
2023-05-26,20,20,16,16,16,16,16,16,16,16,16,daily,2024-02-18,baselinenowcast
2023-05-27,11,11,2,2,2,2,2,2,2,2,2,daily,2024-02-18,baselinenowcast
2023-05-28,6,6,6,6,6,6,6,6,6,6,6,daily,2024-02-18,baselinenowcast
2023-05-29,9,9,2,2,2,2,2,2,2,2,2,daily,2024-02-18,baselinenowcast
2023-05-30,26,26,21,21,21,21,21,21,21,21,21,daily,2024-02-18,baselinenowcast
2023-05-31,22,22,15,15,15,15,15,15,15,15,15,daily,2024-02-18,baselinenowcast
2023-06-01,18,18,8,8,8,8,8,8,8,8,8,daily,2024-02-18,baselinenowcast
2023-06-02,17,17,10,10,10,10,10,10,10,10,10,daily,2024-02-18,baselinenowcast
2023-06-03,10,10,6,6,6,6,6,6,6,6,6,daily,2024-02-18,baselinenowcast
2023-06-04,15,15,8,8,8,8,8,8,8,8,8,daily,2024-02-18,baselinenowcast
2023-06-05,22,22,17,17,17,17,17,17,17,17,17,daily,2024-02-18,baselinenowcast
2023-06-06,29,29,21,21,21,21,21,21,21,21,21,daily,2024-02-18,baselinenowcast
2023-06-07,27,27,22,22,22,22,22,22,22,22,22,daily,2024-02-18,baselinenowcast
2023-06-08,21,21,11,11,11,11,11,11,11,11,11,daily,2024-02-18,baselinenowcast
2023-06-09,7,7,2,2,2,2,2,2,2,2,2,daily,2024-02-18,baselinenowcast
2023-06-10,12,12,11,11,11,11,11,11,11,11,11,daily,2024-02-18,baselinenowcast
2023-06-11,7,7,2,2,2,2,2,2,2,2,2,daily,2024-02-18,baselinenowcast
2023-06-12,15,15,10,10,10,10,10,10,10,10,10,daily,2024-02-18,baselinenowcast
2023-06-13,17,17,15,15,15,15,15,15,15,15,15,daily,2024-02-18,baselinenowcast
2023-06-14,9,9,3,3,3,3,3,3,3,3,3,daily,2024-02-18,baselinenowcast
2023-06-15,22,22,9,9,9,9,9,9,9,9,9,daily,2024-02-18,baselinenowcast
2023-06-16,17,17,17,17,17,17,17,17,17,17,17,daily,2024-02-18,baselinenowcast
2023-06-17,12,12,10,10,10,10,10,10,10,10,10,daily,2024-02-18,baselinenowcast
2023-06-18,5,5,1,1,1,1,1,1,1,1,1,daily,2024-02-18,baselinenowcast
2023-06-19,16,16,11,11,11,11,11,11,11,11,11,daily,2024-02-18,baselinenowcast
2023-06-20,17,17,10,10,10,10,10,10,10,10,10,daily,2024-02-18,baselinenowcast
2023-06-21,15,15,12,12,12,12,12,12,12,12,12,daily,2024-02-18,baselinenowcast
2023-06-22,18,18,17,17,17,17,17,17,17,17,17,daily,2024-02-18,baselinenowcast
2023-06-23,10,10,7,7,7,7,7,7,7,7,7,daily,2024-02-18,baselinenowcast
2023-06-24,8,8,6,6,6,6,6,6,6,6,6,daily,2024-02-18,baselinenowcast
2023-06-25,15,15,6,6,6,6,6,6,6,6,6,daily,2024-02-18,baselinenowcast
2023-06-26,2,2,2,2,2,2,2,2,2,2,2,daily,2024-02-18,baselinenowcast
2023-06-27,11,11,10,10,10,10,10,10,10,10,10,daily,2024-02-18,baselinenowcast
2023-06-28,15,15,12,12,12,12,12,12,12,12,12,daily,2024-02-18,baselinenowcast
2023-06-29,12,12,9,9,9,9,9,9,9,9,9,daily,2024-02-18,baselinenowcast
2023-06-30,7,7,6,6,6,6,6,6,6,6,6,daily,2024-02-18,baselinenowcast
2023-07-01,4,4,1,1,1,1,1,1,1,1,1,daily,2024-02-18,baselinenowcast
2023-07-02,8,8,2,2,2,2,2,2,2,2,2,daily,2024-02-18,baselinenowcast
2023-07-03,23,23,13,13,13,13,13,13,13,13,13,daily,2024-02-18,baselinenowcast
2023-07-04,13,13,10,10,10,10,10,10,10,10,10,daily,2024-02-18,baselinenowcast
2023-07-05,19,19,17,17,17,17,17,17,17,17,17,daily,2024-02-18,baselinenowcast
2023-07-06,14,14,8,8,8,8,8,8,8,8,8,daily,2024-02-18,baselinenowcast
2023-07-07,15,15,12,12,12,12,12,12,12,12,12,daily,2024-02-18,baselinenowcast
2023-07-08,5,5,2,2,2,2,2,2,2,2,2,daily,2024-02-18,baselinenowcast
2023-07-09,5,5,3,3,3,3,3,3,3,3,3,daily,2024-02-18,baselinenowcast
2023-07-10,13,13,10,10,10,10,10,10,10,10,10,daily,2024-02-18,baselinenowcast
2023-07-11,13,13,10,10,10,10,10,10,10,10,10,daily,2024-02-18,baselinenowcast
2023-07-12,13,13,10,10,10,10,10,10,10,10,10,daily,2024-02-18,baselinenowcast
2023-07-13,18,18,14,14,14,14,14,14,14,14,14,daily,2024-02-18,baselinenowcast
2023-07-14,10,10,9,9,9,9,9,9,9,9,9,daily,2024-02-18,baselinenowcast
2023-07-15,9,9,7,7,7,7,7,7,7,7,7,daily,2024-02-18,baselinenowcast
2023-07-16,19,19,6,6,6,6,6,6,6,6,6,daily,2024-02-18,baselinenowcast
2023-07-17,9,9,6,6,6,6,6,6,6,6,6,daily,2024-02-18,baselinenowcast
2023-07-18,22,22,16,16,16,16,16,16,16,16,16,daily,2024-02-18,baselinenowcast
2023-07-19,17,17,11,11,11,11,11,11,11,11,11,daily,2024-02-18,baselinenowcast
2023-07-20,27,27,19,19,19,19,19,19,19,19,19,daily,2024-02-18,baselinenowcast
2023-07-21,15,15,5,5,5,5,5,5,5,5,5,daily,2024-02-18,baselinenowcast
2023-07-22,6,6,3,3,3,3,3,3,3,3,3,daily,2024-02-18,baselinenowcast
2023-07-23,10,10,5,5,5,5,5,5,5,5,5,daily,2024-02-18,baselinenowcast
2023-07-24,15,15,14,14,14,14,14,14,14,14,14,daily,2024-02-18,baselinenowcast
2023-07-25,23,23,16,16,16,16,16,16,16,16,16,daily,2024-02-18,baselinenowcast
2023-07-26,15,15,10,10,10,10,10,10,10,10,10,daily,2024-02-18,baselinenowcast
2023-07-27,25,25,13,13,13,13,13,13,13,13,13,daily,2024-02-18,baselinenowcast
2023-07-28,9,9,8,8,8,8,8,8,8,8,8,daily,2024-02-18,baselinenowcast
2023-07-29,8,8,4,4,4,4,4,4,4,4,4,daily,2024-02-18,baselinenowcast
2023-07-30,6,6,3,3,3,3,3,3,3,3,3,daily,2024-02-18,baselinenowcast
2023-07-31,14,14,8,8,8,8,8,8,8,8,8,daily,2024-02-18,baselinenowcast
2023-08-01,9,9,3,3,3,3,3,3,3,3,3,daily,2024-02-18,baselinenowcast
2023-08-02,12,12,8,8,8,8,8,8,8,8,8,daily,2024-02-18,baselinenowcast
2023-08-03,21,21,15,15,15,15,15,15,15,15,15,daily,2024-02-18,baselinenowcast
2023-08-04,2,2,2,2,2,2,2,2,2,2,2,daily,2024-02-18,baselinenowcast
2023-08-05,10,10,7,7,7,7,7,7,7,7,7,daily,2024-02-18,baselinenowcast
2023-08-06,5,5,3,3,3,3,3,3,3,3,3,daily,2024-02-18,baselinenowcast
2023-08-07,15,15,7,7,7,7,7,7,7,7,7,daily,2024-02-18,baselinenowcast
2023-08-08,26,26,20,20,20,20,20,20,20,20,20,daily,2024-02-18,baselinenowcast
2023-08-09,15,15,13,13,13,13,13,13,13,13,13,daily,2024-02-18,baselinenowcast
2023-08-10,14,14,7,7,7,7,7,7,7,7,7,daily,2024-02-18,baselinenowcast
2023-08-11,16,16,13,13,13,13,13,13,13,13,13,daily,2024-02-18,baselinenowcast
2023-08-12,8,8,5,5,5,5,5,5,5,5,5,daily,2024-02-18,baselinenowcast
2023-08-13,4,4,2,2,2,2,2,2,2,2,2,daily,2024-02-18,baselinenowcast
2023-08-14,22,22,14,14,14,14,14,14,14,14,14,daily,2024-02-18,baselinenowcast
2023-08-15,16,16,13,13,13,13,13,13,13,13,13,daily,2024-02-18,baselinenowcast
2023-08-16,8,8,6,6,6,6,6,6,6,6,6,daily,2024-02-18,baselinenowcast
2023-08-17,18,18,16,16,16,16,16,16,16,16,16,daily,2024-02-18,baselinenowcast
2023-08-18,17,17,14,14,14,14,14,14,14,14,14,daily,2024-02-18,baselinenowcast
2023-08-19,11,11,5,5,5,5,5,5,5,5,5,daily,2024-02-18,baselinenowcast
2023-08-20,7,7,2,2,2,2,2,2,2,2,2,daily,2024-02-18,baselinenowcast
2023-08-21,17,17,16,16,16,16,16,16,16,16,16,daily,2024-02-18,baselinenowcast
2023-08-22,11,11,7,7,7,7,7,7,7,7,7,daily,2024-02-18,baselinenowcast
2023-08-23,18,18,5,5,5,5,5,5,5,5,5,daily,2024-02-18,baselinenowcast
2023-08-24,10,10,7,7,7,7,7,7,7,7,7,daily,2024-02-18,baselinenowcast
2023-08-25,12,12,10,10,10,10,10,10,10,10,10,daily,2024-02-18,baselinenowcast
2023-08-26,15,15,13,13,13,13,13,13,13,13,13,daily,2024-02-18,baselinenowcast
2023-08-27,6,6,3,3,3,3,3,3,3,3,3,daily,2024-02-18,baselinenowcast
2023-08-28,3,3,2,2,2,2,2,2,2,2,2,daily,2024-02-18,baselinenowcast
2023-08-29,10,10,7,7,7,7,7,7,7,7,7,daily,2024-02-18,baselinenowcast
2023-08-30,17,17,15,15,15,15,15,15,15,15,15,daily,2024-02-18,baselinenowcast
2023-08-31,12,12,4,4,4,4,4,4,4,4,4,daily,2024-02-18,baselinenowcast
2023-09-01,8,8,3,3,3,3,3,3,3,3,3,daily,2024-02-18,baselinenowcast
2023-09-02,10,10,6,6,6,6,6,6,6,6,6,daily,2024-02-18,baselinenowcast
2023-09-03,7,7,1,1,1,1,1,1,1,1,1,daily,2024-02-18,baselinenowcast
2023-09-04,16,16,9,9,9,9,9,9,9,9,9,daily,2024-02-18,baselinenowcast
2023-09-05,9,9,5,5,5,5,5,5,5,5,5,daily,2024-02-18,baselinenowcast
2023-09-06,11,11,8,8,8,8,8,8,8,8,8,daily,2024-02-18,baselinenowcast
2023-09-07,15,15,3,3,3,3,3,3,3,3,3,daily,2024-02-18,baselinenowcast
2023-09-08,13,13,7,7,7,7,7,7,7,7,7,daily,2024-02-18,baselinenowcast
2023-09-09,13,13,10,10,10,10,10,10,10,10,10,daily,2024-02-18,baselinenowcast
2023-09-10,5,5,5,5,5,5,5,5,5,5,5,daily,2024-02-18,baselinenowcast
2023-09-11,18,18,11,11,11,11,11,11,11,11,11,daily,2024-02-18,baselinenowcast
2023-09-12,14,14,8,8,8,8,8,8,8,8,8,daily,2024-02-18,baselinenowcast
2023-09-13,11,11,7,7,7,7,7,7,7,7,7,daily,2024-02-18,baselinenowcast
2023-09-14,9,9,4,4,4,4,4,4,4,4,4,daily,2024-02-18,baselinenowcast
2023-09-15,17,17,6,6,6,6,6,6,6,6,6,daily,2024-02-18,baselinenowcast
2023-09-16,10,10,7,7,7,7,7,7,7,7,7,daily,2024-02-18,baselinenowcast
2023-09-17,4,4,4,4,4,4,4,4,4,4,4,daily,2024-02-18,baselinenowcast
2023-09-18,8,8,4,4,4,4,4,4,4,4,4,daily,2024-02-18,baselinenowcast
2023-09-19,13,13,11,11,11,11,11,11,11,11,11,daily,2024-02-18,baselinenowcast
2023-09-20,19,19,16,16,16,16,16,16,16,16,16,daily,2024-02-18,baselinenowcast
2023-09-21,8,8,2,2,2,2,2,2,2,2,2,daily,2024-02-18,baselinenowcast
2023-09-22,12,12,3,3,3,3,3,3,3,3,3,daily,2024-02-18,baselinenowcast
2023-09-23,11,11,10,10,10,10,10,10,10,10,10,daily,2024-02-18,baselinenowcast
2023-09-24,4,4,0,0,0,0,0,0,0,0,0,daily,2024-02-18,baselinenowcast
2023-09-25,4,4,2,2,2,2,2,2,2,2,2,daily,2024-02-18,baselinenowcast
2023-09-26,9,9,7,7,7,7,7,7,7,7,7,daily,2024-02-18,baselinenowcast
2023-09-27,6,6,3,3,3,3,3,3,3,3,3,daily,2024-02-18,baselinenowcast
2023-09-28,15,15,9,9,9,9,9,9,9,9,9,daily,2024-02-18,baselinenowcast
2023-09-29,7,7,4,4,4,4,4,4,4,4,4,daily,2024-02-18,baselinenowcast
2023-09-30,6,6,3,3,3,3,3,3,3,3,3,daily,2024-02-18,baselinenowcast
2023-10-01,7,7,0,0,0,0,0,0,0,0,0,daily,2024-02-18,baselinenowcast
2023-10-02,4,4,2,2,2,2,2,2,2,2,2,daily,2024-02-18,baselinenowcast
2023-10-03,6,6,5,5,5,5,5,5,5,5,5,daily,2024-02-18,baselinenowcast
2023-10-04,3,3,0,0,0,0,0,0,0,0,0,daily,2024-02-18,baselinenowcast
2023-10-05,10,10,6,6,6,6,6,6,6,6,6,daily,2024-02-18,baselinenowcast
2023-10-06,12,12,3,3,3,3,3,3,3,3,3,daily,2024-02-18,baselinenowcast
2023-10-07,3,3,1,1,1,1,1,1,1,1,1,daily,2024-02-18,baselinenowcast
2023-10-08,19,19,8,8,8,8,8,8,8,8,8,daily,2024-02-18,baselinenowcast
2023-10-09,21,21,9,9,9,9,9,9,9,9,9,daily,2024-02-18,baselinenowcast
2023-10-10,8,8,4,4,4,4,4,4,4,4,4,daily,2024-02-18,baselinenowcast
2023-10-11,9,9,5,5,5,5,5,5,5,5,5,daily,2024-02-18,baselinenowcast
2023-10-12,15,15,8,8,8,8,8,8,8,8,8,daily,2024-02-18,baselinenowcast
2023-10-13,17,17,12,12,12,12,12,12,12,12,12,daily,2024-02-18,baselinenowcast
2023-10-14,5,5,3,3,3,3,3,3,3,3,3,daily,2024-02-18,baselinenowcast
2023-10-15,14,14,8,8,8,8,8,8,8,8,8,daily,2024-02-18,baselinenowcast
2023-10-16,14,14,10,10,10,10,10,10,10,10,10,daily,2024-02-18,baselinenowcast
2023-10-17,17,17,15,15,15,15,15,15,15,15,15,daily,2024-02-18,baselinenowcast
2023-10-18,17,17,10,10,10,10,10,10,10,10,10,daily,2024-02-18,baselinenowcast
2023-10-19,16,16,7,7,7,7,7,7,7,7,7,daily,2024-02-18,baselinenowcast
2023-10-20,18,18,7,7,7,7,7,7,7,7,7,daily,2024-02-18,baselinenowcast
2023-10-21,14,14,4,4,4,4,4,4,4,4,4,daily,2024-02-18,baselinenowcast
2023-10-22,7,7,1,1,1,1,1,1,1,1,1,daily,2024-02-18,baselinenowcast
2023-10-23,12,12,10,10,10,10,10,10,10,10,10,daily,2024-02-18,baselinenowcast
2023-10-24,15,15,12,12,12,12,12,12,12,12,12,daily,2024-02-18,baselinenowcast
2023-10-25,17,17,10,10,10,10,10,10,10,10,10,daily,2024-02-18,baselinenowcast
2023-10-26,16,16,11,11,11,11,11,11,11,11,11,daily,2024-02-18,baselinenowcast
2023-10-27,10,10,7,7,7,7,7,7,7,7,7,daily,2024-02-18,baselinenowcast
2023-10-28,9,9,4,4,4,4,4,4,4,4,4,daily,2024-02-18,baselinenowcast
2023-10-29,7,7,1,1,1,1,1,1,1,1,1,daily,2024-02-18,baselinenowcast
2023-10-30,16,16,10,10,10,10,10,10,10,10,10,daily,2024-02-18,baselinenowcast
2023-10-31,8,8,6,6,6,6,6,6,6,6,6,daily,2024-02-18,baselinenowcast
2023-11-01,12,12,7,7,7,7,7,7,7,7,7,daily,2024-02-18,baselinenowcast
2023-11-02,27,27,13,13,13,13,13,13,13,13,13,daily,2024-02-18,baselinenowcast
2023-11-03,18,18,12,12,12,12,12,12,12,12,12,daily,2024-02-18,baselinenowcast
2023-11-04,13,13,1,1,1,1,1,1,1,1,1,daily,2024-02-18,baselinenowcast
2023-11-05,9,9,6,6,6,6,6,6,6,6,6,daily,2024-02-18,baselinenowcast
2023-11-06,23,23,13,13,13,13,13,13,13,13,13,daily,2024-02-18,baselinenowcast
2023-11-07,13,13,11,11,11,11,11,11,11,11,11,daily,2024-02-18,baselinenowcast
2023-11-08,7,7,5,5,5,5,5,5,5,5,5,daily,2024-02-18,baselinenowcast
2023-11-09,20,20,11,11,11,11,11,11,11,11,11,daily,2024-02-18,baselinenowcast
2023-11-10,19,19,16,16,16,16,16,16,16,16,16,daily,2024-02-18,baselinenowcast
2023-11-11,12,12,10,10,10,10,10,10,10,10,10,daily,2024-02-18,baselinenowcast
2023-11-12,14,14,8,8,8,8,8,8,8,8,8,daily,2024-02-18,baselinenowcast
2023-11-13,21,21,18,18,18,18,18,18,18,18,18,daily,2024-02-18,baselinenowcast
2023-11-14,14,14,11,11,11,11,11,11,11,11,11,daily,2024-02-18,baselinenowcast
2023-11-15,15,15,12,12,12,12,12,12,12,12,12,daily,2024-02-18,baselinenowcast
2023-11-16,21,21,15,15,15,15,15,15,15,15,15,daily,2024-02-18,baselinenowcast
2023-11-17,15,15,14,14,14,14,14,14,14,14,14,daily,2024-02-18,baselinenowcast
2023-11-18,14,14,8,8,8,8,8,8,8,8,8,daily,2024-02-18,baselinenowcast
2023-11-19,17,17,13,13,13,13,13,13,13,13,13,daily,2024-02-18,baselinenowcast
2023-11-20,29,29,25,25,25,25,25,25,25,25,25,daily,2024-02-18,baselinenowcast
2023-11-21,20,20,18,18,18,18,18,18,18,18,18,daily,2024-02-18,baselinenowcast
2023-11-22,19,19,17,17,17,17,17,17,17,17,17,daily,2024-02-18,baselinenowcast
2023-11-23,10,10,9,9,9,9,9,9,9,9,9,daily,2024-02-18,baselinenowcast
2023-11-24,17,17,10,10,10,10,10,10,10,10,10,daily,2024-02-18,baselinenowcast
2023-11-25,7,7,5,5,5,5,5,5,5,5,5,daily,2024-02-18,baselinenowcast
2023-11-26,10,10,8,8,8,8,8,8,8,8,8,daily,2024-02-18,baselinenowcast
2023-11-27,27,27,24,24,24,24,24,24,24,24,24,daily,2024-02-18,baselinenowcast
2023-11-28,25,25,23,23,23,23,23,23,23,23,23,daily,2024-02-18,baselinenowcast
2023-11-29,17,17,15,15,15,15,15,15,15,15,15,daily,2024-02-18,baselinenowcast
2023-11-30,20,20,16,16,16,16,16,16,16,16,16,daily,2024-02-18,baselinenowcast
2023-12-01,20,20,14,14,14,14,14,14,14,14,14,daily,2024-02-18,baselinenowcast
2023-12-02,22,22,17,17,17,17,17,17,17,17,17,daily,2024-02-18,baselinenowcast
2023-12-03,23,23,16,16,16,16,16,16,16,16,16,daily,2024-02-18,baselinenowcast
2023-12-04,39,39,35,35,35,35,35,35,35,35,35,daily,2024-02-18,baselinenowcast
2023-12-05,47,47,46,46,46,46,46,46,46,46,46,daily,2024-02-18,baselinenowcast
2023-12-06,44,44,41,41,41,41,41,41,41,41,41,daily,2024-02-18,baselinenowcast
2023-12-07,50,50,44,44,44,44,44,44,44,44,44,daily,2024-02-18,baselinenowcast
2023-12-08,37,37,30,30,30,30,30,30,30,30,30,daily,2024-02-18,baselinenowcast
2023-12-09,30,30,24,24,24,24,24,24,24,24,24,daily,2024-02-18,baselinenowcast
2023-12-10,23,23,18,18,18,18,18,18,18,18,18,daily,2024-02-18,baselinenowcast
2023-12-11,52,52,46,46,46,46,46,46,46,46,46,daily,2024-02-18,baselinenowcast
2023-12-12,31,31,29,29,29,29,29,29,29,29,29,daily,2024-02-18,baselinenowcast
2023-12-13,36,36,33,33,33,33,33,33,33,33,33,daily,2024-02-18,baselinenowcast
2023-12-14,34,34,30,30,30,30,30,30,30,30,30,daily,2024-02-18,baselinenowcast
2023-12-15,41,41,40,40,40,40,40,40,40,40,40,daily,2024-02-18,baselinenowcast
2023-12-16,29,29,26,26,26,26,26,26,26,26,26,daily,2024-02-18,baselinenowcast
2023-12-17,26,26,26,26,26,26,26,26,26,26,26,daily,2024-02-18,baselinenowcast
2023-12-18,56,56,50,50,50,50,50,50,50,50,50,daily,2024-02-18,baselinenowcast
2023-12-19,33,33,27,27,27,27,27,27,27,27,27,daily,2024-02-18,baselinenowcast
2023-12-20,47,47,43,43,43,43,43,43,43,43,43,daily,2024-02-18,baselinenowcast
2023-12-21,36,36,31,31,31,31,31,31,31,31,31,daily,2024-02-18,baselinenowcast
2023-12-22,37,37,29,29,29,29,29,29,29,29,29,daily,2024-02-18,baselinenowcast
2023-12-23,24,24,20,20,20,20,20,20,20,20,20,daily,2024-02-18,baselinenowcast
2023-12-24,27,27,22,22,22,22,22,22,22,22,22,daily,2024-02-18,baselinenowcast
2023-12-25,18,18,14,14,14,14,14,14,14,14,14,daily,2024-02-18,baselinenowcast
2023-12-26,25,25,19,19,19,19,19,19,19,19,19,daily,2024-02-18,baselinenowcast
2023-12-27,27,27,25,25,25,25,25,25,25,25,25,daily,2024-02-18,baselinenowcast
2023-12-28,34,34,31,31,31,31,31,31,31,31,31,daily,2024-02-18,baselinenowcast
2023-12-29,65,65,62,62,62,62,62,62,62,62,62,daily,2024-02-18,baselinenowcast
2023-12-30,18,18,11,11,11,11,11,11,11,11,11,daily,2024-02-18,baselinenowcast
2023-12-31,29,29,23,23,23,23,23,23,23,23,23,daily,2024-02-18,baselinenowcast
2024-01-01,20,20,19,19,19,19,19,19,19,19,19,daily,2024-02-18,baselinenowcast
2024-01-02,38,40,35,35,35,35,35,35,35,35,35,daily,2024-02-18,baselinenowcast
2024-01-03,58,58,51,51,51,51,51,51,51,51,51,daily,2024-02-18,baselinenowcast
2024-01-04,45,45,39,39,39,39,39,39,39,39,39,daily,2024-02-18,baselinenowcast
2024-01-05,20,21,20,20,20,20,20,20,20,20,20,daily,2024-02-18,baselinenowcast
2024-01-06,33,34,32,32,32,32,32,32,32,32,32,daily,2024-02-18,baselinenowcast
2024-01-07,28,28,23,23,23,23,23,23,23,23,23,daily,2024-02-18,baselinenowcast
2024-01-08,32,34,29,29,29,29,29,29,29,29,29,daily,2024-02-18,baselinenowcast
2024-01-09,22,23,17,17,17,17,17,17,17,17,17,daily,2024-02-18,baselinenowcast
2024-01-10,31,31,26,26,26,26,26,26,26,26,26,daily,2024-02-18,baselinenowcast
2024-01-11,35,39,34,34,34,34,34,34,34,34,34,daily,2024-02-18,baselinenowcast
2024-01-12,45,45,40,40,40,40,40,40,40,40,40,daily,2024-02-18,baselinenowcast
2024-01-13,31,32,29,29,29,29,29,29,29,29,29,daily,2024-02-18,baselinenowcast
2024-01-14,17,17,14,14,14,14,14,14,14,14,14,daily,2024-02-18,baselinenowcast
2024-01-15,39,41,39,39,39,39,39,39,39,39,39,daily,2024-02-18,baselinenowcast
2024-01-16,48,48,44,44,44,44,44,44,44,44,44,daily,2024-02-18,baselinenowcast
2024-01-17,53,54,52,52,52,52,52,52,52,52,52,daily,2024-02-18,baselinenowcast
2024-01-18,34,35,30,30,30,30,30,30,30,30,30,daily,2024-02-18,baselinenowcast
2024-01-19,38,41,36,36,36,36,36,36,36,36,36,daily,2024-02-18,baselinenowcast
2024-01-20,29,35,28,28,28,28,28,28,28,28,28,daily,2024-02-18,baselinenowcast
2024-01-21,27,28,26,26,26,26,26,26,26,26,26,daily,2024-02-18,baselinenowcast
2024-01-22,61,61,61,61,61,61,61,61,61,61,61,daily,2024-02-18,baselinenowcast
2024-01-23,35,39,33,33,33,33,33,33,33,33,33,daily,2024-02-18,baselinenowcast
2024-01-24,56,58,54,54,54,54,54,54,54,54,54,daily,2024-02-18,baselinenowcast
2024-01-25,37,41,37,37,37,37,37,37,37,37,37,daily,2024-02-18,baselinenowcast
2024-01-26,33,33,32,32,32,32,32,32,32,32,32,daily,2024-02-18,baselinenowcast
2024-01-27,24,29,24,24,24,24,24,24,24,24,24,daily,2024-02-18,baselinenowcast
2024-01-28,31,35,30,30,30,30,30,30,30,30,30,daily,2024-02-18,baselinenowcast
2024-01-29,42,46,40,40,40,40,40,40,40,40,40,daily,2024-02-18,baselinenowcast
2024-01-30,43,46,42,42,42,42,42,42,42,42,42,daily,2024-02-18,baselinenowcast
2024-01-31,36,41,36,36,36,36,36,36,36,36,36,daily,2024-02-18,baselinenowcast
2024-02-01,38,38,38,38,38,38,38,38,38,38,38,daily,2024-02-18,baselinenowcast
2024-02-02,36,36,36,36,36,36,36,36,36,36,36,daily,2024-02-18,baselinenowcast
2024-02-03,32,39,32,32,32,32,32,32,32,32,32,daily,2024-02-18,baselinenowcast
2024-02-04,23,31,23,23,23,23,23,23,23,23,23,daily,2024-02-18,baselinenowcast
2024-02-05,32,35,32,32,33,32,34,32,32,32,32,daily,2024-02-18,baselinenowcast
2024-02-06,21,27,21,21,22,21,23,21,21,21,21,daily,2024-02-18,baselinenowcast
2024-02-07,33,33,33,33,35,33,36,33,34,33,34,daily,2024-02-18,baselinenowcast
2024-02-08,24,28,24,24,26,24,26,24,24,24,25,daily,2024-02-18,baselinenowcast
2024-02-09,37,44,37,37,39,37,40,37,38,37,38,daily,2024-02-18,baselinenowcast
2024-02-10,17,18,17,17,19,17,20,17,17,17,18,daily,2024-02-18,baselinenowcast
2024-02-11,33,40,33,33,37,33,39,33,35,33,35,daily,2024-02-18,baselinenowcast
2024-02-12,36,43,37,36,42,36,44,36,38,36,39,daily,2024-02-18,baselinenowcast
2024-02-13,31,37,32,31,36.049999999999955,31,38,31,34,31,34,daily,2024-02-18,baselinenowcast
2024-02-14,36,42,39,36,44,36,45,37,40,37,41,daily,2024-02-18,baselinenowcast
2024-02-15,32,44,36,32,45.049999999999955,32,48,34,39,33,41,daily,2024-02-18,baselinenowcast
2024-02-16,25,33,31,25,44,25,47,28,35,27,37,daily,2024-02-18,baselinenowcast
2024-02-17,8,27,18,11,29,10,32,15,22,13.830000000000013,23,daily,2024-02-18,baselinenowcast
2024-02-18,2,27,29,5,104.04999999999995,3,125.02499999999998,14,55,10.830000000000013,70,daily,2024-02-18,baselinenowcast
2023-04-01,24,24,21,21,21,21,21,21,21,21,21,daily,2024-02-25,baselinenowcast
2023-04-02,23,23,18,18,18,18,18,18,18,18,18,daily,2024-02-25,baselinenowcast
2023-04-03,27,27,22,22,22,22,22,22,22,22,22,daily,2024-02-25,baselinenowcast
2023-04-04,44,44,35,35,35,35,35,35,35,35,35,daily,2024-02-25,baselinenowcast
2023-04-05,38,38,31,31,31,31,31,31,31,31,31,daily,2024-02-25,baselinenowcast
2023-04-06,33,33,28,28,28,28,28,28,28,28,28,daily,2024-02-25,baselinenowcast
2023-04-07,14,14,12,12,12,12,12,12,12,12,12,daily,2024-02-25,baselinenowcast
2023-04-08,26,26,20,20,20,20,20,20,20,20,20,daily,2024-02-25,baselinenowcast
2023-04-09,31,31,25,25,25,25,25,25,25,25,25,daily,2024-02-25,baselinenowcast
2023-04-10,17,17,12,12,12,12,12,12,12,12,12,daily,2024-02-25,baselinenowcast
2023-04-11,44,44,41,41,41,41,41,41,41,41,41,daily,2024-02-25,baselinenowcast
2023-04-12,32,32,27,27,27,27,27,27,27,27,27,daily,2024-02-25,baselinenowcast
2023-04-13,31,31,27,27,27,27,27,27,27,27,27,daily,2024-02-25,baselinenowcast
2023-04-14,27,27,20,20,20,20,20,20,20,20,20,daily,2024-02-25,baselinenowcast
2023-04-15,32,32,26,26,26,26,26,26,26,26,26,daily,2024-02-25,baselinenowcast
2023-04-16,17,17,12,12,12,12,12,12,12,12,12,daily,2024-02-25,baselinenowcast
2023-04-17,31,31,28,28,28,28,28,28,28,28,28,daily,2024-02-25,baselinenowcast
2023-04-18,23,23,17,17,17,17,17,17,17,17,17,daily,2024-02-25,baselinenowcast
2023-04-19,24,24,20,20,20,20,20,20,20,20,20,daily,2024-02-25,baselinenowcast
2023-04-20,16,16,12,12,12,12,12,12,12,12,12,daily,2024-02-25,baselinenowcast
2023-04-21,25,25,19,19,19,19,19,19,19,19,19,daily,2024-02-25,baselinenowcast
2023-04-22,8,8,8,8,8,8,8,8,8,8,8,daily,2024-02-25,baselinenowcast
2023-04-23,8,8,6,6,6,6,6,6,6,6,6,daily,2024-02-25,baselinenowcast
2023-04-24,14,14,14,14,14,14,14,14,14,14,14,daily,2024-02-25,baselinenowcast
2023-04-25,24,24,19,19,19,19,19,19,19,19,19,daily,2024-02-25,baselinenowcast
2023-04-26,26,26,23,23,23,23,23,23,23,23,23,daily,2024-02-25,baselinenowcast
2023-04-27,34,34,32,32,32,32,32,32,32,32,32,daily,2024-02-25,baselinenowcast
2023-04-28,20,20,12,12,12,12,12,12,12,12,12,daily,2024-02-25,baselinenowcast
2023-04-29,15,15,14,14,14,14,14,14,14,14,14,daily,2024-02-25,baselinenowcast
2023-04-30,20,20,15,15,15,15,15,15,15,15,15,daily,2024-02-25,baselinenowcast
2023-05-01,14,14,10,10,10,10,10,10,10,10,10,daily,2024-02-25,baselinenowcast
2023-05-02,25,25,14,14,14,14,14,14,14,14,14,daily,2024-02-25,baselinenowcast
2023-05-03,27,27,19,19,19,19,19,19,19,19,19,daily,2024-02-25,baselinenowcast
2023-05-04,42,42,29,29,29,29,29,29,29,29,29,daily,2024-02-25,baselinenowcast
2023-05-05,23,23,19,19,19,19,19,19,19,19,19,daily,2024-02-25,baselinenowcast
2023-05-06,13,13,11,11,11,11,11,11,11,11,11,daily,2024-02-25,baselinenowcast
2023-05-07,20,20,14,14,14,14,14,14,14,14,14,daily,2024-02-25,baselinenowcast
2023-05-08,16,16,13,13,13,13,13,13,13,13,13,daily,2024-02-25,baselinenowcast
2023-05-09,15,15,11,11,11,11,11,11,11,11,11,daily,2024-02-25,baselinenowcast
2023-05-10,26,26,21,21,21,21,21,21,21,21,21,daily,2024-02-25,baselinenowcast
2023-05-11,19,19,15,15,15,15,15,15,15,15,15,daily,2024-02-25,baselinenowcast
2023-05-12,21,21,15,15,15,15,15,15,15,15,15,daily,2024-02-25,baselinenowcast
2023-05-13,13,13,13,13,13,13,13,13,13,13,13,daily,2024-02-25,baselinenowcast
2023-05-14,24,24,10,10,10,10,10,10,10,10,10,daily,2024-02-25,baselinenowcast
2023-05-15,21,21,12,12,12,12,12,12,12,12,12,daily,2024-02-25,baselinenowcast
2023-05-16,23,23,19,19,19,19,19,19,19,19,19,daily,2024-02-25,baselinenowcast
2023-05-17,20,20,14,14,14,14,14,14,14,14,14,daily,2024-02-25,baselinenowcast
2023-05-18,23,23,12,12,12,12,12,12,12,12,12,daily,2024-02-25,baselinenowcast
2023-05-19,14,14,7,7,7,7,7,7,7,7,7,daily,2024-02-25,baselinenowcast
2023-05-20,12,12,7,7,7,7,7,7,7,7,7,daily,2024-02-25,baselinenowcast
2023-05-21,23,23,15,15,15,15,15,15,15,15,15,daily,2024-02-25,baselinenowcast
2023-05-22,18,18,12,12,12,12,12,12,12,12,12,daily,2024-02-25,baselinenowcast
2023-05-23,17,17,15,15,15,15,15,15,15,15,15,daily,2024-02-25,baselinenowcast
2023-05-24,22,22,12,12,12,12,12,12,12,12,12,daily,2024-02-25,baselinenowcast
2023-05-25,19,19,15,15,15,15,15,15,15,15,15,daily,2024-02-25,baselinenowcast
2023-05-26,20,20,16,16,16,16,16,16,16,16,16,daily,2024-02-25,baselinenowcast
2023-05-27,11,11,2,2,2,2,2,2,2,2,2,daily,2024-02-25,baselinenowcast
2023-05-28,6,6,6,6,6,6,6,6,6,6,6,daily,2024-02-25,baselinenowcast
2023-05-29,9,9,2,2,2,2,2,2,2,2,2,daily,2024-02-25,baselinenowcast
2023-05-30,26,26,21,21,21,21,21,21,21,21,21,daily,2024-02-25,baselinenowcast
2023-05-31,22,22,15,15,15,15,15,15,15,15,15,daily,2024-02-25,baselinenowcast
2023-06-01,18,18,8,8,8,8,8,8,8,8,8,daily,2024-02-25,baselinenowcast
2023-06-02,17,17,10,10,10,10,10,10,10,10,10,daily,2024-02-25,baselinenowcast
2023-06-03,10,10,6,6,6,6,6,6,6,6,6,daily,2024-02-25,baselinenowcast
2023-06-04,15,15,8,8,8,8,8,8,8,8,8,daily,2024-02-25,baselinenowcast
2023-06-05,22,22,17,17,17,17,17,17,17,17,17,daily,2024-02-25,baselinenowcast
2023-06-06,29,29,21,21,21,21,21,21,21,21,21,daily,2024-02-25,baselinenowcast
2023-06-07,27,27,22,22,22,22,22,22,22,22,22,daily,2024-02-25,baselinenowcast
2023-06-08,21,21,11,11,11,11,11,11,11,11,11,daily,2024-02-25,baselinenowcast
2023-06-09,7,7,2,2,2,2,2,2,2,2,2,daily,2024-02-25,baselinenowcast
2023-06-10,12,12,11,11,11,11,11,11,11,11,11,daily,2024-02-25,baselinenowcast
2023-06-11,7,7,2,2,2,2,2,2,2,2,2,daily,2024-02-25,baselinenowcast
2023-06-12,15,15,10,10,10,10,10,10,10,10,10,daily,2024-02-25,baselinenowcast
2023-06-13,17,17,15,15,15,15,15,15,15,15,15,daily,2024-02-25,baselinenowcast
2023-06-14,9,9,3,3,3,3,3,3,3,3,3,daily,2024-02-25,baselinenowcast
2023-06-15,22,22,9,9,9,9,9,9,9,9,9,daily,2024-02-25,baselinenowcast
2023-06-16,17,17,17,17,17,17,17,17,17,17,17,daily,2024-02-25,baselinenowcast
2023-06-17,12,12,10,10,10,10,10,10,10,10,10,daily,2024-02-25,baselinenowcast
2023-06-18,5,5,1,1,1,1,1,1,1,1,1,daily,2024-02-25,baselinenowcast
2023-06-19,16,16,11,11,11,11,11,11,11,11,11,daily,2024-02-25,baselinenowcast
2023-06-20,17,17,10,10,10,10,10,10,10,10,10,daily,2024-02-25,baselinenowcast
2023-06-21,15,15,12,12,12,12,12,12,12,12,12,daily,2024-02-25,baselinenowcast
2023-06-22,18,18,17,17,17,17,17,17,17,17,17,daily,2024-02-25,baselinenowcast
2023-06-23,10,10,7,7,7,7,7,7,7,7,7,daily,2024-02-25,baselinenowcast
2023-06-24,8,8,6,6,6,6,6,6,6,6,6,daily,2024-02-25,baselinenowcast
2023-06-25,15,15,6,6,6,6,6,6,6,6,6,daily,2024-02-25,baselinenowcast
2023-06-26,2,2,2,2,2,2,2,2,2,2,2,daily,2024-02-25,baselinenowcast
2023-06-27,11,11,10,10,10,10,10,10,10,10,10,daily,2024-02-25,baselinenowcast
2023-06-28,15,15,12,12,12,12,12,12,12,12,12,daily,2024-02-25,baselinenowcast
2023-06-29,12,12,9,9,9,9,9,9,9,9,9,daily,2024-02-25,baselinenowcast
2023-06-30,7,7,6,6,6,6,6,6,6,6,6,daily,2024-02-25,baselinenowcast
2023-07-01,4,4,1,1,1,1,1,1,1,1,1,daily,2024-02-25,baselinenowcast
2023-07-02,8,8,2,2,2,2,2,2,2,2,2,daily,2024-02-25,baselinenowcast
2023-07-03,23,23,13,13,13,13,13,13,13,13,13,daily,2024-02-25,baselinenowcast
2023-07-04,13,13,10,10,10,10,10,10,10,10,10,daily,2024-02-25,baselinenowcast
2023-07-05,19,19,17,17,17,17,17,17,17,17,17,daily,2024-02-25,baselinenowcast
2023-07-06,14,14,8,8,8,8,8,8,8,8,8,daily,2024-02-25,baselinenowcast
2023-07-07,15,15,12,12,12,12,12,12,12,12,12,daily,2024-02-25,baselinenowcast
2023-07-08,5,5,2,2,2,2,2,2,2,2,2,daily,2024-02-25,baselinenowcast
2023-07-09,5,5,3,3,3,3,3,3,3,3,3,daily,2024-02-25,baselinenowcast
2023-07-10,13,13,10,10,10,10,10,10,10,10,10,daily,2024-02-25,baselinenowcast
2023-07-11,13,13,10,10,10,10,10,10,10,10,10,daily,2024-02-25,baselinenowcast
2023-07-12,13,13,10,10,10,10,10,10,10,10,10,daily,2024-02-25,baselinenowcast
2023-07-13,18,18,14,14,14,14,14,14,14,14,14,daily,2024-02-25,baselinenowcast
2023-07-14,10,10,9,9,9,9,9,9,9,9,9,daily,2024-02-25,baselinenowcast
2023-07-15,9,9,7,7,7,7,7,7,7,7,7,daily,2024-02-25,baselinenowcast
2023-07-16,19,19,6,6,6,6,6,6,6,6,6,daily,2024-02-25,baselinenowcast
2023-07-17,9,9,6,6,6,6,6,6,6,6,6,daily,2024-02-25,baselinenowcast
2023-07-18,22,22,16,16,16,16,16,16,16,16,16,daily,2024-02-25,baselinenowcast
2023-07-19,17,17,11,11,11,11,11,11,11,11,11,daily,2024-02-25,baselinenowcast
2023-07-20,27,27,19,19,19,19,19,19,19,19,19,daily,2024-02-25,baselinenowcast
2023-07-21,15,15,5,5,5,5,5,5,5,5,5,daily,2024-02-25,baselinenowcast
2023-07-22,6,6,3,3,3,3,3,3,3,3,3,daily,2024-02-25,baselinenowcast
2023-07-23,10,10,5,5,5,5,5,5,5,5,5,daily,2024-02-25,baselinenowcast
2023-07-24,15,15,14,14,14,14,14,14,14,14,14,daily,2024-02-25,baselinenowcast
2023-07-25,23,23,16,16,16,16,16,16,16,16,16,daily,2024-02-25,baselinenowcast
2023-07-26,15,15,10,10,10,10,10,10,10,10,10,daily,2024-02-25,baselinenowcast
2023-07-27,25,25,13,13,13,13,13,13,13,13,13,daily,2024-02-25,baselinenowcast
2023-07-28,9,9,8,8,8,8,8,8,8,8,8,daily,2024-02-25,baselinenowcast
2023-07-29,8,8,4,4,4,4,4,4,4,4,4,daily,2024-02-25,baselinenowcast
2023-07-30,6,6,3,3,3,3,3,3,3,3,3,daily,2024-02-25,baselinenowcast
2023-07-31,14,14,8,8,8,8,8,8,8,8,8,daily,2024-02-25,baselinenowcast
2023-08-01,9,9,3,3,3,3,3,3,3,3,3,daily,2024-02-25,baselinenowcast
2023-08-02,12,12,8,8,8,8,8,8,8,8,8,daily,2024-02-25,baselinenowcast
2023-08-03,21,21,15,15,15,15,15,15,15,15,15,daily,2024-02-25,baselinenowcast
2023-08-04,2,2,2,2,2,2,2,2,2,2,2,daily,2024-02-25,baselinenowcast
2023-08-05,10,10,7,7,7,7,7,7,7,7,7,daily,2024-02-25,baselinenowcast
2023-08-06,5,5,3,3,3,3,3,3,3,3,3,daily,2024-02-25,baselinenowcast
2023-08-07,15,15,7,7,7,7,7,7,7,7,7,daily,2024-02-25,baselinenowcast
2023-08-08,26,26,20,20,20,20,20,20,20,20,20,daily,2024-02-25,baselinenowcast
2023-08-09,15,15,13,13,13,13,13,13,13,13,13,daily,2024-02-25,baselinenowcast
2023-08-10,14,14,7,7,7,7,7,7,7,7,7,daily,2024-02-25,baselinenowcast
2023-08-11,16,16,13,13,13,13,13,13,13,13,13,daily,2024-02-25,baselinenowcast
2023-08-12,8,8,5,5,5,5,5,5,5,5,5,daily,2024-02-25,baselinenowcast
2023-08-13,4,4,2,2,2,2,2,2,2,2,2,daily,2024-02-25,baselinenowcast
2023-08-14,22,22,14,14,14,14,14,14,14,14,14,daily,2024-02-25,baselinenowcast
2023-08-15,16,16,13,13,13,13,13,13,13,13,13,daily,2024-02-25,baselinenowcast
2023-08-16,8,8,6,6,6,6,6,6,6,6,6,daily,2024-02-25,baselinenowcast
2023-08-17,18,18,16,16,16,16,16,16,16,16,16,daily,2024-02-25,baselinenowcast
2023-08-18,17,17,14,14,14,14,14,14,14,14,14,daily,2024-02-25,baselinenowcast
2023-08-19,11,11,5,5,5,5,5,5,5,5,5,daily,2024-02-25,baselinenowcast
2023-08-20,7,7,2,2,2,2,2,2,2,2,2,daily,2024-02-25,baselinenowcast
2023-08-21,17,17,16,16,16,16,16,16,16,16,16,daily,2024-02-25,baselinenowcast
2023-08-22,11,11,7,7,7,7,7,7,7,7,7,daily,2024-02-25,baselinenowcast
2023-08-23,18,18,5,5,5,5,5,5,5,5,5,daily,2024-02-25,baselinenowcast
2023-08-24,10,10,7,7,7,7,7,7,7,7,7,daily,2024-02-25,baselinenowcast
2023-08-25,12,12,10,10,10,10,10,10,10,10,10,daily,2024-02-25,baselinenowcast
2023-08-26,15,15,13,13,13,13,13,13,13,13,13,daily,2024-02-25,baselinenowcast
2023-08-27,6,6,3,3,3,3,3,3,3,3,3,daily,2024-02-25,baselinenowcast
2023-08-28,3,3,2,2,2,2,2,2,2,2,2,daily,2024-02-25,baselinenowcast
2023-08-29,10,10,7,7,7,7,7,7,7,7,7,daily,2024-02-25,baselinenowcast
2023-08-30,17,17,15,15,15,15,15,15,15,15,15,daily,2024-02-25,baselinenowcast
2023-08-31,12,12,4,4,4,4,4,4,4,4,4,daily,2024-02-25,baselinenowcast
2023-09-01,8,8,3,3,3,3,3,3,3,3,3,daily,2024-02-25,baselinenowcast
2023-09-02,10,10,6,6,6,6,6,6,6,6,6,daily,2024-02-25,baselinenowcast
2023-09-03,7,7,1,1,1,1,1,1,1,1,1,daily,2024-02-25,baselinenowcast
2023-09-04,16,16,9,9,9,9,9,9,9,9,9,daily,2024-02-25,baselinenowcast
2023-09-05,9,9,5,5,5,5,5,5,5,5,5,daily,2024-02-25,baselinenowcast
2023-09-06,11,11,8,8,8,8,8,8,8,8,8,daily,2024-02-25,baselinenowcast
2023-09-07,15,15,3,3,3,3,3,3,3,3,3,daily,2024-02-25,baselinenowcast
2023-09-08,13,13,7,7,7,7,7,7,7,7,7,daily,2024-02-25,baselinenowcast
2023-09-09,13,13,10,10,10,10,10,10,10,10,10,daily,2024-02-25,baselinenowcast
2023-09-10,5,5,5,5,5,5,5,5,5,5,5,daily,2024-02-25,baselinenowcast
2023-09-11,18,18,11,11,11,11,11,11,11,11,11,daily,2024-02-25,baselinenowcast
2023-09-12,14,14,8,8,8,8,8,8,8,8,8,daily,2024-02-25,baselinenowcast
2023-09-13,11,11,7,7,7,7,7,7,7,7,7,daily,2024-02-25,baselinenowcast
2023-09-14,9,9,4,4,4,4,4,4,4,4,4,daily,2024-02-25,baselinenowcast
2023-09-15,17,17,6,6,6,6,6,6,6,6,6,daily,2024-02-25,baselinenowcast
2023-09-16,10,10,7,7,7,7,7,7,7,7,7,daily,2024-02-25,baselinenowcast
2023-09-17,4,4,4,4,4,4,4,4,4,4,4,daily,2024-02-25,baselinenowcast
2023-09-18,8,8,4,4,4,4,4,4,4,4,4,daily,2024-02-25,baselinenowcast
2023-09-19,13,13,11,11,11,11,11,11,11,11,11,daily,2024-02-25,baselinenowcast
2023-09-20,19,19,16,16,16,16,16,16,16,16,16,daily,2024-02-25,baselinenowcast
2023-09-21,8,8,2,2,2,2,2,2,2,2,2,daily,2024-02-25,baselinenowcast
2023-09-22,12,12,3,3,3,3,3,3,3,3,3,daily,2024-02-25,baselinenowcast
2023-09-23,11,11,10,10,10,10,10,10,10,10,10,daily,2024-02-25,baselinenowcast
2023-09-24,4,4,0,0,0,0,0,0,0,0,0,daily,2024-02-25,baselinenowcast
2023-09-25,4,4,2,2,2,2,2,2,2,2,2,daily,2024-02-25,baselinenowcast
2023-09-26,9,9,7,7,7,7,7,7,7,7,7,daily,2024-02-25,baselinenowcast
2023-09-27,6,6,3,3,3,3,3,3,3,3,3,daily,2024-02-25,baselinenowcast
2023-09-28,15,15,9,9,9,9,9,9,9,9,9,daily,2024-02-25,baselinenowcast
2023-09-29,7,7,4,4,4,4,4,4,4,4,4,daily,2024-02-25,baselinenowcast
2023-09-30,6,6,3,3,3,3,3,3,3,3,3,daily,2024-02-25,baselinenowcast
2023-10-01,7,7,0,0,0,0,0,0,0,0,0,daily,2024-02-25,baselinenowcast
2023-10-02,4,4,2,2,2,2,2,2,2,2,2,daily,2024-02-25,baselinenowcast
2023-10-03,6,6,5,5,5,5,5,5,5,5,5,daily,2024-02-25,baselinenowcast
2023-10-04,3,3,0,0,0,0,0,0,0,0,0,daily,2024-02-25,baselinenowcast
2023-10-05,10,10,6,6,6,6,6,6,6,6,6,daily,2024-02-25,baselinenowcast
2023-10-06,12,12,3,3,3,3,3,3,3,3,3,daily,2024-02-25,baselinenowcast
2023-10-07,3,3,1,1,1,1,1,1,1,1,1,daily,2024-02-25,baselinenowcast
2023-10-08,19,19,8,8,8,8,8,8,8,8,8,daily,2024-02-25,baselinenowcast
2023-10-09,21,21,9,9,9,9,9,9,9,9,9,daily,2024-02-25,baselinenowcast
2023-10-10,8,8,4,4,4,4,4,4,4,4,4,daily,2024-02-25,baselinenowcast
2023-10-11,9,9,5,5,5,5,5,5,5,5,5,daily,2024-02-25,baselinenowcast
2023-10-12,15,15,8,8,8,8,8,8,8,8,8,daily,2024-02-25,baselinenowcast
2023-10-13,17,17,12,12,12,12,12,12,12,12,12,daily,2024-02-25,baselinenowcast
2023-10-14,5,5,3,3,3,3,3,3,3,3,3,daily,2024-02-25,baselinenowcast
2023-10-15,14,14,8,8,8,8,8,8,8,8,8,daily,2024-02-25,baselinenowcast
2023-10-16,14,14,10,10,10,10,10,10,10,10,10,daily,2024-02-25,baselinenowcast
2023-10-17,17,17,15,15,15,15,15,15,15,15,15,daily,2024-02-25,baselinenowcast
2023-10-18,17,17,10,10,10,10,10,10,10,10,10,daily,2024-02-25,baselinenowcast
2023-10-19,16,16,7,7,7,7,7,7,7,7,7,daily,2024-02-25,baselinenowcast
2023-10-20,18,18,7,7,7,7,7,7,7,7,7,daily,2024-02-25,baselinenowcast
2023-10-21,14,14,4,4,4,4,4,4,4,4,4,daily,2024-02-25,baselinenowcast
2023-10-22,7,7,1,1,1,1,1,1,1,1,1,daily,2024-02-25,baselinenowcast
2023-10-23,12,12,10,10,10,10,10,10,10,10,10,daily,2024-02-25,baselinenowcast
2023-10-24,15,15,12,12,12,12,12,12,12,12,12,daily,2024-02-25,baselinenowcast
2023-10-25,17,17,10,10,10,10,10,10,10,10,10,daily,2024-02-25,baselinenowcast
2023-10-26,16,16,11,11,11,11,11,11,11,11,11,daily,2024-02-25,baselinenowcast
2023-10-27,10,10,7,7,7,7,7,7,7,7,7,daily,2024-02-25,baselinenowcast
2023-10-28,9,9,4,4,4,4,4,4,4,4,4,daily,2024-02-25,baselinenowcast
2023-10-29,7,7,1,1,1,1,1,1,1,1,1,daily,2024-02-25,baselinenowcast
2023-10-30,16,16,10,10,10,10,10,10,10,10,10,daily,2024-02-25,baselinenowcast
2023-10-31,8,8,6,6,6,6,6,6,6,6,6,daily,2024-02-25,baselinenowcast
2023-11-01,12,12,7,7,7,7,7,7,7,7,7,daily,2024-02-25,baselinenowcast
2023-11-02,27,27,13,13,13,13,13,13,13,13,13,daily,2024-02-25,baselinenowcast
2023-11-03,18,18,12,12,12,12,12,12,12,12,12,daily,2024-02-25,baselinenowcast
2023-11-04,13,13,1,1,1,1,1,1,1,1,1,daily,2024-02-25,baselinenowcast
2023-11-05,9,9,6,6,6,6,6,6,6,6,6,daily,2024-02-25,baselinenowcast
2023-11-06,23,23,13,13,13,13,13,13,13,13,13,daily,2024-02-25,baselinenowcast
2023-11-07,13,13,11,11,11,11,11,11,11,11,11,daily,2024-02-25,baselinenowcast
2023-11-08,7,7,5,5,5,5,5,5,5,5,5,daily,2024-02-25,baselinenowcast
2023-11-09,20,20,11,11,11,11,11,11,11,11,11,daily,2024-02-25,baselinenowcast
2023-11-10,19,19,16,16,16,16,16,16,16,16,16,daily,2024-02-25,baselinenowcast
2023-11-11,12,12,10,10,10,10,10,10,10,10,10,daily,2024-02-25,baselinenowcast
2023-11-12,14,14,8,8,8,8,8,8,8,8,8,daily,2024-02-25,baselinenowcast
2023-11-13,21,21,18,18,18,18,18,18,18,18,18,daily,2024-02-25,baselinenowcast
2023-11-14,14,14,11,11,11,11,11,11,11,11,11,daily,2024-02-25,baselinenowcast
2023-11-15,15,15,12,12,12,12,12,12,12,12,12,daily,2024-02-25,baselinenowcast
2023-11-16,21,21,15,15,15,15,15,15,15,15,15,daily,2024-02-25,baselinenowcast
2023-11-17,15,15,14,14,14,14,14,14,14,14,14,daily,2024-02-25,baselinenowcast
2023-11-18,14,14,8,8,8,8,8,8,8,8,8,daily,2024-02-25,baselinenowcast
2023-11-19,17,17,13,13,13,13,13,13,13,13,13,daily,2024-02-25,baselinenowcast
2023-11-20,29,29,25,25,25,25,25,25,25,25,25,daily,2024-02-25,baselinenowcast
2023-11-21,20,20,18,18,18,18,18,18,18,18,18,daily,2024-02-25,baselinenowcast
2023-11-22,19,19,17,17,17,17,17,17,17,17,17,daily,2024-02-25,baselinenowcast
2023-11-23,10,10,9,9,9,9,9,9,9,9,9,daily,2024-02-25,baselinenowcast
2023-11-24,17,17,10,10,10,10,10,10,10,10,10,daily,2024-02-25,baselinenowcast
2023-11-25,7,7,5,5,5,5,5,5,5,5,5,daily,2024-02-25,baselinenowcast
2023-11-26,10,10,8,8,8,8,8,8,8,8,8,daily,2024-02-25,baselinenowcast
2023-11-27,27,27,24,24,24,24,24,24,24,24,24,daily,2024-02-25,baselinenowcast
2023-11-28,25,25,23,23,23,23,23,23,23,23,23,daily,2024-02-25,baselinenowcast
2023-11-29,17,17,15,15,15,15,15,15,15,15,15,daily,2024-02-25,baselinenowcast
2023-11-30,20,20,16,16,16,16,16,16,16,16,16,daily,2024-02-25,baselinenowcast
2023-12-01,20,20,14,14,14,14,14,14,14,14,14,daily,2024-02-25,baselinenowcast
2023-12-02,22,22,17,17,17,17,17,17,17,17,17,daily,2024-02-25,baselinenowcast
2023-12-03,23,23,16,16,16,16,16,16,16,16,16,daily,2024-02-25,baselinenowcast
2023-12-04,39,39,35,35,35,35,35,35,35,35,35,daily,2024-02-25,baselinenowcast
2023-12-05,47,47,46,46,46,46,46,46,46,46,46,daily,2024-02-25,baselinenowcast
2023-12-06,44,44,41,41,41,41,41,41,41,41,41,daily,2024-02-25,baselinenowcast
2023-12-07,50,50,44,44,44,44,44,44,44,44,44,daily,2024-02-25,baselinenowcast
2023-12-08,37,37,30,30,30,30,30,30,30,30,30,daily,2024-02-25,baselinenowcast
2023-12-09,30,30,24,24,24,24,24,24,24,24,24,daily,2024-02-25,baselinenowcast
2023-12-10,23,23,18,18,18,18,18,18,18,18,18,daily,2024-02-25,baselinenowcast
2023-12-11,52,52,46,46,46,46,46,46,46,46,46,daily,2024-02-25,baselinenowcast
2023-12-12,31,31,29,29,29,29,29,29,29,29,29,daily,2024-02-25,baselinenowcast
2023-12-13,36,36,33,33,33,33,33,33,33,33,33,daily,2024-02-25,baselinenowcast
2023-12-14,34,34,30,30,30,30,30,30,30,30,30,daily,2024-02-25,baselinenowcast
2023-12-15,41,41,40,40,40,40,40,40,40,40,40,daily,2024-02-25,baselinenowcast
2023-12-16,29,29,26,26,26,26,26,26,26,26,26,daily,2024-02-25,baselinenowcast
2023-12-17,26,26,26,26,26,26,26,26,26,26,26,daily,2024-02-25,baselinenowcast
2023-12-18,56,56,50,50,50,50,50,50,50,50,50,daily,2024-02-25,baselinenowcast
2023-12-19,33,33,27,27,27,27,27,27,27,27,27,daily,2024-02-25,baselinenowcast
2023-12-20,47,47,43,43,43,43,43,43,43,43,43,daily,2024-02-25,baselinenowcast
2023-12-21,36,36,31,31,31,31,31,31,31,31,31,daily,2024-02-25,baselinenowcast
2023-12-22,37,37,29,29,29,29,29,29,29,29,29,daily,2024-02-25,baselinenowcast
2023-12-23,24,24,20,20,20,20,20,20,20,20,20,daily,2024-02-25,baselinenowcast
2023-12-24,27,27,22,22,22,22,22,22,22,22,22,daily,2024-02-25,baselinenowcast
2023-12-25,18,18,14,14,14,14,14,14,14,14,14,daily,2024-02-25,baselinenowcast
2023-12-26,25,25,19,19,19,19,19,19,19,19,19,daily,2024-02-25,baselinenowcast
2023-12-27,27,27,25,25,25,25,25,25,25,25,25,daily,2024-02-25,baselinenowcast
2023-12-28,34,34,31,31,31,31,31,31,31,31,31,daily,2024-02-25,baselinenowcast
2023-12-29,65,65,62,62,62,62,62,62,62,62,62,daily,2024-02-25,baselinenowcast
2023-12-30,18,18,11,11,11,11,11,11,11,11,11,daily,2024-02-25,baselinenowcast
2023-12-31,29,29,23,23,23,23,23,23,23,23,23,daily,2024-02-25,baselinenowcast
2024-01-01,20,20,19,19,19,19,19,19,19,19,19,daily,2024-02-25,baselinenowcast
2024-01-02,40,40,35,35,35,35,35,35,35,35,35,daily,2024-02-25,baselinenowcast
2024-01-03,58,58,51,51,51,51,51,51,51,51,51,daily,2024-02-25,baselinenowcast
2024-01-04,45,45,39,39,39,39,39,39,39,39,39,daily,2024-02-25,baselinenowcast
2024-01-05,21,21,20,20,20,20,20,20,20,20,20,daily,2024-02-25,baselinenowcast
2024-01-06,34,34,32,32,32,32,32,32,32,32,32,daily,2024-02-25,baselinenowcast
2024-01-07,28,28,23,23,23,23,23,23,23,23,23,daily,2024-02-25,baselinenowcast
2024-01-08,33,34,29,29,29,29,29,29,29,29,29,daily,2024-02-25,baselinenowcast
2024-01-09,22,23,17,17,17,17,17,17,17,17,17,daily,2024-02-25,baselinenowcast
2024-01-10,31,31,26,26,26,26,26,26,26,26,26,daily,2024-02-25,baselinenowcast
2024-01-11,37,39,34,34,34,34,34,34,34,34,34,daily,2024-02-25,baselinenowcast
2024-01-12,45,45,40,40,40,40,40,40,40,40,40,daily,2024-02-25,baselinenowcast
2024-01-13,31,32,29,29,29,29,29,29,29,29,29,daily,2024-02-25,baselinenowcast
2024-01-14,17,17,14,14,14,14,14,14,14,14,14,daily,2024-02-25,baselinenowcast
2024-01-15,40,41,39,39,39,39,39,39,39,39,39,daily,2024-02-25,baselinenowcast
2024-01-16,48,48,44,44,44,44,44,44,44,44,44,daily,2024-02-25,baselinenowcast
2024-01-17,54,54,52,52,52,52,52,52,52,52,52,daily,2024-02-25,baselinenowcast
2024-01-18,34,35,30,30,30,30,30,30,30,30,30,daily,2024-02-25,baselinenowcast
2024-01-19,39,41,36,36,36,36,36,36,36,36,36,daily,2024-02-25,baselinenowcast
2024-01-20,30,35,28,28,28,28,28,28,28,28,28,daily,2024-02-25,baselinenowcast
2024-01-21,27,28,26,26,26,26,26,26,26,26,26,daily,2024-02-25,baselinenowcast
2024-01-22,61,61,61,61,61,61,61,61,61,61,61,daily,2024-02-25,baselinenowcast
2024-01-23,36,39,33,33,33,33,33,33,33,33,33,daily,2024-02-25,baselinenowcast
2024-01-24,56,58,54,54,54,54,54,54,54,54,54,daily,2024-02-25,baselinenowcast
2024-01-25,38,41,37,37,37,37,37,37,37,37,37,daily,2024-02-25,baselinenowcast
2024-01-26,33,33,32,32,32,32,32,32,32,32,32,daily,2024-02-25,baselinenowcast
2024-01-27,25,29,24,24,24,24,24,24,24,24,24,daily,2024-02-25,baselinenowcast
2024-01-28,31,35,30,30,30,30,30,30,30,30,30,daily,2024-02-25,baselinenowcast
2024-01-29,43,46,40,40,40,40,40,40,40,40,40,daily,2024-02-25,baselinenowcast
2024-01-30,44,46,42,42,42,42,42,42,42,42,42,daily,2024-02-25,baselinenowcast
2024-01-31,37,41,36,36,36,36,36,36,36,36,36,daily,2024-02-25,baselinenowcast
2024-02-01,38,38,38,38,38,38,38,38,38,38,38,daily,2024-02-25,baselinenowcast
2024-02-02,36,36,36,36,36,36,36,36,36,36,36,daily,2024-02-25,baselinenowcast
2024-02-03,32,39,32,32,32,32,32,32,32,32,32,daily,2024-02-25,baselinenowcast
2024-02-04,25,31,23,23,23,23,23,23,23,23,23,daily,2024-02-25,baselinenowcast
2024-02-05,32,35,32,32,32,32,32,32,32,32,32,daily,2024-02-25,baselinenowcast
2024-02-06,25,27,24,24,24,24,24,24,24,24,24,daily,2024-02-25,baselinenowcast
2024-02-07,33,33,33,33,33,33,33,33,33,33,33,daily,2024-02-25,baselinenowcast
2024-02-08,27,28,27,27,27,27,27,27,27,27,27,daily,2024-02-25,baselinenowcast
2024-02-09,38,44,37,37,37,37,37,37,37,37,37,daily,2024-02-25,baselinenowcast
2024-02-10,17,18,17,17,17,17,17,17,17,17,17,daily,2024-02-25,baselinenowcast
2024-02-11,34,40,34,34,34,34,34,34,34,34,34,daily,2024-02-25,baselinenowcast
2024-02-12,38,43,38,38,40,38,43,38,38,38,38,daily,2024-02-25,baselinenowcast
2024-02-13,33,37,33,33,37,33,39,33,34,33,34,daily,2024-02-25,baselinenowcast
2024-02-14,39,42,39,39,43,39,45,39,40,39,41,daily,2024-02-25,baselinenowcast
2024-02-15,43,44,43,43,49,43,50.02499999999998,43,45,43,46,daily,2024-02-25,baselinenowcast
2024-02-16,33,33,34,33,38.049999999999955,33,40,33,35,33,35,daily,2024-02-25,baselinenowcast
2024-02-17,26,27,26,26,31,26,32,26,28,26,28,daily,2024-02-25,baselinenowcast
2024-02-18,22,27,23,22,27,22,28,22,24,22,25,daily,2024-02-25,baselinenowcast
2024-02-19,36,49,38,36,46,36,49,36,40,36,41.16999999999996,daily,2024-02-25,baselinenowcast
2024-02-20,21,24,22,21,27,21,29,21,24,21,25,daily,2024-02-25,baselinenowcast
2024-02-21,36,44,39.5,36,47,36,49,38,42,37,43,daily,2024-02-25,baselinenowcast
2024-02-22,37,44,42,37,53,37,56,39,46,39,48,daily,2024-02-25,baselinenowcast
2024-02-23,9,28,11,9,16,9,18,10,13,10,14,daily,2024-02-25,baselinenowcast
2024-02-24,6,25,14,8,25,7,27,11,18,10,20,daily,2024-02-25,baselinenowcast
2024-02-25,0,16,8,1,29,0,34,4,15,3,18,daily,2024-02-25,baselinenowcast
2023-04-01,24,24,21,21,21,21,21,21,21,21,21,daily,2024-03-03,baselinenowcast
2023-04-02,23,23,18,18,18,18,18,18,18,18,18,daily,2024-03-03,baselinenowcast
2023-04-03,27,27,22,22,22,22,22,22,22,22,22,daily,2024-03-03,baselinenowcast
2023-04-04,44,44,35,35,35,35,35,35,35,35,35,daily,2024-03-03,baselinenowcast
2023-04-05,38,38,31,31,31,31,31,31,31,31,31,daily,2024-03-03,baselinenowcast
2023-04-06,33,33,28,28,28,28,28,28,28,28,28,daily,2024-03-03,baselinenowcast
2023-04-07,14,14,12,12,12,12,12,12,12,12,12,daily,2024-03-03,baselinenowcast
2023-04-08,26,26,20,20,20,20,20,20,20,20,20,daily,2024-03-03,baselinenowcast
2023-04-09,31,31,25,25,25,25,25,25,25,25,25,daily,2024-03-03,baselinenowcast
2023-04-10,17,17,12,12,12,12,12,12,12,12,12,daily,2024-03-03,baselinenowcast
2023-04-11,44,44,41,41,41,41,41,41,41,41,41,daily,2024-03-03,baselinenowcast
2023-04-12,32,32,27,27,27,27,27,27,27,27,27,daily,2024-03-03,baselinenowcast
2023-04-13,31,31,27,27,27,27,27,27,27,27,27,daily,2024-03-03,baselinenowcast
2023-04-14,27,27,20,20,20,20,20,20,20,20,20,daily,2024-03-03,baselinenowcast
2023-04-15,32,32,26,26,26,26,26,26,26,26,26,daily,2024-03-03,baselinenowcast
2023-04-16,17,17,12,12,12,12,12,12,12,12,12,daily,2024-03-03,baselinenowcast
2023-04-17,31,31,28,28,28,28,28,28,28,28,28,daily,2024-03-03,baselinenowcast
2023-04-18,23,23,17,17,17,17,17,17,17,17,17,daily,2024-03-03,baselinenowcast
2023-04-19,24,24,20,20,20,20,20,20,20,20,20,daily,2024-03-03,baselinenowcast
2023-04-20,16,16,12,12,12,12,12,12,12,12,12,daily,2024-03-03,baselinenowcast
2023-04-21,25,25,19,19,19,19,19,19,19,19,19,daily,2024-03-03,baselinenowcast
2023-04-22,8,8,8,8,8,8,8,8,8,8,8,daily,2024-03-03,baselinenowcast
2023-04-23,8,8,6,6,6,6,6,6,6,6,6,daily,2024-03-03,baselinenowcast
2023-04-24,14,14,14,14,14,14,14,14,14,14,14,daily,2024-03-03,baselinenowcast
2023-04-25,24,24,19,19,19,19,19,19,19,19,19,daily,2024-03-03,baselinenowcast
2023-04-26,26,26,23,23,23,23,23,23,23,23,23,daily,2024-03-03,baselinenowcast
2023-04-27,34,34,32,32,32,32,32,32,32,32,32,daily,2024-03-03,baselinenowcast
2023-04-28,20,20,12,12,12,12,12,12,12,12,12,daily,2024-03-03,baselinenowcast
2023-04-29,15,15,14,14,14,14,14,14,14,14,14,daily,2024-03-03,baselinenowcast
2023-04-30,20,20,15,15,15,15,15,15,15,15,15,daily,2024-03-03,baselinenowcast
2023-05-01,14,14,10,10,10,10,10,10,10,10,10,daily,2024-03-03,baselinenowcast
2023-05-02,25,25,14,14,14,14,14,14,14,14,14,daily,2024-03-03,baselinenowcast
2023-05-03,27,27,19,19,19,19,19,19,19,19,19,daily,2024-03-03,baselinenowcast
2023-05-04,42,42,29,29,29,29,29,29,29,29,29,daily,2024-03-03,baselinenowcast
2023-05-05,23,23,19,19,19,19,19,19,19,19,19,daily,2024-03-03,baselinenowcast
2023-05-06,13,13,11,11,11,11,11,11,11,11,11,daily,2024-03-03,baselinenowcast
2023-05-07,20,20,14,14,14,14,14,14,14,14,14,daily,2024-03-03,baselinenowcast
2023-05-08,16,16,13,13,13,13,13,13,13,13,13,daily,2024-03-03,baselinenowcast
2023-05-09,15,15,11,11,11,11,11,11,11,11,11,daily,2024-03-03,baselinenowcast
2023-05-10,26,26,21,21,21,21,21,21,21,21,21,daily,2024-03-03,baselinenowcast
2023-05-11,19,19,15,15,15,15,15,15,15,15,15,daily,2024-03-03,baselinenowcast
2023-05-12,21,21,15,15,15,15,15,15,15,15,15,daily,2024-03-03,baselinenowcast
2023-05-13,13,13,13,13,13,13,13,13,13,13,13,daily,2024-03-03,baselinenowcast
2023-05-14,24,24,10,10,10,10,10,10,10,10,10,daily,2024-03-03,baselinenowcast
2023-05-15,21,21,12,12,12,12,12,12,12,12,12,daily,2024-03-03,baselinenowcast
2023-05-16,23,23,19,19,19,19,19,19,19,19,19,daily,2024-03-03,baselinenowcast
2023-05-17,20,20,14,14,14,14,14,14,14,14,14,daily,2024-03-03,baselinenowcast
2023-05-18,23,23,12,12,12,12,12,12,12,12,12,daily,2024-03-03,baselinenowcast
2023-05-19,14,14,7,7,7,7,7,7,7,7,7,daily,2024-03-03,baselinenowcast
2023-05-20,12,12,7,7,7,7,7,7,7,7,7,daily,2024-03-03,baselinenowcast
2023-05-21,23,23,15,15,15,15,15,15,15,15,15,daily,2024-03-03,baselinenowcast
2023-05-22,18,18,12,12,12,12,12,12,12,12,12,daily,2024-03-03,baselinenowcast
2023-05-23,17,17,15,15,15,15,15,15,15,15,15,daily,2024-03-03,baselinenowcast
2023-05-24,22,22,12,12,12,12,12,12,12,12,12,daily,2024-03-03,baselinenowcast
2023-05-25,19,19,15,15,15,15,15,15,15,15,15,daily,2024-03-03,baselinenowcast
2023-05-26,20,20,16,16,16,16,16,16,16,16,16,daily,2024-03-03,baselinenowcast
2023-05-27,11,11,2,2,2,2,2,2,2,2,2,daily,2024-03-03,baselinenowcast
2023-05-28,6,6,6,6,6,6,6,6,6,6,6,daily,2024-03-03,baselinenowcast
2023-05-29,9,9,2,2,2,2,2,2,2,2,2,daily,2024-03-03,baselinenowcast
2023-05-30,26,26,21,21,21,21,21,21,21,21,21,daily,2024-03-03,baselinenowcast
2023-05-31,22,22,15,15,15,15,15,15,15,15,15,daily,2024-03-03,baselinenowcast
2023-06-01,18,18,8,8,8,8,8,8,8,8,8,daily,2024-03-03,baselinenowcast
2023-06-02,17,17,10,10,10,10,10,10,10,10,10,daily,2024-03-03,baselinenowcast
2023-06-03,10,10,6,6,6,6,6,6,6,6,6,daily,2024-03-03,baselinenowcast
2023-06-04,15,15,8,8,8,8,8,8,8,8,8,daily,2024-03-03,baselinenowcast
2023-06-05,22,22,17,17,17,17,17,17,17,17,17,daily,2024-03-03,baselinenowcast
2023-06-06,29,29,21,21,21,21,21,21,21,21,21,daily,2024-03-03,baselinenowcast
2023-06-07,27,27,22,22,22,22,22,22,22,22,22,daily,2024-03-03,baselinenowcast
2023-06-08,21,21,11,11,11,11,11,11,11,11,11,daily,2024-03-03,baselinenowcast
2023-06-09,7,7,2,2,2,2,2,2,2,2,2,daily,2024-03-03,baselinenowcast
2023-06-10,12,12,11,11,11,11,11,11,11,11,11,daily,2024-03-03,baselinenowcast
2023-06-11,7,7,2,2,2,2,2,2,2,2,2,daily,2024-03-03,baselinenowcast
2023-06-12,15,15,10,10,10,10,10,10,10,10,10,daily,2024-03-03,baselinenowcast
2023-06-13,17,17,15,15,15,15,15,15,15,15,15,daily,2024-03-03,baselinenowcast
2023-06-14,9,9,3,3,3,3,3,3,3,3,3,daily,2024-03-03,baselinenowcast
2023-06-15,22,22,9,9,9,9,9,9,9,9,9,daily,2024-03-03,baselinenowcast
2023-06-16,17,17,17,17,17,17,17,17,17,17,17,daily,2024-03-03,baselinenowcast
2023-06-17,12,12,10,10,10,10,10,10,10,10,10,daily,2024-03-03,baselinenowcast
2023-06-18,5,5,1,1,1,1,1,1,1,1,1,daily,2024-03-03,baselinenowcast
2023-06-19,16,16,11,11,11,11,11,11,11,11,11,daily,2024-03-03,baselinenowcast
2023-06-20,17,17,10,10,10,10,10,10,10,10,10,daily,2024-03-03,baselinenowcast
2023-06-21,15,15,12,12,12,12,12,12,12,12,12,daily,2024-03-03,baselinenowcast
2023-06-22,18,18,17,17,17,17,17,17,17,17,17,daily,2024-03-03,baselinenowcast
2023-06-23,10,10,7,7,7,7,7,7,7,7,7,daily,2024-03-03,baselinenowcast
2023-06-24,8,8,6,6,6,6,6,6,6,6,6,daily,2024-03-03,baselinenowcast
2023-06-25,15,15,6,6,6,6,6,6,6,6,6,daily,2024-03-03,baselinenowcast
2023-06-26,2,2,2,2,2,2,2,2,2,2,2,daily,2024-03-03,baselinenowcast
2023-06-27,11,11,10,10,10,10,10,10,10,10,10,daily,2024-03-03,baselinenowcast
2023-06-28,15,15,12,12,12,12,12,12,12,12,12,daily,2024-03-03,baselinenowcast
2023-06-29,12,12,9,9,9,9,9,9,9,9,9,daily,2024-03-03,baselinenowcast
2023-06-30,7,7,6,6,6,6,6,6,6,6,6,daily,2024-03-03,baselinenowcast
2023-07-01,4,4,1,1,1,1,1,1,1,1,1,daily,2024-03-03,baselinenowcast
2023-07-02,8,8,2,2,2,2,2,2,2,2,2,daily,2024-03-03,baselinenowcast
2023-07-03,23,23,13,13,13,13,13,13,13,13,13,daily,2024-03-03,baselinenowcast
2023-07-04,13,13,10,10,10,10,10,10,10,10,10,daily,2024-03-03,baselinenowcast
2023-07-05,19,19,17,17,17,17,17,17,17,17,17,daily,2024-03-03,baselinenowcast
2023-07-06,14,14,8,8,8,8,8,8,8,8,8,daily,2024-03-03,baselinenowcast
2023-07-07,15,15,12,12,12,12,12,12,12,12,12,daily,2024-03-03,baselinenowcast
2023-07-08,5,5,2,2,2,2,2,2,2,2,2,daily,2024-03-03,baselinenowcast
2023-07-09,5,5,3,3,3,3,3,3,3,3,3,daily,2024-03-03,baselinenowcast
2023-07-10,13,13,10,10,10,10,10,10,10,10,10,daily,2024-03-03,baselinenowcast
2023-07-11,13,13,10,10,10,10,10,10,10,10,10,daily,2024-03-03,baselinenowcast
2023-07-12,13,13,10,10,10,10,10,10,10,10,10,daily,2024-03-03,baselinenowcast
2023-07-13,18,18,14,14,14,14,14,14,14,14,14,daily,2024-03-03,baselinenowcast
2023-07-14,10,10,9,9,9,9,9,9,9,9,9,daily,2024-03-03,baselinenowcast
2023-07-15,9,9,7,7,7,7,7,7,7,7,7,daily,2024-03-03,baselinenowcast
2023-07-16,19,19,6,6,6,6,6,6,6,6,6,daily,2024-03-03,baselinenowcast
2023-07-17,9,9,6,6,6,6,6,6,6,6,6,daily,2024-03-03,baselinenowcast
2023-07-18,22,22,16,16,16,16,16,16,16,16,16,daily,2024-03-03,baselinenowcast
2023-07-19,17,17,11,11,11,11,11,11,11,11,11,daily,2024-03-03,baselinenowcast
2023-07-20,27,27,19,19,19,19,19,19,19,19,19,daily,2024-03-03,baselinenowcast
2023-07-21,15,15,5,5,5,5,5,5,5,5,5,daily,2024-03-03,baselinenowcast
2023-07-22,6,6,3,3,3,3,3,3,3,3,3,daily,2024-03-03,baselinenowcast
2023-07-23,10,10,5,5,5,5,5,5,5,5,5,daily,2024-03-03,baselinenowcast
2023-07-24,15,15,14,14,14,14,14,14,14,14,14,daily,2024-03-03,baselinenowcast
2023-07-25,23,23,16,16,16,16,16,16,16,16,16,daily,2024-03-03,baselinenowcast
2023-07-26,15,15,10,10,10,10,10,10,10,10,10,daily,2024-03-03,baselinenowcast
2023-07-27,25,25,13,13,13,13,13,13,13,13,13,daily,2024-03-03,baselinenowcast
2023-07-28,9,9,8,8,8,8,8,8,8,8,8,daily,2024-03-03,baselinenowcast
2023-07-29,8,8,4,4,4,4,4,4,4,4,4,daily,2024-03-03,baselinenowcast
2023-07-30,6,6,3,3,3,3,3,3,3,3,3,daily,2024-03-03,baselinenowcast
2023-07-31,14,14,8,8,8,8,8,8,8,8,8,daily,2024-03-03,baselinenowcast
2023-08-01,9,9,3,3,3,3,3,3,3,3,3,daily,2024-03-03,baselinenowcast
2023-08-02,12,12,8,8,8,8,8,8,8,8,8,daily,2024-03-03,baselinenowcast
2023-08-03,21,21,15,15,15,15,15,15,15,15,15,daily,2024-03-03,baselinenowcast
2023-08-04,2,2,2,2,2,2,2,2,2,2,2,daily,2024-03-03,baselinenowcast
2023-08-05,10,10,7,7,7,7,7,7,7,7,7,daily,2024-03-03,baselinenowcast
2023-08-06,5,5,3,3,3,3,3,3,3,3,3,daily,2024-03-03,baselinenowcast
2023-08-07,15,15,7,7,7,7,7,7,7,7,7,daily,2024-03-03,baselinenowcast
2023-08-08,26,26,20,20,20,20,20,20,20,20,20,daily,2024-03-03,baselinenowcast
2023-08-09,15,15,13,13,13,13,13,13,13,13,13,daily,2024-03-03,baselinenowcast
2023-08-10,14,14,7,7,7,7,7,7,7,7,7,daily,2024-03-03,baselinenowcast
2023-08-11,16,16,13,13,13,13,13,13,13,13,13,daily,2024-03-03,baselinenowcast
2023-08-12,8,8,5,5,5,5,5,5,5,5,5,daily,2024-03-03,baselinenowcast
2023-08-13,4,4,2,2,2,2,2,2,2,2,2,daily,2024-03-03,baselinenowcast
2023-08-14,22,22,14,14,14,14,14,14,14,14,14,daily,2024-03-03,baselinenowcast
2023-08-15,16,16,13,13,13,13,13,13,13,13,13,daily,2024-03-03,baselinenowcast
2023-08-16,8,8,6,6,6,6,6,6,6,6,6,daily,2024-03-03,baselinenowcast
2023-08-17,18,18,16,16,16,16,16,16,16,16,16,daily,2024-03-03,baselinenowcast
2023-08-18,17,17,14,14,14,14,14,14,14,14,14,daily,2024-03-03,baselinenowcast
2023-08-19,11,11,5,5,5,5,5,5,5,5,5,daily,2024-03-03,baselinenowcast
2023-08-20,7,7,2,2,2,2,2,2,2,2,2,daily,2024-03-03,baselinenowcast
2023-08-21,17,17,16,16,16,16,16,16,16,16,16,daily,2024-03-03,baselinenowcast
2023-08-22,11,11,7,7,7,7,7,7,7,7,7,daily,2024-03-03,baselinenowcast
2023-08-23,18,18,5,5,5,5,5,5,5,5,5,daily,2024-03-03,baselinenowcast
2023-08-24,10,10,7,7,7,7,7,7,7,7,7,daily,2024-03-03,baselinenowcast
2023-08-25,12,12,10,10,10,10,10,10,10,10,10,daily,2024-03-03,baselinenowcast
2023-08-26,15,15,13,13,13,13,13,13,13,13,13,daily,2024-03-03,baselinenowcast
2023-08-27,6,6,3,3,3,3,3,3,3,3,3,daily,2024-03-03,baselinenowcast
2023-08-28,3,3,2,2,2,2,2,2,2,2,2,daily,2024-03-03,baselinenowcast
2023-08-29,10,10,7,7,7,7,7,7,7,7,7,daily,2024-03-03,baselinenowcast
2023-08-30,17,17,15,15,15,15,15,15,15,15,15,daily,2024-03-03,baselinenowcast
2023-08-31,12,12,4,4,4,4,4,4,4,4,4,daily,2024-03-03,baselinenowcast
2023-09-01,8,8,3,3,3,3,3,3,3,3,3,daily,2024-03-03,baselinenowcast
2023-09-02,10,10,6,6,6,6,6,6,6,6,6,daily,2024-03-03,baselinenowcast
2023-09-03,7,7,1,1,1,1,1,1,1,1,1,daily,2024-03-03,baselinenowcast
2023-09-04,16,16,9,9,9,9,9,9,9,9,9,daily,2024-03-03,baselinenowcast
2023-09-05,9,9,5,5,5,5,5,5,5,5,5,daily,2024-03-03,baselinenowcast
2023-09-06,11,11,8,8,8,8,8,8,8,8,8,daily,2024-03-03,baselinenowcast
2023-09-07,15,15,3,3,3,3,3,3,3,3,3,daily,2024-03-03,baselinenowcast
2023-09-08,13,13,7,7,7,7,7,7,7,7,7,daily,2024-03-03,baselinenowcast
2023-09-09,13,13,10,10,10,10,10,10,10,10,10,daily,2024-03-03,baselinenowcast
2023-09-10,5,5,5,5,5,5,5,5,5,5,5,daily,2024-03-03,baselinenowcast
2023-09-11,18,18,11,11,11,11,11,11,11,11,11,daily,2024-03-03,baselinenowcast
2023-09-12,14,14,8,8,8,8,8,8,8,8,8,daily,2024-03-03,baselinenowcast
2023-09-13,11,11,7,7,7,7,7,7,7,7,7,daily,2024-03-03,baselinenowcast
2023-09-14,9,9,4,4,4,4,4,4,4,4,4,daily,2024-03-03,baselinenowcast
2023-09-15,17,17,6,6,6,6,6,6,6,6,6,daily,2024-03-03,baselinenowcast
2023-09-16,10,10,7,7,7,7,7,7,7,7,7,daily,2024-03-03,baselinenowcast
2023-09-17,4,4,4,4,4,4,4,4,4,4,4,daily,2024-03-03,baselinenowcast
2023-09-18,8,8,4,4,4,4,4,4,4,4,4,daily,2024-03-03,baselinenowcast
2023-09-19,13,13,11,11,11,11,11,11,11,11,11,daily,2024-03-03,baselinenowcast
2023-09-20,19,19,16,16,16,16,16,16,16,16,16,daily,2024-03-03,baselinenowcast
2023-09-21,8,8,2,2,2,2,2,2,2,2,2,daily,2024-03-03,baselinenowcast
2023-09-22,12,12,3,3,3,3,3,3,3,3,3,daily,2024-03-03,baselinenowcast
2023-09-23,11,11,10,10,10,10,10,10,10,10,10,daily,2024-03-03,baselinenowcast
2023-09-24,4,4,0,0,0,0,0,0,0,0,0,daily,2024-03-03,baselinenowcast
2023-09-25,4,4,2,2,2,2,2,2,2,2,2,daily,2024-03-03,baselinenowcast
2023-09-26,9,9,7,7,7,7,7,7,7,7,7,daily,2024-03-03,baselinenowcast
2023-09-27,6,6,3,3,3,3,3,3,3,3,3,daily,2024-03-03,baselinenowcast
2023-09-28,15,15,9,9,9,9,9,9,9,9,9,daily,2024-03-03,baselinenowcast
2023-09-29,7,7,4,4,4,4,4,4,4,4,4,daily,2024-03-03,baselinenowcast
2023-09-30,6,6,3,3,3,3,3,3,3,3,3,daily,2024-03-03,baselinenowcast
2023-10-01,7,7,0,0,0,0,0,0,0,0,0,daily,2024-03-03,baselinenowcast
2023-10-02,4,4,2,2,2,2,2,2,2,2,2,daily,2024-03-03,baselinenowcast
2023-10-03,6,6,5,5,5,5,5,5,5,5,5,daily,2024-03-03,baselinenowcast
2023-10-04,3,3,0,0,0,0,0,0,0,0,0,daily,2024-03-03,baselinenowcast
2023-10-05,10,10,6,6,6,6,6,6,6,6,6,daily,2024-03-03,baselinenowcast
2023-10-06,12,12,3,3,3,3,3,3,3,3,3,daily,2024-03-03,baselinenowcast
2023-10-07,3,3,1,1,1,1,1,1,1,1,1,daily,2024-03-03,baselinenowcast
2023-10-08,19,19,8,8,8,8,8,8,8,8,8,daily,2024-03-03,baselinenowcast
2023-10-09,21,21,9,9,9,9,9,9,9,9,9,daily,2024-03-03,baselinenowcast
2023-10-10,8,8,4,4,4,4,4,4,4,4,4,daily,2024-03-03,baselinenowcast
2023-10-11,9,9,5,5,5,5,5,5,5,5,5,daily,2024-03-03,baselinenowcast
2023-10-12,15,15,8,8,8,8,8,8,8,8,8,daily,2024-03-03,baselinenowcast
2023-10-13,17,17,12,12,12,12,12,12,12,12,12,daily,2024-03-03,baselinenowcast
2023-10-14,5,5,3,3,3,3,3,3,3,3,3,daily,2024-03-03,baselinenowcast
2023-10-15,14,14,8,8,8,8,8,8,8,8,8,daily,2024-03-03,baselinenowcast
2023-10-16,14,14,10,10,10,10,10,10,10,10,10,daily,2024-03-03,baselinenowcast
2023-10-17,17,17,15,15,15,15,15,15,15,15,15,daily,2024-03-03,baselinenowcast
2023-10-18,17,17,10,10,10,10,10,10,10,10,10,daily,2024-03-03,baselinenowcast
2023-10-19,16,16,7,7,7,7,7,7,7,7,7,daily,2024-03-03,baselinenowcast
2023-10-20,18,18,7,7,7,7,7,7,7,7,7,daily,2024-03-03,baselinenowcast
2023-10-21,14,14,4,4,4,4,4,4,4,4,4,daily,2024-03-03,baselinenowcast
2023-10-22,7,7,1,1,1,1,1,1,1,1,1,daily,2024-03-03,baselinenowcast
2023-10-23,12,12,10,10,10,10,10,10,10,10,10,daily,2024-03-03,baselinenowcast
2023-10-24,15,15,12,12,12,12,12,12,12,12,12,daily,2024-03-03,baselinenowcast
2023-10-25,17,17,10,10,10,10,10,10,10,10,10,daily,2024-03-03,baselinenowcast
2023-10-26,16,16,11,11,11,11,11,11,11,11,11,daily,2024-03-03,baselinenowcast
2023-10-27,10,10,7,7,7,7,7,7,7,7,7,daily,2024-03-03,baselinenowcast
2023-10-28,9,9,4,4,4,4,4,4,4,4,4,daily,2024-03-03,baselinenowcast
2023-10-29,7,7,1,1,1,1,1,1,1,1,1,daily,2024-03-03,baselinenowcast
2023-10-30,16,16,10,10,10,10,10,10,10,10,10,daily,2024-03-03,baselinenowcast
2023-10-31,8,8,6,6,6,6,6,6,6,6,6,daily,2024-03-03,baselinenowcast
2023-11-01,12,12,7,7,7,7,7,7,7,7,7,daily,2024-03-03,baselinenowcast
2023-11-02,27,27,13,13,13,13,13,13,13,13,13,daily,2024-03-03,baselinenowcast
2023-11-03,18,18,12,12,12,12,12,12,12,12,12,daily,2024-03-03,baselinenowcast
2023-11-04,13,13,1,1,1,1,1,1,1,1,1,daily,2024-03-03,baselinenowcast
2023-11-05,9,9,6,6,6,6,6,6,6,6,6,daily,2024-03-03,baselinenowcast
2023-11-06,23,23,13,13,13,13,13,13,13,13,13,daily,2024-03-03,baselinenowcast
2023-11-07,13,13,11,11,11,11,11,11,11,11,11,daily,2024-03-03,baselinenowcast
2023-11-08,7,7,5,5,5,5,5,5,5,5,5,daily,2024-03-03,baselinenowcast
2023-11-09,20,20,11,11,11,11,11,11,11,11,11,daily,2024-03-03,baselinenowcast
2023-11-10,19,19,16,16,16,16,16,16,16,16,16,daily,2024-03-03,baselinenowcast
2023-11-11,12,12,10,10,10,10,10,10,10,10,10,daily,2024-03-03,baselinenowcast
2023-11-12,14,14,8,8,8,8,8,8,8,8,8,daily,2024-03-03,baselinenowcast
2023-11-13,21,21,18,18,18,18,18,18,18,18,18,daily,2024-03-03,baselinenowcast
2023-11-14,14,14,11,11,11,11,11,11,11,11,11,daily,2024-03-03,baselinenowcast
2023-11-15,15,15,12,12,12,12,12,12,12,12,12,daily,2024-03-03,baselinenowcast
2023-11-16,21,21,15,15,15,15,15,15,15,15,15,daily,2024-03-03,baselinenowcast
2023-11-17,15,15,14,14,14,14,14,14,14,14,14,daily,2024-03-03,baselinenowcast
2023-11-18,14,14,8,8,8,8,8,8,8,8,8,daily,2024-03-03,baselinenowcast
2023-11-19,17,17,13,13,13,13,13,13,13,13,13,daily,2024-03-03,baselinenowcast
2023-11-20,29,29,25,25,25,25,25,25,25,25,25,daily,2024-03-03,baselinenowcast
2023-11-21,20,20,18,18,18,18,18,18,18,18,18,daily,2024-03-03,baselinenowcast
2023-11-22,19,19,17,17,17,17,17,17,17,17,17,daily,2024-03-03,baselinenowcast
2023-11-23,10,10,9,9,9,9,9,9,9,9,9,daily,2024-03-03,baselinenowcast
2023-11-24,17,17,10,10,10,10,10,10,10,10,10,daily,2024-03-03,baselinenowcast
2023-11-25,7,7,5,5,5,5,5,5,5,5,5,daily,2024-03-03,baselinenowcast
2023-11-26,10,10,8,8,8,8,8,8,8,8,8,daily,2024-03-03,baselinenowcast
2023-11-27,27,27,24,24,24,24,24,24,24,24,24,daily,2024-03-03,baselinenowcast
2023-11-28,25,25,23,23,23,23,23,23,23,23,23,daily,2024-03-03,baselinenowcast
2023-11-29,17,17,15,15,15,15,15,15,15,15,15,daily,2024-03-03,baselinenowcast
2023-11-30,20,20,16,16,16,16,16,16,16,16,16,daily,2024-03-03,baselinenowcast
2023-12-01,20,20,14,14,14,14,14,14,14,14,14,daily,2024-03-03,baselinenowcast
2023-12-02,22,22,17,17,17,17,17,17,17,17,17,daily,2024-03-03,baselinenowcast
2023-12-03,23,23,16,16,16,16,16,16,16,16,16,daily,2024-03-03,baselinenowcast
2023-12-04,39,39,35,35,35,35,35,35,35,35,35,daily,2024-03-03,baselinenowcast
2023-12-05,47,47,46,46,46,46,46,46,46,46,46,daily,2024-03-03,baselinenowcast
2023-12-06,44,44,41,41,41,41,41,41,41,41,41,daily,2024-03-03,baselinenowcast
2023-12-07,50,50,44,44,44,44,44,44,44,44,44,daily,2024-03-03,baselinenowcast
2023-12-08,37,37,30,30,30,30,30,30,30,30,30,daily,2024-03-03,baselinenowcast
2023-12-09,30,30,24,24,24,24,24,24,24,24,24,daily,2024-03-03,baselinenowcast
2023-12-10,23,23,18,18,18,18,18,18,18,18,18,daily,2024-03-03,baselinenowcast
2023-12-11,52,52,46,46,46,46,46,46,46,46,46,daily,2024-03-03,baselinenowcast
2023-12-12,31,31,29,29,29,29,29,29,29,29,29,daily,2024-03-03,baselinenowcast
2023-12-13,36,36,33,33,33,33,33,33,33,33,33,daily,2024-03-03,baselinenowcast
2023-12-14,34,34,30,30,30,30,30,30,30,30,30,daily,2024-03-03,baselinenowcast
2023-12-15,41,41,40,40,40,40,40,40,40,40,40,daily,2024-03-03,baselinenowcast
2023-12-16,29,29,26,26,26,26,26,26,26,26,26,daily,2024-03-03,baselinenowcast
2023-12-17,26,26,26,26,26,26,26,26,26,26,26,daily,2024-03-03,baselinenowcast
2023-12-18,56,56,50,50,50,50,50,50,50,50,50,daily,2024-03-03,baselinenowcast
2023-12-19,33,33,27,27,27,27,27,27,27,27,27,daily,2024-03-03,baselinenowcast
2023-12-20,47,47,43,43,43,43,43,43,43,43,43,daily,2024-03-03,baselinenowcast
2023-12-21,36,36,31,31,31,31,31,31,31,31,31,daily,2024-03-03,baselinenowcast
2023-12-22,37,37,29,29,29,29,29,29,29,29,29,daily,2024-03-03,baselinenowcast
2023-12-23,24,24,20,20,20,20,20,20,20,20,20,daily,2024-03-03,baselinenowcast
2023-12-24,27,27,22,22,22,22,22,22,22,22,22,daily,2024-03-03,baselinenowcast
2023-12-25,18,18,14,14,14,14,14,14,14,14,14,daily,2024-03-03,baselinenowcast
2023-12-26,25,25,19,19,19,19,19,19,19,19,19,daily,2024-03-03,baselinenowcast
2023-12-27,27,27,25,25,25,25,25,25,25,25,25,daily,2024-03-03,baselinenowcast
2023-12-28,34,34,31,31,31,31,31,31,31,31,31,daily,2024-03-03,baselinenowcast
2023-12-29,65,65,62,62,62,62,62,62,62,62,62,daily,2024-03-03,baselinenowcast
2023-12-30,18,18,11,11,11,11,11,11,11,11,11,daily,2024-03-03,baselinenowcast
2023-12-31,29,29,23,23,23,23,23,23,23,23,23,daily,2024-03-03,baselinenowcast
2024-01-01,20,20,19,19,19,19,19,19,19,19,19,daily,2024-03-03,baselinenowcast
2024-01-02,40,40,35,35,35,35,35,35,35,35,35,daily,2024-03-03,baselinenowcast
2024-01-03,58,58,51,51,51,51,51,51,51,51,51,daily,2024-03-03,baselinenowcast
2024-01-04,45,45,39,39,39,39,39,39,39,39,39,daily,2024-03-03,baselinenowcast
2024-01-05,21,21,20,20,20,20,20,20,20,20,20,daily,2024-03-03,baselinenowcast
2024-01-06,34,34,32,32,32,32,32,32,32,32,32,daily,2024-03-03,baselinenowcast
2024-01-07,28,28,23,23,23,23,23,23,23,23,23,daily,2024-03-03,baselinenowcast
2024-01-08,34,34,29,29,29,29,29,29,29,29,29,daily,2024-03-03,baselinenowcast
2024-01-09,23,23,17,17,17,17,17,17,17,17,17,daily,2024-03-03,baselinenowcast
2024-01-10,31,31,26,26,26,26,26,26,26,26,26,daily,2024-03-03,baselinenowcast
2024-01-11,39,39,34,34,34,34,34,34,34,34,34,daily,2024-03-03,baselinenowcast
2024-01-12,45,45,40,40,40,40,40,40,40,40,40,daily,2024-03-03,baselinenowcast
2024-01-13,32,32,29,29,29,29,29,29,29,29,29,daily,2024-03-03,baselinenowcast
2024-01-14,17,17,14,14,14,14,14,14,14,14,14,daily,2024-03-03,baselinenowcast
2024-01-15,41,41,39,39,39,39,39,39,39,39,39,daily,2024-03-03,baselinenowcast
2024-01-16,48,48,44,44,44,44,44,44,44,44,44,daily,2024-03-03,baselinenowcast
2024-01-17,54,54,52,52,52,52,52,52,52,52,52,daily,2024-03-03,baselinenowcast
2024-01-18,35,35,30,30,30,30,30,30,30,30,30,daily,2024-03-03,baselinenowcast
2024-01-19,39,41,36,36,36,36,36,36,36,36,36,daily,2024-03-03,baselinenowcast
2024-01-20,31,35,28,28,28,28,28,28,28,28,28,daily,2024-03-03,baselinenowcast
2024-01-21,27,28,26,26,26,26,26,26,26,26,26,daily,2024-03-03,baselinenowcast
2024-01-22,61,61,61,61,61,61,61,61,61,61,61,daily,2024-03-03,baselinenowcast
2024-01-23,38,39,33,33,33,33,33,33,33,33,33,daily,2024-03-03,baselinenowcast
2024-01-24,58,58,54,54,54,54,54,54,54,54,54,daily,2024-03-03,baselinenowcast
2024-01-25,38,41,37,37,37,37,37,37,37,37,37,daily,2024-03-03,baselinenowcast
2024-01-26,33,33,32,32,32,32,32,32,32,32,32,daily,2024-03-03,baselinenowcast
2024-01-27,25,29,24,24,24,24,24,24,24,24,24,daily,2024-03-03,baselinenowcast
2024-01-28,31,35,30,30,30,30,30,30,30,30,30,daily,2024-03-03,baselinenowcast
2024-01-29,46,46,40,40,40,40,40,40,40,40,40,daily,2024-03-03,baselinenowcast
2024-01-30,44,46,42,42,42,42,42,42,42,42,42,daily,2024-03-03,baselinenowcast
2024-01-31,38,41,36,36,36,36,36,36,36,36,36,daily,2024-03-03,baselinenowcast
2024-02-01,38,38,38,38,38,38,38,38,38,38,38,daily,2024-03-03,baselinenowcast
2024-02-02,36,36,36,36,36,36,36,36,36,36,36,daily,2024-03-03,baselinenowcast
2024-02-03,34,39,32,32,32,32,32,32,32,32,32,daily,2024-03-03,baselinenowcast
2024-02-04,25,31,23,23,23,23,23,23,23,23,23,daily,2024-03-03,baselinenowcast
2024-02-05,33,35,32,32,32,32,32,32,32,32,32,daily,2024-03-03,baselinenowcast
2024-02-06,25,27,24,24,24,24,24,24,24,24,24,daily,2024-03-03,baselinenowcast
2024-02-07,33,33,33,33,33,33,33,33,33,33,33,daily,2024-03-03,baselinenowcast
2024-02-08,28,28,27,27,27,27,27,27,27,27,27,daily,2024-03-03,baselinenowcast
2024-02-09,38,44,37,37,37,37,37,37,37,37,37,daily,2024-03-03,baselinenowcast
2024-02-10,18,18,17,17,17,17,17,17,17,17,17,daily,2024-03-03,baselinenowcast
2024-02-11,38,40,34,34,34,34,34,34,34,34,34,daily,2024-03-03,baselinenowcast
2024-02-12,40,43,38,38,38,38,38,38,38,38,38,daily,2024-03-03,baselinenowcast
2024-02-13,33,37,33,33,33,33,33,33,33,33,33,daily,2024-03-03,baselinenowcast
2024-02-14,39,42,39,39,39,39,39,39,39,39,39,daily,2024-03-03,baselinenowcast
2024-02-15,44,44,43,43,43,43,43,43,43,43,43,daily,2024-03-03,baselinenowcast
2024-02-16,33,33,33,33,33,33,33,33,33,33,33,daily,2024-03-03,baselinenowcast
2024-02-17,27,27,27,27,27,27,27,27,27,27,27,daily,2024-03-03,baselinenowcast
2024-02-18,26,27,26,26,26,26,26,26,26,26,26,daily,2024-03-03,baselinenowcast
2024-02-19,40,49,40,40,40,40,40,40,40,40,40,daily,2024-03-03,baselinenowcast
2024-02-20,21,24,21,21,23,21,23,21,21,21,22,daily,2024-03-03,baselinenowcast
2024-02-21,41,44,41,41,44,41,45,41,42,41,42,daily,2024-03-03,baselinenowcast
2024-02-22,42,44,42,42,46,42,47,42,44,42,44,daily,2024-03-03,baselinenowcast
2024-02-23,23,28,23,23,26,23,27,23,24,23,24,daily,2024-03-03,baselinenowcast
2024-02-24,23,25,23,23,26,23,27,23,24,23,25,daily,2024-03-03,baselinenowcast
2024-02-25,13,16,13,13,15,13,16,13,14,13,14,daily,2024-03-03,baselinenowcast
2024-02-26,27,28,28,27,33,27,34,27,29,27,30,daily,2024-03-03,baselinenowcast
2024-02-27,37,40,39,37,44,37,46,38,41,38,42,daily,2024-03-03,baselinenowcast
2024-02-28,30,34,33,30,40,30,42,31,36,31,37,daily,2024-03-03,baselinenowcast
2024-02-29,33,38,38,33,47,33,49,36,41,35,42,daily,2024-03-03,baselinenowcast
2024-03-01,25,43,33,27,46,26,49,30,38,29,40,daily,2024-03-03,baselinenowcast
2024-03-02,12,25,30,15,60,14,69.02499999999998,22,40,19,45,daily,2024-03-03,baselinenowcast
2024-03-03,1,37,27,3,99,2.9750000000000014,120.04999999999995,13,51,9,65,daily,2024-03-03,baselinenowcast
2023-04-01,24,24,21,21,21,21,21,21,21,21,21,daily,2024-03-10,baselinenowcast
2023-04-02,23,23,18,18,18,18,18,18,18,18,18,daily,2024-03-10,baselinenowcast
2023-04-03,27,27,22,22,22,22,22,22,22,22,22,daily,2024-03-10,baselinenowcast
2023-04-04,44,44,35,35,35,35,35,35,35,35,35,daily,2024-03-10,baselinenowcast
2023-04-05,38,38,31,31,31,31,31,31,31,31,31,daily,2024-03-10,baselinenowcast
2023-04-06,33,33,28,28,28,28,28,28,28,28,28,daily,2024-03-10,baselinenowcast
2023-04-07,14,14,12,12,12,12,12,12,12,12,12,daily,2024-03-10,baselinenowcast
2023-04-08,26,26,20,20,20,20,20,20,20,20,20,daily,2024-03-10,baselinenowcast
2023-04-09,31,31,25,25,25,25,25,25,25,25,25,daily,2024-03-10,baselinenowcast
2023-04-10,17,17,12,12,12,12,12,12,12,12,12,daily,2024-03-10,baselinenowcast
2023-04-11,44,44,41,41,41,41,41,41,41,41,41,daily,2024-03-10,baselinenowcast
2023-04-12,32,32,27,27,27,27,27,27,27,27,27,daily,2024-03-10,baselinenowcast
2023-04-13,31,31,27,27,27,27,27,27,27,27,27,daily,2024-03-10,baselinenowcast
2023-04-14,27,27,20,20,20,20,20,20,20,20,20,daily,2024-03-10,baselinenowcast
2023-04-15,32,32,26,26,26,26,26,26,26,26,26,daily,2024-03-10,baselinenowcast
2023-04-16,17,17,12,12,12,12,12,12,12,12,12,daily,2024-03-10,baselinenowcast
2023-04-17,31,31,28,28,28,28,28,28,28,28,28,daily,2024-03-10,baselinenowcast
2023-04-18,23,23,17,17,17,17,17,17,17,17,17,daily,2024-03-10,baselinenowcast
2023-04-19,24,24,20,20,20,20,20,20,20,20,20,daily,2024-03-10,baselinenowcast
2023-04-20,16,16,12,12,12,12,12,12,12,12,12,daily,2024-03-10,baselinenowcast
2023-04-21,25,25,19,19,19,19,19,19,19,19,19,daily,2024-03-10,baselinenowcast
2023-04-22,8,8,8,8,8,8,8,8,8,8,8,daily,2024-03-10,baselinenowcast
2023-04-23,8,8,6,6,6,6,6,6,6,6,6,daily,2024-03-10,baselinenowcast
2023-04-24,14,14,14,14,14,14,14,14,14,14,14,daily,2024-03-10,baselinenowcast
2023-04-25,24,24,19,19,19,19,19,19,19,19,19,daily,2024-03-10,baselinenowcast
2023-04-26,26,26,23,23,23,23,23,23,23,23,23,daily,2024-03-10,baselinenowcast
2023-04-27,34,34,32,32,32,32,32,32,32,32,32,daily,2024-03-10,baselinenowcast
2023-04-28,20,20,12,12,12,12,12,12,12,12,12,daily,2024-03-10,baselinenowcast
2023-04-29,15,15,14,14,14,14,14,14,14,14,14,daily,2024-03-10,baselinenowcast
2023-04-30,20,20,15,15,15,15,15,15,15,15,15,daily,2024-03-10,baselinenowcast
2023-05-01,14,14,10,10,10,10,10,10,10,10,10,daily,2024-03-10,baselinenowcast
2023-05-02,25,25,14,14,14,14,14,14,14,14,14,daily,2024-03-10,baselinenowcast
2023-05-03,27,27,19,19,19,19,19,19,19,19,19,daily,2024-03-10,baselinenowcast
2023-05-04,42,42,29,29,29,29,29,29,29,29,29,daily,2024-03-10,baselinenowcast
2023-05-05,23,23,19,19,19,19,19,19,19,19,19,daily,2024-03-10,baselinenowcast
2023-05-06,13,13,11,11,11,11,11,11,11,11,11,daily,2024-03-10,baselinenowcast
2023-05-07,20,20,14,14,14,14,14,14,14,14,14,daily,2024-03-10,baselinenowcast
2023-05-08,16,16,13,13,13,13,13,13,13,13,13,daily,2024-03-10,baselinenowcast
2023-05-09,15,15,11,11,11,11,11,11,11,11,11,daily,2024-03-10,baselinenowcast
2023-05-10,26,26,21,21,21,21,21,21,21,21,21,daily,2024-03-10,baselinenowcast
2023-05-11,19,19,15,15,15,15,15,15,15,15,15,daily,2024-03-10,baselinenowcast
2023-05-12,21,21,15,15,15,15,15,15,15,15,15,daily,2024-03-10,baselinenowcast
2023-05-13,13,13,13,13,13,13,13,13,13,13,13,daily,2024-03-10,baselinenowcast
2023-05-14,24,24,10,10,10,10,10,10,10,10,10,daily,2024-03-10,baselinenowcast
2023-05-15,21,21,12,12,12,12,12,12,12,12,12,daily,2024-03-10,baselinenowcast
2023-05-16,23,23,19,19,19,19,19,19,19,19,19,daily,2024-03-10,baselinenowcast
2023-05-17,20,20,14,14,14,14,14,14,14,14,14,daily,2024-03-10,baselinenowcast
2023-05-18,23,23,12,12,12,12,12,12,12,12,12,daily,2024-03-10,baselinenowcast
2023-05-19,14,14,7,7,7,7,7,7,7,7,7,daily,2024-03-10,baselinenowcast
2023-05-20,12,12,7,7,7,7,7,7,7,7,7,daily,2024-03-10,baselinenowcast
2023-05-21,23,23,15,15,15,15,15,15,15,15,15,daily,2024-03-10,baselinenowcast
2023-05-22,18,18,12,12,12,12,12,12,12,12,12,daily,2024-03-10,baselinenowcast
2023-05-23,17,17,15,15,15,15,15,15,15,15,15,daily,2024-03-10,baselinenowcast
2023-05-24,22,22,12,12,12,12,12,12,12,12,12,daily,2024-03-10,baselinenowcast
2023-05-25,19,19,15,15,15,15,15,15,15,15,15,daily,2024-03-10,baselinenowcast
2023-05-26,20,20,16,16,16,16,16,16,16,16,16,daily,2024-03-10,baselinenowcast
2023-05-27,11,11,2,2,2,2,2,2,2,2,2,daily,2024-03-10,baselinenowcast
2023-05-28,6,6,6,6,6,6,6,6,6,6,6,daily,2024-03-10,baselinenowcast
2023-05-29,9,9,2,2,2,2,2,2,2,2,2,daily,2024-03-10,baselinenowcast
2023-05-30,26,26,21,21,21,21,21,21,21,21,21,daily,2024-03-10,baselinenowcast
2023-05-31,22,22,15,15,15,15,15,15,15,15,15,daily,2024-03-10,baselinenowcast
2023-06-01,18,18,8,8,8,8,8,8,8,8,8,daily,2024-03-10,baselinenowcast
2023-06-02,17,17,10,10,10,10,10,10,10,10,10,daily,2024-03-10,baselinenowcast
2023-06-03,10,10,6,6,6,6,6,6,6,6,6,daily,2024-03-10,baselinenowcast
2023-06-04,15,15,8,8,8,8,8,8,8,8,8,daily,2024-03-10,baselinenowcast
2023-06-05,22,22,17,17,17,17,17,17,17,17,17,daily,2024-03-10,baselinenowcast
2023-06-06,29,29,21,21,21,21,21,21,21,21,21,daily,2024-03-10,baselinenowcast
2023-06-07,27,27,22,22,22,22,22,22,22,22,22,daily,2024-03-10,baselinenowcast
2023-06-08,21,21,11,11,11,11,11,11,11,11,11,daily,2024-03-10,baselinenowcast
2023-06-09,7,7,2,2,2,2,2,2,2,2,2,daily,2024-03-10,baselinenowcast
2023-06-10,12,12,11,11,11,11,11,11,11,11,11,daily,2024-03-10,baselinenowcast
2023-06-11,7,7,2,2,2,2,2,2,2,2,2,daily,2024-03-10,baselinenowcast
2023-06-12,15,15,10,10,10,10,10,10,10,10,10,daily,2024-03-10,baselinenowcast
2023-06-13,17,17,15,15,15,15,15,15,15,15,15,daily,2024-03-10,baselinenowcast
2023-06-14,9,9,3,3,3,3,3,3,3,3,3,daily,2024-03-10,baselinenowcast
2023-06-15,22,22,9,9,9,9,9,9,9,9,9,daily,2024-03-10,baselinenowcast
2023-06-16,17,17,17,17,17,17,17,17,17,17,17,daily,2024-03-10,baselinenowcast
2023-06-17,12,12,10,10,10,10,10,10,10,10,10,daily,2024-03-10,baselinenowcast
2023-06-18,5,5,1,1,1,1,1,1,1,1,1,daily,2024-03-10,baselinenowcast
2023-06-19,16,16,11,11,11,11,11,11,11,11,11,daily,2024-03-10,baselinenowcast
2023-06-20,17,17,10,10,10,10,10,10,10,10,10,daily,2024-03-10,baselinenowcast
2023-06-21,15,15,12,12,12,12,12,12,12,12,12,daily,2024-03-10,baselinenowcast
2023-06-22,18,18,17,17,17,17,17,17,17,17,17,daily,2024-03-10,baselinenowcast
2023-06-23,10,10,7,7,7,7,7,7,7,7,7,daily,2024-03-10,baselinenowcast
2023-06-24,8,8,6,6,6,6,6,6,6,6,6,daily,2024-03-10,baselinenowcast
2023-06-25,15,15,6,6,6,6,6,6,6,6,6,daily,2024-03-10,baselinenowcast
2023-06-26,2,2,2,2,2,2,2,2,2,2,2,daily,2024-03-10,baselinenowcast
2023-06-27,11,11,10,10,10,10,10,10,10,10,10,daily,2024-03-10,baselinenowcast
2023-06-28,15,15,12,12,12,12,12,12,12,12,12,daily,2024-03-10,baselinenowcast
2023-06-29,12,12,9,9,9,9,9,9,9,9,9,daily,2024-03-10,baselinenowcast
2023-06-30,7,7,6,6,6,6,6,6,6,6,6,daily,2024-03-10,baselinenowcast
2023-07-01,4,4,1,1,1,1,1,1,1,1,1,daily,2024-03-10,baselinenowcast
2023-07-02,8,8,2,2,2,2,2,2,2,2,2,daily,2024-03-10,baselinenowcast
2023-07-03,23,23,13,13,13,13,13,13,13,13,13,daily,2024-03-10,baselinenowcast
2023-07-04,13,13,10,10,10,10,10,10,10,10,10,daily,2024-03-10,baselinenowcast
2023-07-05,19,19,17,17,17,17,17,17,17,17,17,daily,2024-03-10,baselinenowcast
2023-07-06,14,14,8,8,8,8,8,8,8,8,8,daily,2024-03-10,baselinenowcast
2023-07-07,15,15,12,12,12,12,12,12,12,12,12,daily,2024-03-10,baselinenowcast
2023-07-08,5,5,2,2,2,2,2,2,2,2,2,daily,2024-03-10,baselinenowcast
2023-07-09,5,5,3,3,3,3,3,3,3,3,3,daily,2024-03-10,baselinenowcast
2023-07-10,13,13,10,10,10,10,10,10,10,10,10,daily,2024-03-10,baselinenowcast
2023-07-11,13,13,10,10,10,10,10,10,10,10,10,daily,2024-03-10,baselinenowcast
2023-07-12,13,13,10,10,10,10,10,10,10,10,10,daily,2024-03-10,baselinenowcast
2023-07-13,18,18,14,14,14,14,14,14,14,14,14,daily,2024-03-10,baselinenowcast
2023-07-14,10,10,9,9,9,9,9,9,9,9,9,daily,2024-03-10,baselinenowcast
2023-07-15,9,9,7,7,7,7,7,7,7,7,7,daily,2024-03-10,baselinenowcast
2023-07-16,19,19,6,6,6,6,6,6,6,6,6,daily,2024-03-10,baselinenowcast
2023-07-17,9,9,6,6,6,6,6,6,6,6,6,daily,2024-03-10,baselinenowcast
2023-07-18,22,22,16,16,16,16,16,16,16,16,16,daily,2024-03-10,baselinenowcast
2023-07-19,17,17,11,11,11,11,11,11,11,11,11,daily,2024-03-10,baselinenowcast
2023-07-20,27,27,19,19,19,19,19,19,19,19,19,daily,2024-03-10,baselinenowcast
2023-07-21,15,15,5,5,5,5,5,5,5,5,5,daily,2024-03-10,baselinenowcast
2023-07-22,6,6,3,3,3,3,3,3,3,3,3,daily,2024-03-10,baselinenowcast
2023-07-23,10,10,5,5,5,5,5,5,5,5,5,daily,2024-03-10,baselinenowcast
2023-07-24,15,15,14,14,14,14,14,14,14,14,14,daily,2024-03-10,baselinenowcast
2023-07-25,23,23,16,16,16,16,16,16,16,16,16,daily,2024-03-10,baselinenowcast
2023-07-26,15,15,10,10,10,10,10,10,10,10,10,daily,2024-03-10,baselinenowcast
2023-07-27,25,25,13,13,13,13,13,13,13,13,13,daily,2024-03-10,baselinenowcast
2023-07-28,9,9,8,8,8,8,8,8,8,8,8,daily,2024-03-10,baselinenowcast
2023-07-29,8,8,4,4,4,4,4,4,4,4,4,daily,2024-03-10,baselinenowcast
2023-07-30,6,6,3,3,3,3,3,3,3,3,3,daily,2024-03-10,baselinenowcast
2023-07-31,14,14,8,8,8,8,8,8,8,8,8,daily,2024-03-10,baselinenowcast
2023-08-01,9,9,3,3,3,3,3,3,3,3,3,daily,2024-03-10,baselinenowcast
2023-08-02,12,12,8,8,8,8,8,8,8,8,8,daily,2024-03-10,baselinenowcast
2023-08-03,21,21,15,15,15,15,15,15,15,15,15,daily,2024-03-10,baselinenowcast
2023-08-04,2,2,2,2,2,2,2,2,2,2,2,daily,2024-03-10,baselinenowcast
2023-08-05,10,10,7,7,7,7,7,7,7,7,7,daily,2024-03-10,baselinenowcast
2023-08-06,5,5,3,3,3,3,3,3,3,3,3,daily,2024-03-10,baselinenowcast
2023-08-07,15,15,7,7,7,7,7,7,7,7,7,daily,2024-03-10,baselinenowcast
2023-08-08,26,26,20,20,20,20,20,20,20,20,20,daily,2024-03-10,baselinenowcast
2023-08-09,15,15,13,13,13,13,13,13,13,13,13,daily,2024-03-10,baselinenowcast
2023-08-10,14,14,7,7,7,7,7,7,7,7,7,daily,2024-03-10,baselinenowcast
2023-08-11,16,16,13,13,13,13,13,13,13,13,13,daily,2024-03-10,baselinenowcast
2023-08-12,8,8,5,5,5,5,5,5,5,5,5,daily,2024-03-10,baselinenowcast
2023-08-13,4,4,2,2,2,2,2,2,2,2,2,daily,2024-03-10,baselinenowcast
2023-08-14,22,22,14,14,14,14,14,14,14,14,14,daily,2024-03-10,baselinenowcast
2023-08-15,16,16,13,13,13,13,13,13,13,13,13,daily,2024-03-10,baselinenowcast
2023-08-16,8,8,6,6,6,6,6,6,6,6,6,daily,2024-03-10,baselinenowcast
2023-08-17,18,18,16,16,16,16,16,16,16,16,16,daily,2024-03-10,baselinenowcast
2023-08-18,17,17,14,14,14,14,14,14,14,14,14,daily,2024-03-10,baselinenowcast
2023-08-19,11,11,5,5,5,5,5,5,5,5,5,daily,2024-03-10,baselinenowcast
2023-08-20,7,7,2,2,2,2,2,2,2,2,2,daily,2024-03-10,baselinenowcast
2023-08-21,17,17,16,16,16,16,16,16,16,16,16,daily,2024-03-10,baselinenowcast
2023-08-22,11,11,7,7,7,7,7,7,7,7,7,daily,2024-03-10,baselinenowcast
2023-08-23,18,18,5,5,5,5,5,5,5,5,5,daily,2024-03-10,baselinenowcast
2023-08-24,10,10,7,7,7,7,7,7,7,7,7,daily,2024-03-10,baselinenowcast
2023-08-25,12,12,10,10,10,10,10,10,10,10,10,daily,2024-03-10,baselinenowcast
2023-08-26,15,15,13,13,13,13,13,13,13,13,13,daily,2024-03-10,baselinenowcast
2023-08-27,6,6,3,3,3,3,3,3,3,3,3,daily,2024-03-10,baselinenowcast
2023-08-28,3,3,2,2,2,2,2,2,2,2,2,daily,2024-03-10,baselinenowcast
2023-08-29,10,10,7,7,7,7,7,7,7,7,7,daily,2024-03-10,baselinenowcast
2023-08-30,17,17,15,15,15,15,15,15,15,15,15,daily,2024-03-10,baselinenowcast
2023-08-31,12,12,4,4,4,4,4,4,4,4,4,daily,2024-03-10,baselinenowcast
2023-09-01,8,8,3,3,3,3,3,3,3,3,3,daily,2024-03-10,baselinenowcast
2023-09-02,10,10,6,6,6,6,6,6,6,6,6,daily,2024-03-10,baselinenowcast
2023-09-03,7,7,1,1,1,1,1,1,1,1,1,daily,2024-03-10,baselinenowcast
2023-09-04,16,16,9,9,9,9,9,9,9,9,9,daily,2024-03-10,baselinenowcast
2023-09-05,9,9,5,5,5,5,5,5,5,5,5,daily,2024-03-10,baselinenowcast
2023-09-06,11,11,8,8,8,8,8,8,8,8,8,daily,2024-03-10,baselinenowcast
2023-09-07,15,15,3,3,3,3,3,3,3,3,3,daily,2024-03-10,baselinenowcast
2023-09-08,13,13,7,7,7,7,7,7,7,7,7,daily,2024-03-10,baselinenowcast
2023-09-09,13,13,10,10,10,10,10,10,10,10,10,daily,2024-03-10,baselinenowcast
2023-09-10,5,5,5,5,5,5,5,5,5,5,5,daily,2024-03-10,baselinenowcast
2023-09-11,18,18,11,11,11,11,11,11,11,11,11,daily,2024-03-10,baselinenowcast
2023-09-12,14,14,8,8,8,8,8,8,8,8,8,daily,2024-03-10,baselinenowcast
2023-09-13,11,11,7,7,7,7,7,7,7,7,7,daily,2024-03-10,baselinenowcast
2023-09-14,9,9,4,4,4,4,4,4,4,4,4,daily,2024-03-10,baselinenowcast
2023-09-15,17,17,6,6,6,6,6,6,6,6,6,daily,2024-03-10,baselinenowcast
2023-09-16,10,10,7,7,7,7,7,7,7,7,7,daily,2024-03-10,baselinenowcast
2023-09-17,4,4,4,4,4,4,4,4,4,4,4,daily,2024-03-10,baselinenowcast
2023-09-18,8,8,4,4,4,4,4,4,4,4,4,daily,2024-03-10,baselinenowcast
2023-09-19,13,13,11,11,11,11,11,11,11,11,11,daily,2024-03-10,baselinenowcast
2023-09-20,19,19,16,16,16,16,16,16,16,16,16,daily,2024-03-10,baselinenowcast
2023-09-21,8,8,2,2,2,2,2,2,2,2,2,daily,2024-03-10,baselinenowcast
2023-09-22,12,12,3,3,3,3,3,3,3,3,3,daily,2024-03-10,baselinenowcast
2023-09-23,11,11,10,10,10,10,10,10,10,10,10,daily,2024-03-10,baselinenowcast
2023-09-24,4,4,0,0,0,0,0,0,0,0,0,daily,2024-03-10,baselinenowcast
2023-09-25,4,4,2,2,2,2,2,2,2,2,2,daily,2024-03-10,baselinenowcast
2023-09-26,9,9,7,7,7,7,7,7,7,7,7,daily,2024-03-10,baselinenowcast
2023-09-27,6,6,3,3,3,3,3,3,3,3,3,daily,2024-03-10,baselinenowcast
2023-09-28,15,15,9,9,9,9,9,9,9,9,9,daily,2024-03-10,baselinenowcast
2023-09-29,7,7,4,4,4,4,4,4,4,4,4,daily,2024-03-10,baselinenowcast
2023-09-30,6,6,3,3,3,3,3,3,3,3,3,daily,2024-03-10,baselinenowcast
2023-10-01,7,7,0,0,0,0,0,0,0,0,0,daily,2024-03-10,baselinenowcast
2023-10-02,4,4,2,2,2,2,2,2,2,2,2,daily,2024-03-10,baselinenowcast
2023-10-03,6,6,5,5,5,5,5,5,5,5,5,daily,2024-03-10,baselinenowcast
2023-10-04,3,3,0,0,0,0,0,0,0,0,0,daily,2024-03-10,baselinenowcast
2023-10-05,10,10,6,6,6,6,6,6,6,6,6,daily,2024-03-10,baselinenowcast
2023-10-06,12,12,3,3,3,3,3,3,3,3,3,daily,2024-03-10,baselinenowcast
2023-10-07,3,3,1,1,1,1,1,1,1,1,1,daily,2024-03-10,baselinenowcast
2023-10-08,19,19,8,8,8,8,8,8,8,8,8,daily,2024-03-10,baselinenowcast
2023-10-09,21,21,9,9,9,9,9,9,9,9,9,daily,2024-03-10,baselinenowcast
2023-10-10,8,8,4,4,4,4,4,4,4,4,4,daily,2024-03-10,baselinenowcast
2023-10-11,9,9,5,5,5,5,5,5,5,5,5,daily,2024-03-10,baselinenowcast
2023-10-12,15,15,8,8,8,8,8,8,8,8,8,daily,2024-03-10,baselinenowcast
2023-10-13,17,17,12,12,12,12,12,12,12,12,12,daily,2024-03-10,baselinenowcast
2023-10-14,5,5,3,3,3,3,3,3,3,3,3,daily,2024-03-10,baselinenowcast
2023-10-15,14,14,8,8,8,8,8,8,8,8,8,daily,2024-03-10,baselinenowcast
2023-10-16,14,14,10,10,10,10,10,10,10,10,10,daily,2024-03-10,baselinenowcast
2023-10-17,17,17,15,15,15,15,15,15,15,15,15,daily,2024-03-10,baselinenowcast
2023-10-18,17,17,10,10,10,10,10,10,10,10,10,daily,2024-03-10,baselinenowcast
2023-10-19,16,16,7,7,7,7,7,7,7,7,7,daily,2024-03-10,baselinenowcast
2023-10-20,18,18,7,7,7,7,7,7,7,7,7,daily,2024-03-10,baselinenowcast
2023-10-21,14,14,4,4,4,4,4,4,4,4,4,daily,2024-03-10,baselinenowcast
2023-10-22,7,7,1,1,1,1,1,1,1,1,1,daily,2024-03-10,baselinenowcast
2023-10-23,12,12,10,10,10,10,10,10,10,10,10,daily,2024-03-10,baselinenowcast
2023-10-24,15,15,12,12,12,12,12,12,12,12,12,daily,2024-03-10,baselinenowcast
2023-10-25,17,17,10,10,10,10,10,10,10,10,10,daily,2024-03-10,baselinenowcast
2023-10-26,16,16,11,11,11,11,11,11,11,11,11,daily,2024-03-10,baselinenowcast
2023-10-27,10,10,7,7,7,7,7,7,7,7,7,daily,2024-03-10,baselinenowcast
2023-10-28,9,9,4,4,4,4,4,4,4,4,4,daily,2024-03-10,baselinenowcast
2023-10-29,7,7,1,1,1,1,1,1,1,1,1,daily,2024-03-10,baselinenowcast
2023-10-30,16,16,10,10,10,10,10,10,10,10,10,daily,2024-03-10,baselinenowcast
2023-10-31,8,8,6,6,6,6,6,6,6,6,6,daily,2024-03-10,baselinenowcast
2023-11-01,12,12,7,7,7,7,7,7,7,7,7,daily,2024-03-10,baselinenowcast
2023-11-02,27,27,13,13,13,13,13,13,13,13,13,daily,2024-03-10,baselinenowcast
2023-11-03,18,18,12,12,12,12,12,12,12,12,12,daily,2024-03-10,baselinenowcast
2023-11-04,13,13,1,1,1,1,1,1,1,1,1,daily,2024-03-10,baselinenowcast
2023-11-05,9,9,6,6,6,6,6,6,6,6,6,daily,2024-03-10,baselinenowcast
2023-11-06,23,23,13,13,13,13,13,13,13,13,13,daily,2024-03-10,baselinenowcast
2023-11-07,13,13,11,11,11,11,11,11,11,11,11,daily,2024-03-10,baselinenowcast
2023-11-08,7,7,5,5,5,5,5,5,5,5,5,daily,2024-03-10,baselinenowcast
2023-11-09,20,20,11,11,11,11,11,11,11,11,11,daily,2024-03-10,baselinenowcast
2023-11-10,19,19,16,16,16,16,16,16,16,16,16,daily,2024-03-10,baselinenowcast
2023-11-11,12,12,10,10,10,10,10,10,10,10,10,daily,2024-03-10,baselinenowcast
2023-11-12,14,14,8,8,8,8,8,8,8,8,8,daily,2024-03-10,baselinenowcast
2023-11-13,21,21,18,18,18,18,18,18,18,18,18,daily,2024-03-10,baselinenowcast
2023-11-14,14,14,11,11,11,11,11,11,11,11,11,daily,2024-03-10,baselinenowcast
2023-11-15,15,15,12,12,12,12,12,12,12,12,12,daily,2024-03-10,baselinenowcast
2023-11-16,21,21,15,15,15,15,15,15,15,15,15,daily,2024-03-10,baselinenowcast
2023-11-17,15,15,14,14,14,14,14,14,14,14,14,daily,2024-03-10,baselinenowcast
2023-11-18,14,14,8,8,8,8,8,8,8,8,8,daily,2024-03-10,baselinenowcast
2023-11-19,17,17,13,13,13,13,13,13,13,13,13,daily,2024-03-10,baselinenowcast
2023-11-20,29,29,25,25,25,25,25,25,25,25,25,daily,2024-03-10,baselinenowcast
2023-11-21,20,20,18,18,18,18,18,18,18,18,18,daily,2024-03-10,baselinenowcast
2023-11-22,19,19,17,17,17,17,17,17,17,17,17,daily,2024-03-10,baselinenowcast
2023-11-23,10,10,9,9,9,9,9,9,9,9,9,daily,2024-03-10,baselinenowcast
2023-11-24,17,17,10,10,10,10,10,10,10,10,10,daily,2024-03-10,baselinenowcast
2023-11-25,7,7,5,5,5,5,5,5,5,5,5,daily,2024-03-10,baselinenowcast
2023-11-26,10,10,8,8,8,8,8,8,8,8,8,daily,2024-03-10,baselinenowcast
2023-11-27,27,27,24,24,24,24,24,24,24,24,24,daily,2024-03-10,baselinenowcast
2023-11-28,25,25,23,23,23,23,23,23,23,23,23,daily,2024-03-10,baselinenowcast
2023-11-29,17,17,15,15,15,15,15,15,15,15,15,daily,2024-03-10,baselinenowcast
2023-11-30,20,20,16,16,16,16,16,16,16,16,16,daily,2024-03-10,baselinenowcast
2023-12-01,20,20,14,14,14,14,14,14,14,14,14,daily,2024-03-10,baselinenowcast
2023-12-02,22,22,17,17,17,17,17,17,17,17,17,daily,2024-03-10,baselinenowcast
2023-12-03,23,23,16,16,16,16,16,16,16,16,16,daily,2024-03-10,baselinenowcast
2023-12-04,39,39,35,35,35,35,35,35,35,35,35,daily,2024-03-10,baselinenowcast
2023-12-05,47,47,46,46,46,46,46,46,46,46,46,daily,2024-03-10,baselinenowcast
2023-12-06,44,44,41,41,41,41,41,41,41,41,41,daily,2024-03-10,baselinenowcast
2023-12-07,50,50,44,44,44,44,44,44,44,44,44,daily,2024-03-10,baselinenowcast
2023-12-08,37,37,30,30,30,30,30,30,30,30,30,daily,2024-03-10,baselinenowcast
2023-12-09,30,30,24,24,24,24,24,24,24,24,24,daily,2024-03-10,baselinenowcast
2023-12-10,23,23,18,18,18,18,18,18,18,18,18,daily,2024-03-10,baselinenowcast
2023-12-11,52,52,46,46,46,46,46,46,46,46,46,daily,2024-03-10,baselinenowcast
2023-12-12,31,31,29,29,29,29,29,29,29,29,29,daily,2024-03-10,baselinenowcast
2023-12-13,36,36,33,33,33,33,33,33,33,33,33,daily,2024-03-10,baselinenowcast
2023-12-14,34,34,30,30,30,30,30,30,30,30,30,daily,2024-03-10,baselinenowcast
2023-12-15,41,41,40,40,40,40,40,40,40,40,40,daily,2024-03-10,baselinenowcast
2023-12-16,29,29,26,26,26,26,26,26,26,26,26,daily,2024-03-10,baselinenowcast
2023-12-17,26,26,26,26,26,26,26,26,26,26,26,daily,2024-03-10,baselinenowcast
2023-12-18,56,56,50,50,50,50,50,50,50,50,50,daily,2024-03-10,baselinenowcast
2023-12-19,33,33,27,27,27,27,27,27,27,27,27,daily,2024-03-10,baselinenowcast
2023-12-20,47,47,43,43,43,43,43,43,43,43,43,daily,2024-03-10,baselinenowcast
2023-12-21,36,36,31,31,31,31,31,31,31,31,31,daily,2024-03-10,baselinenowcast
2023-12-22,37,37,29,29,29,29,29,29,29,29,29,daily,2024-03-10,baselinenowcast
2023-12-23,24,24,20,20,20,20,20,20,20,20,20,daily,2024-03-10,baselinenowcast
2023-12-24,27,27,22,22,22,22,22,22,22,22,22,daily,2024-03-10,baselinenowcast
2023-12-25,18,18,14,14,14,14,14,14,14,14,14,daily,2024-03-10,baselinenowcast
2023-12-26,25,25,19,19,19,19,19,19,19,19,19,daily,2024-03-10,baselinenowcast
2023-12-27,27,27,25,25,25,25,25,25,25,25,25,daily,2024-03-10,baselinenowcast
2023-12-28,34,34,31,31,31,31,31,31,31,31,31,daily,2024-03-10,baselinenowcast
2023-12-29,65,65,62,62,62,62,62,62,62,62,62,daily,2024-03-10,baselinenowcast
2023-12-30,18,18,11,11,11,11,11,11,11,11,11,daily,2024-03-10,baselinenowcast
2023-12-31,29,29,23,23,23,23,23,23,23,23,23,daily,2024-03-10,baselinenowcast
2024-01-01,20,20,19,19,19,19,19,19,19,19,19,daily,2024-03-10,baselinenowcast
2024-01-02,40,40,35,35,35,35,35,35,35,35,35,daily,2024-03-10,baselinenowcast
2024-01-03,58,58,51,51,51,51,51,51,51,51,51,daily,2024-03-10,baselinenowcast
2024-01-04,45,45,39,39,39,39,39,39,39,39,39,daily,2024-03-10,baselinenowcast
2024-01-05,21,21,20,20,20,20,20,20,20,20,20,daily,2024-03-10,baselinenowcast
2024-01-06,34,34,32,32,32,32,32,32,32,32,32,daily,2024-03-10,baselinenowcast
2024-01-07,28,28,23,23,23,23,23,23,23,23,23,daily,2024-03-10,baselinenowcast
2024-01-08,34,34,29,29,29,29,29,29,29,29,29,daily,2024-03-10,baselinenowcast
2024-01-09,23,23,17,17,17,17,17,17,17,17,17,daily,2024-03-10,baselinenowcast
2024-01-10,31,31,26,26,26,26,26,26,26,26,26,daily,2024-03-10,baselinenowcast
2024-01-11,39,39,34,34,34,34,34,34,34,34,34,daily,2024-03-10,baselinenowcast
2024-01-12,45,45,40,40,40,40,40,40,40,40,40,daily,2024-03-10,baselinenowcast
2024-01-13,32,32,29,29,29,29,29,29,29,29,29,daily,2024-03-10,baselinenowcast
2024-01-14,17,17,14,14,14,14,14,14,14,14,14,daily,2024-03-10,baselinenowcast
2024-01-15,41,41,39,39,39,39,39,39,39,39,39,daily,2024-03-10,baselinenowcast
2024-01-16,48,48,44,44,44,44,44,44,44,44,44,daily,2024-03-10,baselinenowcast
2024-01-17,54,54,52,52,52,52,52,52,52,52,52,daily,2024-03-10,baselinenowcast
2024-01-18,35,35,30,30,30,30,30,30,30,30,30,daily,2024-03-10,baselinenowcast
2024-01-19,41,41,36,36,36,36,36,36,36,36,36,daily,2024-03-10,baselinenowcast
2024-01-20,35,35,28,28,28,28,28,28,28,28,28,daily,2024-03-10,baselinenowcast
2024-01-21,27,28,26,26,26,26,26,26,26,26,26,daily,2024-03-10,baselinenowcast
2024-01-22,61,61,61,61,61,61,61,61,61,61,61,daily,2024-03-10,baselinenowcast
2024-01-23,38,39,33,33,33,33,33,33,33,33,33,daily,2024-03-10,baselinenowcast
2024-01-24,58,58,54,54,54,54,54,54,54,54,54,daily,2024-03-10,baselinenowcast
2024-01-25,38,41,37,37,37,37,37,37,37,37,37,daily,2024-03-10,baselinenowcast
2024-01-26,33,33,32,32,32,32,32,32,32,32,32,daily,2024-03-10,baselinenowcast
2024-01-27,27,29,24,24,24,24,24,24,24,24,24,daily,2024-03-10,baselinenowcast
2024-01-28,33,35,30,30,30,30,30,30,30,30,30,daily,2024-03-10,baselinenowcast
2024-01-29,46,46,40,40,40,40,40,40,40,40,40,daily,2024-03-10,baselinenowcast
2024-01-30,46,46,42,42,42,42,42,42,42,42,42,daily,2024-03-10,baselinenowcast
2024-01-31,41,41,36,36,36,36,36,36,36,36,36,daily,2024-03-10,baselinenowcast
2024-02-01,38,38,38,38,38,38,38,38,38,38,38,daily,2024-03-10,baselinenowcast
2024-02-02,36,36,36,36,36,36,36,36,36,36,36,daily,2024-03-10,baselinenowcast
2024-02-03,39,39,32,32,32,32,32,32,32,32,32,daily,2024-03-10,baselinenowcast
2024-02-04,27,31,23,23,23,23,23,23,23,23,23,daily,2024-03-10,baselinenowcast
2024-02-05,33,35,32,32,32,32,32,32,32,32,32,daily,2024-03-10,baselinenowcast
2024-02-06,27,27,24,24,24,24,24,24,24,24,24,daily,2024-03-10,baselinenowcast
2024-02-07,33,33,33,33,33,33,33,33,33,33,33,daily,2024-03-10,baselinenowcast
2024-02-08,28,28,27,27,27,27,27,27,27,27,27,daily,2024-03-10,baselinenowcast
2024-02-09,43,44,37,37,37,37,37,37,37,37,37,daily,2024-03-10,baselinenowcast
2024-02-10,18,18,17,17,17,17,17,17,17,17,17,daily,2024-03-10,baselinenowcast
2024-02-11,38,40,34,34,34,34,34,34,34,34,34,daily,2024-03-10,baselinenowcast
2024-02-12,43,43,38,38,38,38,38,38,38,38,38,daily,2024-03-10,baselinenowcast
2024-02-13,34,37,33,33,33,33,33,33,33,33,33,daily,2024-03-10,baselinenowcast
2024-02-14,41,42,39,39,39,39,39,39,39,39,39,daily,2024-03-10,baselinenowcast
2024-02-15,44,44,43,43,43,43,43,43,43,43,43,daily,2024-03-10,baselinenowcast
2024-02-16,33,33,33,33,33,33,33,33,33,33,33,daily,2024-03-10,baselinenowcast
2024-02-17,27,27,27,27,27,27,27,27,27,27,27,daily,2024-03-10,baselinenowcast
2024-02-18,26,27,26,26,26,26,26,26,26,26,26,daily,2024-03-10,baselinenowcast
2024-02-19,45,49,41,41,41,41,41,41,41,41,41,daily,2024-03-10,baselinenowcast
2024-02-20,22,24,22,22,22,22,22,22,22,22,22,daily,2024-03-10,baselinenowcast
2024-02-21,44,44,43,43,43,43,43,43,43,43,43,daily,2024-03-10,baselinenowcast
2024-02-22,42,44,42,42,42,42,42,42,42,42,42,daily,2024-03-10,baselinenowcast
2024-02-23,23,28,23,23,23,23,23,23,23,23,23,daily,2024-03-10,baselinenowcast
2024-02-24,25,25,25,25,25,25,25,25,25,25,25,daily,2024-03-10,baselinenowcast
2024-02-25,15,16,15,15,15,15,15,15,15,15,15,daily,2024-03-10,baselinenowcast
2024-02-26,28,28,28,28,30,28,30,28,28,28,28,daily,2024-03-10,baselinenowcast
2024-02-27,40,40,40,40,44,40,45,40,41,40,42,daily,2024-03-10,baselinenowcast
2024-02-28,32,34,32,32,35,32,36,32,33,32,34,daily,2024-03-10,baselinenowcast
2024-02-29,38,38,39,38,41,38,42,38,40,38,40,daily,2024-03-10,baselinenowcast
2024-03-01,43,43,44,43,48,43,49,43,45,43,46,daily,2024-03-10,baselinenowcast
2024-03-02,24,25,25,24,27,24,28,24,26,24,26,daily,2024-03-10,baselinenowcast
2024-03-03,37,37,38,37,42,37,43,37,40,37,40,daily,2024-03-10,baselinenowcast
2024-03-04,66,68,70,67,75,66,76,68,72,68,73,daily,2024-03-10,baselinenowcast
2024-03-05,29,30,31,29,35,29,36,30,33,30,33,daily,2024-03-10,baselinenowcast
2024-03-06,29,29,32,29,38,29,40,31,34,30,35,daily,2024-03-10,baselinenowcast
2024-03-07,37,45,43,38,53,38,54,41,47,40,48,daily,2024-03-10,baselinenowcast
2024-03-08,29,39,38,31,54,30,59,34,44,33,46,daily,2024-03-10,baselinenowcast
2024-03-09,10,30,25,13,50,12,59.049999999999955,18,33,16,37.16999999999996,daily,2024-03-10,baselinenowcast
2024-03-10,0,39,14,1,51.049999999999955,1,61,7,25.25,5,33,daily,2024-03-10,baselinenowcast
